System,DF Activated,FountainType,FountainCount,Painted,Filter Installed,Position,Outdoor,GISPropNum,PropertyName,OMPPropID,SubPropertyName,ParkDistrict,Borough,AMPSID,AMPSClass,AMPSStatus,AMPSParentID,AMPSName,CommunityBoard,CouncilDistrict,Precinct,ZIPCode
B001-DF0207,Activated,A,1,TRUE,FALSE,"Under Tree, In Playground",TRUE,B001,American Playground,B001,,B-01,B,"100,037,676",DRINKFTN,D,B001,A-American Playground,301,33,94,11222
B002-DF0731,Broken,E,1,TRUE,FALSE,Out in Open,TRUE,B002,Amersfort Park,B002,,B-18,B,"100,039,159",DRINKFTN,I,B002,E-Amersfort Park,318,45,63,11210
B002-DF0732,Broken,E,1,TRUE,FALSE,"Under Tree, Out in Open",TRUE,B002,Amersfort Park,B002,,B-18,B,"100,039,177",DRINKFTN,I,B002,E-Amersfort Park,318,45,63,11210
B007-DF0754,UnderConstruction,CS Metal,1,FALSE,FALSE,In Shade,TRUE,B007,Bensonhurst Park,B007,,B-11,B,"100,039,198",DRINKFTN,I,B007,CS Metal-Bensonhurst Park,311,43,62,11214
B007-DF0756,UnderConstruction,A,1,TRUE,TRUE,"Out in Open, In Playground",TRUE,B007,Bensonhurst Park,B007-01,Bensonhurst Park Playground,B-11,B,"100,039,249",DRINKFTN,I,B007-01,A-Bensonhurst Park-Bensonhurst Park Playground,311,43,62,11214
B007-DF0757,UnderConstruction,A,1,TRUE,TRUE,"Near Ballfield, Out in Open",TRUE,B007,Bensonhurst Park,B007,,B-11,B,"100,039,244",DRINKFTN,I,B007,A-Bensonhurst Park,311,43,62,11214
B007-DF0765,Broken,A,1,TRUE,FALSE,Out in Open,TRUE,B007,Bensonhurst Park,B007,,B-11,B,"100,039,304",DRINKFTN,I,B007,A-Bensonhurst Park,311,43,62,11214
B007-DF0766,UnderConstruction,A,1,TRUE,TRUE,"Near Ballfield, Out in Open",TRUE,B007,Bensonhurst Park,B007,,B-11,B,"100,039,306",DRINKFTN,I,B007,A-Bensonhurst Park,311,43,62,11214
B007-DF0767,Broken,A,1,TRUE,FALSE,Out in Open,TRUE,B007,Bensonhurst Park,B007,,B-11,B,"100,039,333",DRINKFTN,I,B007,A-Bensonhurst Park,311,43,62,11214
B008-DF0018,Activated,F High Low,2,TRUE,FALSE,Just Outside Playground,TRUE,B008,Betsy Head Park,B008-03,Imagination Playground at Betsy Head,B-16,B,"100,037,440",DRINKFTN,I,B008-03,F High Low-Betsy Head Park-Imagination Playground at Betsy Head,316,41,73,11212
B008-DF0022,Activated,F High Low,2,TRUE,FALSE,Out in Open,TRUE,B008,Betsy Head Park,B008-03,Imagination Playground at Betsy Head,B-16,B,"100,037,432",DRINKFTN,I,B008-03,F High Low-Betsy Head Park-Imagination Playground at Betsy Head,316,41,73,11212
B008-DF0133,Broken,A,1,TRUE,FALSE,Near Ballfield,TRUE,B008,Betsy Head Park,B008,,B-16,B,"100,037,575",DRINKFTN,I,B008,A-Betsy Head Park,316,41,73,11212
B008-DF0136,Broken,A,1,TRUE,FALSE,"Under Tree, In Shade",TRUE,B008,Betsy Head Park,B008,,B-16,B,"100,037,571",DRINKFTN,I,B008,A-Betsy Head Park,316,41,73,11212
B008-DF0137,Broken,A,1,TRUE,FALSE,Near Ballfield,TRUE,B008,Betsy Head Park,B008,,B-16,B,"100,037,493",DRINKFTN,I,B008,A-Betsy Head Park,316,41,73,11212
B008-DF0139,Activated,A,1,TRUE,FALSE,Out in Open,TRUE,B008,Betsy Head Park,B008,,B-16,B,"100,037,565",DRINKFTN,I,B008,A-Betsy Head Park,316,41,73,11212
B008-DF0140,Activated,D,1,TRUE,TRUE,Out in Open,TRUE,B008,Betsy Head Park,B008,,B-16,B,"100,037,498",DRINKFTN,I,B008,D-Betsy Head Park,316,41,73,11212
B008-DF0141,Activated,A,1,TRUE,FALSE,Out in Open,TRUE,B008,Betsy Head Park,B008,,B-16,B,"100,037,522",DRINKFTN,I,B008,A-Betsy Head Park,316,41,73,11212
B008-DF1027,Activated,Indoor Drinking Fountain,1,,FALSE,Indoor,FALSE,B008,Betsy Head Park,B008,,B-16,B,"100,042,935",DRINKFTN,I,B008-BLG1187,Indoor Fountain-Betsy Head Park-Field House,316,41,73,11212
B008-DF1037,Activated,Indoor Drinking Fountain,1,,FALSE,Indoor,FALSE,B008,Betsy Head Park,B008,,B-16,B,"100,042,964",DRINKFTN,I,B008-BLG1187,Indoor Drinking Fountain-Betsy Head Park-Field House,316,41,73,11212
B010-DF0637,NotYetActivated,A,1,FALSE,FALSE,,TRUE,B010,Brooklyn Botanic Garden,B010,,B-19,B,"100,038,852",DRINKFTN,I,B010,A-Brooklyn Botanic Garden,355,35,78,11238
B010-DF0980,NotYetActivated,E High Low,2,,FALSE,,TRUE,B010,Brooklyn Botanic Garden,B010,,B-19,B,"100,042,941",DRINKFTN,I,B010,E High Low-Brooklyn Botanic Garden,355,35,78,11238
B010-DF0984,NotYetActivated,E,1,,FALSE,,TRUE,B010,Brooklyn Botanic Garden,B010,,B-19,B,"100,042,972",DRINKFTN,I,B010,E-Brooklyn Botanic Garden,355,35,78,11238
B010-DF0985,NotYetActivated,E,1,,FALSE,,TRUE,B010,Brooklyn Botanic Garden,B010,,B-19,B,"100,042,952",DRINKFTN,I,B010,E-Brooklyn Botanic Garden,355,35,78,11238
B010-DF0986,NotYetActivated,E,1,,FALSE,,TRUE,B010,Brooklyn Botanic Garden,B010,,B-19,B,"100,042,977",DRINKFTN,I,B010,E-Brooklyn Botanic Garden,355,35,78,11238
B012-DF0463,Activated,C,1,TRUE,FALSE,"Under Tree, In Playground",TRUE,B012,Brower Park,B012-03,Brower Park,B-08,B,"100,038,054",DRINKFTN,I,B012-03,C-Brower Park-Brower Park,308,36,77,11213
B012-DF0466,Activated,C,1,TRUE,TRUE,Out in Open,TRUE,B012,Brower Park,B012,,B-08,B,"100,037,997",DRINKFTN,I,B012,C-Brower Park,308,36,77,11213
B016-DF0012,Broken,C,1,FALSE,FALSE,In Playground,TRUE,B016,Maria Hernandez Park,B016-01,Maria Hernandez Park Playground,B-04,B,"100,037,431",DRINKFTN,I,B016-01,C-Maria Hernandez Park-Maria Hernandez Park Playground,304,34,83,11237
B016-DF0013,Activated,E,1,TRUE,FALSE,Out in Open,TRUE,B016,Maria Hernandez Park,B016,,B-04,B,"100,037,411",DRINKFTN,I,B016,E-Maria Hernandez Park,304,34,83,11237
B016-DF0014,Activated,E High Low,2,TRUE,FALSE,Out in Open,TRUE,B016,Maria Hernandez Park,B016,,B-04,B,"100,037,428",DRINKFTN,I,B016,E High Low-Maria Hernandez Park,304,34,83,11237
B016-DF0015,Activated,A,1,TRUE,FALSE,Near Ballfield,TRUE,B016,Maria Hernandez Park,B016-02,Maria Hernandez Park,B-04,B,"100,037,408",DRINKFTN,I,B016-02,A-Maria Hernandez Park-Maria Hernandez Park,304,34,83,11237
B016-DF0016,Activated,E and Dog,2,TRUE,TRUE,Out in Open,TRUE,B016,Maria Hernandez Park,B016,,B-04,B,"100,037,425",DRINKFTN,I,B016,E and Dog-Maria Hernandez Park,304,34,83,11237
B016-DF0017,Activated,E and Dog,2,TRUE,TRUE,Out in Open,TRUE,B016,Maria Hernandez Park,B016,,B-04,B,"100,037,405",DRINKFTN,I,B016,E and Dog-Maria Hernandez Park,304,34,83,11237
B017-DF0043,Activated,A,1,TRUE,FALSE,"Out in Open, Near Ballfield",TRUE,B017,Bushwick Playground,B017,,B-04,B,"100,037,458",DRINKFTN,I,B017,A-Bushwick Playground,304,37,83,11237
B017-DF0044,Activated,A,1,TRUE,FALSE,"Out in Open, Near Ballfield",TRUE,B017,Bushwick Playground,B017,,B-04,B,"100,037,479",DRINKFTN,I,B017,A-Bushwick Playground,304,37,83,11237
B017-DF0045,Activated,A,1,TRUE,FALSE,"Just Outside Playground, Near Ballfield",TRUE,B017,Bushwick Playground,B017,,B-04,B,"100,037,455",DRINKFTN,I,B017,A-Bushwick Playground,304,37,83,11237
B017-DF0046,Activated,C,1,FALSE,FALSE,"Under Tree, In Shade, Out in Open, Near Ballfield, Just Outside Playground",TRUE,B017,Bushwick Playground,B017,,B-04,B,"100,037,476",DRINKFTN,I,B017,C-Bushwick Playground,304,37,83,11237
B017-DF0047,Activated,C,1,FALSE,FALSE,"Under Tree, In Shade, Out in Open, In Playground",TRUE,B017,Bushwick Playground,B017,,B-04,B,"100,037,452",DRINKFTN,I,B017,C-Bushwick Playground,304,37,83,11237
B017-DF0048,Activated,C,1,FALSE,FALSE,"Out in Open, Just Outside Playground",TRUE,B017,Bushwick Playground,B017,,B-04,B,"100,037,488",DRINKFTN,I,B017,C-Bushwick Playground,304,37,83,11237
B018-DF0200,Activated,E and Dog,2,TRUE,FALSE,Out in Open,TRUE,B018,Canarsie Park,B018-ZN02,Canarsie Park Zone 2,B-18,B,"100,037,613",DRINKFTN,I,B018-ZN02,E and Dog-Canarsie Park-Canarsie Park Zone 2,318,46,69,11236
B018-DF0807,Activated,H,1,TRUE,FALSE,"Near Ballfield, Out in Open",TRUE,B018,Canarsie Park,B018-ZN01,Canarsie Park Zone 1,B-18,B,"100,039,887",DRINKFTN,I,B018-ZN01,H-Canarsie Park-Canarsie Park Zone 1,318,46,69,11236
B018-DF0808,Activated,A,1,TRUE,FALSE,"Near Ballfield, Under Tree",TRUE,B018,Canarsie Park,B018-ZN01,Canarsie Park Zone 1,B-18,B,"100,039,811",DRINKFTN,I,B018-ZN01,A-Canarsie Park-Canarsie Park Zone 1,318,46,69,11236
B018-DF0809,Activated,H,1,TRUE,FALSE,"Near Ballfield, Out in Open",TRUE,B018,Canarsie Park,B018-ZN01,Canarsie Park Zone 1,B-18,B,"100,039,792",DRINKFTN,I,B018-ZN01,H-Canarsie Park-Canarsie Park Zone 1,318,46,69,11236
B018-DF0810,Activated,A,1,TRUE,FALSE,"Out in Open, Near Ballfield",TRUE,B018,Canarsie Park,B018-ZN01,Canarsie Park Zone 1,B-18,B,"100,039,808",DRINKFTN,I,B018-ZN01,A-Canarsie Park-Canarsie Park Zone 1,318,46,69,11236
B018-DF0811,Activated,D,1,FALSE,FALSE,"Out in Open, In Playground",TRUE,B018,Canarsie Park,B018-01,Dinapoli Plgd,B-18,B,"100,039,834",DRINKFTN,I,B018-01,D-Canarsie Park-Dinapoli Plgd,318,46,69,11236
B018-DF0812,Activated,A,1,FALSE,FALSE,"Out in Open, In Playground",TRUE,B018,Canarsie Park,B018-01,Dinapoli Plgd,B-18,B,"100,039,859",DRINKFTN,I,B018-01,A-Canarsie Park-Dinapoli Plgd,318,46,69,11236
B018-DF0813,Activated,A,1,FALSE,FALSE,"In Playground, Out in Open",TRUE,B018,Canarsie Park,B018-01,Dinapoli Plgd,B-18,B,"100,039,862",DRINKFTN,I,B018-01,A-Canarsie Park-Dinapoli Plgd,318,46,69,11236
B018-DF0814,Broken,A,1,TRUE,FALSE,"Near Ballfield, Out in Open",TRUE,B018,Canarsie Park,B018-ZN01,Canarsie Park Zone 1,B-18,B,"100,039,885",DRINKFTN,I,B018-ZN01,A-Canarsie Park-Canarsie Park Zone 1,318,46,69,11236
B018-DF0815,Broken,A,1,TRUE,FALSE,"Out in Open, Near Ballfield",TRUE,B018,Canarsie Park,B018-ZN01,Canarsie Park Zone 1,B-18,B,"100,039,809",DRINKFTN,I,B018-ZN01,A-Canarsie Park-Canarsie Park Zone 1,318,46,69,11236
B018-DF0816,Activated,C,1,FALSE,FALSE,"In Playground, Out in Open",TRUE,B018,Canarsie Park,B018-02,Canarsie Playground,B-18,B,"100,039,836",DRINKFTN,I,B018-02,C-Canarsie Park-Canarsie Playground,318,46,69,11236
B018-DF0817,Activated,C,1,FALSE,FALSE,"Out in Open, Near Ballfield",TRUE,B018,Canarsie Park,B018-ZN02,Canarsie Park Zone 2,B-18,B,"100,039,874",DRINKFTN,I,B018-ZN02,C-Canarsie Park-Canarsie Park Zone 2,318,46,69,11236
B018-DF1058,Activated,Indoor Drinking Fountain,1,,FALSE,Indoor,FALSE,B018,Canarsie Park,B018-ZN01,Canarsie Park Zone 1,B-18,B,"100,042,957",DRINKFTN,I,B018-BLG1203,Indoor Drinking Fountain-Canarsie Park-Comfort Station,318,46,69,11236
B018-DF1121,Activated,Indoor Drinking Fountain,1,,FALSE,Indoor,FALSE,B018,Canarsie Park,B018-ZN01,Canarsie Park Zone 1,B-18,B,"100,042,936",DRINKFTN,I,B018-BLG1203,Indoor Drinking Fountain-Canarsie Park-Comfort Station,318,46,69,11236
B019-DF0242,Activated,A,1,FALSE,FALSE,In Playground,TRUE,B019,Carroll Park,B019,,B-06,B,"100,037,600",DRINKFTN,I,B019,A-Carroll Park,306,39,76,11231
B019-DF0243,Activated,A,1,FALSE,FALSE,In Playground,TRUE,B019,Carroll Park,B019,,B-06,B,"100,037,625",DRINKFTN,I,B019,A-Carroll Park,306,39,76,11231
B019-DF0245,Activated,C,1,FALSE,FALSE,"Near Ballfield, In Playground",TRUE,B019,Carroll Park,B019,,B-06,B,"100,037,654",DRINKFTN,I,B019,C-Carroll Park,306,39,76,11231
B021-DF0227,Activated,A,1,TRUE,TRUE,"Under Tree, Just Outside Playground, Out in Open",TRUE,B021,Commodore Barry Park,B021,,B-02,B,"100,037,597",DRINKFTN,I,B021,A-Commodore Barry Park,302,35,88,11201
B021-DF0228,Activated,F,1,TRUE,FALSE,"Out in Open, Near Ballfield, Just Outside Playground",TRUE,B021,Commodore Barry Park,B021,,B-02,B,"100,037,620",DRINKFTN,I,B021,F-Commodore Barry Park,302,35,88,11201
B021-DF0230,Activated,F,1,TRUE,FALSE,Out in Open,TRUE,B021,Commodore Barry Park,B021,,B-02,B,"100,037,593",DRINKFTN,I,B021,F-Commodore Barry Park,302,35,88,11201
B021-DF0733,Activated,A,1,TRUE,FALSE,"In Playground, Under Tree",TRUE,B021,Commodore Barry Park,B021-01,Commodore Barry Park Playground,B-02,B,"100,039,103",DRINKFTN,I,B021-01,A-Commodore Barry Park-Commodore Barry Park Playground,302,35,88,11201
B021-DF0734,Activated,A,1,TRUE,FALSE,"Under Tree, Just Outside Playground",TRUE,B021,Commodore Barry Park,B021,,B-02,B,"100,039,140",DRINKFTN,I,B021,A-Commodore Barry Park,302,35,88,11201
B021-DF0735,Activated,A,1,TRUE,TRUE,Near Ballfield,TRUE,B021,Commodore Barry Park,B021,,B-02,B,"100,039,104",DRINKFTN,I,B021,A-Commodore Barry Park,302,35,88,11201
B021-DF1081,NotYetActivated,Indoor Drinking Fountain,1,,TRUE,Indoor,FALSE,B021,Commodore Barry Park,B021,,B-02,B,"100,042,342",DRINKFTN,I,B021-BLG1003,Indoor Drinking Fountain-Commodore Barry Park-Women's Bathhouse,302,35,88,11201
B021-DF1112,NotYetActivated,Indoor Drinking Fountain,1,,TRUE,Indoor,FALSE,B021,Commodore Barry Park,B021,,B-02,B,"100,042,346",DRINKFTN,I,B021-BLG1004,Indoor Drinking Fountain-Commodore Barry Park-Men's Bathhouse,302,35,88,11201
B021-DF1129,Activated,Slop Sink,1,,FALSE,Indoor,FALSE,B021,Commodore Barry Park,B021,,B-02,B,"100,042,486",DRINKFTN,I,B021-BLG1003,Slop Sink-Commodore Barry Park-Women's Bathhouse,302,35,88,11201
B021-DF1131,Activated,Slop Sink,1,,FALSE,Indoor,FALSE,B021,Commodore Barry Park,B021,,B-02,B,"100,042,467",DRINKFTN,I,B021-BLG1004,Slop Sink-Commodore Barry Park-Men's Bathouse,302,35,88,11201
B022-DF0481,Activated,C,1,FALSE,FALSE,Just Outside Playground,TRUE,B022,Middleton Playground,B022,,B-01,B,"100,038,158",DRINKFTN,I,B022,C-Middleton Playground,301,33,90,11206
B023-DF0979,Activated,D,1,,FALSE,,TRUE,B023,Lafayette Playground,B023,,B-03,B,"100,042,954",DRINKFTN,I,B023,D-Lafayette Playground,303,36,81,11221
B025-DF0395,Activated,E,1,FALSE,FALSE,In Playground,TRUE,B025,Cooper Park,B025,,B-01,B,"100,037,945",DRINKFTN,I,B025,E-Cooper Park,301,34,90,11211
B025-DF0396,Activated,E,1,FALSE,FALSE,Near Ballfield,TRUE,B025,Cooper Park,B025,,B-01,B,"100,037,991",DRINKFTN,I,B025,E-Cooper Park,301,34,90,11211
B025-DF0397,Activated,C,1,FALSE,FALSE,In Playground,TRUE,B025,Cooper Park,B025-01,Carnegie Plgd,B-01,B,"100,037,912",DRINKFTN,I,B025-01,C-Cooper Park-Carnegie Plgd,301,34,90,11211
B026-DF0717,Activated,E,1,TRUE,FALSE,"In Playground, Under Tree",TRUE,B026,Cuyler Gore Park,B026,,B-02,B,"100,039,115",DRINKFTN,I,B026,E-Cuyler Gore Park,302,35,88,11238
B028-DF0651,Activated,A,1,FALSE,FALSE,Near Ballfield,TRUE,B028,Dyker Beach Park,B028-ZN01,Dyker Beach Park Zone 1,B-10,B,"100,038,999",DRINKFTN,I,B028-ZN01,A-Dyker Beach Park-Dyker Beach Park Zone 1,310,43,68,11228
B028-DF0652,Activated,A,1,FALSE,TRUE,Near Ballfield,TRUE,B028,Dyker Beach Park,B028-ZN01,Dyker Beach Park Zone 1,B-10,B,"100,039,027",DRINKFTN,I,B028-ZN01,A-Dyker Beach Park-Dyker Beach Park Zone 1,310,43,68,11228
B028-DF0653,Activated,C,1,FALSE,FALSE,Near Ballfield,TRUE,B028,Dyker Beach Park,B028-ZN01,Dyker Beach Park Zone 1,B-10,B,"100,039,007",DRINKFTN,I,B028-ZN01,C-Dyker Beach Park-Dyker Beach Park Zone 1,310,43,68,11228
B028-DF0654,Activated,C,1,FALSE,FALSE,Near Ballfield,TRUE,B028,Dyker Beach Park,B028-ZN01,Dyker Beach Park Zone 1,B-10,B,"100,038,994",DRINKFTN,I,B028-ZN01,C-Dyker Beach Park-Dyker Beach Park Zone 1,310,43,68,11228
B028-DF0656,Activated,A,1,FALSE,FALSE,In Playground,TRUE,B028,Dyker Beach Park,B028-01,Bay 8 Playground,B-10,B,"100,039,087",DRINKFTN,I,B028-01,A-Dyker Beach Park-Bay 8 Playground,310,43,68,11228
B028-DF0657,Activated,A,1,FALSE,FALSE,In Playground,TRUE,B028,Dyker Beach Park,B028-ZN01,Dyker Beach Park Zone 1,B-10,B,"100,039,043",DRINKFTN,I,B028-ZN01,A-Dyker Beach Park-Dyker Beach Park Zone 1,310,43,68,11228
B028-DF0659,Activated,A,1,FALSE,TRUE,In Playground,TRUE,B028,Dyker Beach Park,B028-03,Dyker Plgd,B-10,B,"100,039,044",DRINKFTN,I,B028-03,A-Dyker Beach Park-Dyker Plgd,310,43,68,11228
B028-DF0662,Activated,A,1,FALSE,FALSE,Near Ballfield,TRUE,B028,Dyker Beach Park,B028-ZN02,Dyker Beach Park Zone 2,B-10,B,"100,039,060",DRINKFTN,I,B028-ZN02,A-Dyker Beach Park-Dyker Beach Park Zone 2,310,43,68,11228
B028-DF0664,Activated,A,1,FALSE,FALSE,In Playground,TRUE,B028,Dyker Beach Park,B028-03,Dyker Plgd,B-10,B,"100,039,085",DRINKFTN,I,B028-03,A-Dyker Beach Park-Dyker Plgd,310,43,68,11228
B028-DF0665,Activated,D,1,FALSE,FALSE,In Playground,TRUE,B028,Dyker Beach Park,B028-03,Dyker Plgd,B-10,B,"100,039,091",DRINKFTN,I,B028-03,D-Dyker Beach Park-Dyker Plgd,310,43,68,11228
B028-DF0666,Activated,C,1,FALSE,FALSE,Near Ballfield,TRUE,B028,Dyker Beach Park,B028-ZN02,Dyker Beach Park Zone 2,B-10,B,"100,039,020",DRINKFTN,I,B028-ZN02,C-Dyker Beach Park-Dyker Beach Park Zone 2,310,43,68,11228
B028-DF0667,Activated,A,1,FALSE,FALSE,Near Ballfield,TRUE,B028,Dyker Beach Park,B028-ZN02,Dyker Beach Park Zone 2,B-10,B,"100,039,063",DRINKFTN,I,B028-ZN02,A-Dyker Beach Park-Dyker Beach Park Zone 2,310,43,68,11228
B028-DF0726,Activated,A,1,FALSE,FALSE,Just Outside Playground,TRUE,B028,Dyker Beach Park,B028-ZN01,Dyker Beach Park Zone 1,B-10,B,"100,039,163",DRINKFTN,I,B028-ZN01,A-Dyker Beach Park-Dyker Beach Park Zone 1,310,43,68,11228
B028-DF0727,Activated,A,1,FALSE,FALSE,Just Outside Playground,TRUE,B028,Dyker Beach Park,B028-ZN01,Dyker Beach Park Zone 1,B-10,B,"100,039,165",DRINKFTN,I,B028-ZN01,A-Dyker Beach Park-Dyker Beach Park Zone 1,310,43,68,11228
B028-DF0860,Broken,A,1,FALSE,FALSE,Near Ballfield,TRUE,B028,Dyker Beach Park,B028-ZN02,Dyker Beach Park Zone 2,B-10,B,"100,040,079",DRINKFTN,I,B028-ZN02,A-Dyker Beach Park-Dyker Beach Park Zone 2,310,43,68,11228
B028-DF0861,Broken,A,1,FALSE,FALSE,Near Ballfield,TRUE,B028,Dyker Beach Park,B028-ZN02,Dyker Beach Park Zone 2,B-10,B,"100,040,010",DRINKFTN,I,B028-ZN02,A-Dyker Beach Park-Dyker Beach Park Zone 2,310,43,68,11228
B028-DF0862,Activated,Bottle Filler High Low,3,FALSE,FALSE,Near Ballfield,TRUE,B028,Dyker Beach Park,B028-ZN02,Dyker Beach Park Zone 2,B-10,B,"100,040,005",DRINKFTN,I,B028-ZN02,Bottle Filler High Low-Dyker Beach Park-Dyker Beach Park Zone 2,310,43,68,11228
B028-DF0863,Activated,C,1,FALSE,FALSE,Near Ballfield,TRUE,B028,Dyker Beach Park,B028-ZN02,Dyker Beach Park Zone 2,B-10,B,"100,040,076",DRINKFTN,I,B028-ZN02,C-Dyker Beach Park-Dyker Beach Park Zone 2,310,43,68,11228
B028-DF0864,Broken,A,1,FALSE,FALSE,Near Ballfield,TRUE,B028,Dyker Beach Park,B028-ZN01,Dyker Beach Park Zone 1,B-10,B,"100,040,006",DRINKFTN,I,B028-ZN01,A-Dyker Beach Park-Dyker Beach Park Zone 1,310,43,68,11228
B028-DF0865,Activated,A,1,FALSE,FALSE,Near Ballfield,TRUE,B028,Dyker Beach Park,B028-ZN01,Dyker Beach Park Zone 1,B-10,B,"100,040,070",DRINKFTN,I,B028-ZN01,A-Dyker Beach Park-Dyker Beach Park Zone 1,310,43,68,11228
B028-DF1021,Activated,Other,1,,FALSE,,TRUE,B028,Dyker Beach Park,B028,,B-10,B,"100,042,965",DRINKFTN,I,B028,Other-Dyker Beach Park,310,43,68,11228
B028-DF1022,Activated,Other,1,,FALSE,,TRUE,B028,Dyker Beach Park,B028,,B-10,B,"100,042,978",DRINKFTN,I,B028,Other-Dyker Beach Park,310,43,68,11228
B028-DF1103,Activated,Indoor Drinking Fountain,1,,FALSE,Indoor,FALSE,B028,Dyker Beach Park,B028-ZN01,Dyker Beach Park Zone 1,B-10,B,"100,042,969",DRINKFTN,I,B028-ZN01-BLG1103,Indoor Drinking Fountain-Dyker Beach Park-DYKER BAY 86,310,43,68,11228
B028-DF1111,Activated,Indoor Drinking Fountain,1,,FALSE,Indoor,FALSE,B028,Dyker Beach Park,B028,,B-10,B,"100,043,588",DRINKFTN,I,B028-BLG1108,Indoor Drinking Fountain-Dyker Beach Park-DYKER GOLF,310,43,68,11228
B032-DF0002,Activated,E,1,TRUE,TRUE,"In Playground, Under Tree",TRUE,B032,Fort Greene Park,B032-01,Fort Greene Plgd,B-02,B,"100,037,430",DRINKFTN,I,B032-01,E-Fort Greene Park-Fort Greene Plgd,302,35,88,11201
B032-DF0320,Activated,C,1,FALSE,FALSE,Out in Open,TRUE,B032,Fort Greene Park,B032-ZN03,Fort Greene Park Zone 3,B-02,B,"100,037,724",DRINKFTN,I,B032-ZN03,C-Fort Greene Park-Fort Greene Park Zone 3,302,35,88,11201
B032-DF0322,Activated,E and Dog,2,TRUE,FALSE,Out in Open,TRUE,B032,Fort Greene Park,B032-ZN02,Fort Greene Park Zone 2,B-02,B,"100,037,794",DRINKFTN,I,B032-ZN02,E and Dog-Fort Greene Park-Fort Greene Park Zone 2,302,35,88,11201
B032-DF0323,Activated,B,1,FALSE,FALSE,Out in Open,TRUE,B032,Fort Greene Park,B032-ZN02,Fort Greene Park Zone 2,B-02,B,"100,037,817",DRINKFTN,I,B032-ZN02,B-Fort Greene Park-Fort Greene Park Zone 2,302,35,88,11201
B032-DF0324,Activated,D,1,TRUE,FALSE,In Playground,TRUE,B032,Fort Greene Park,B032-02,Fort Greene Park,B-02,B,"100,037,845",DRINKFTN,I,B032-02,D-Fort Greene Park-Fort Greene Park,302,35,88,11201
B032-DF0867,Activated,A,1,FALSE,FALSE,In Playground,TRUE,B032,Fort Greene Park,B032-01,Fort Greene Plgd,B-02,B,"100,040,147",DRINKFTN,I,B032-01,A-Fort Greene Park-Fort Greene Playground,302,35,88,11201
B032-DF1104,Activated,Food Prep Sink,1,,FALSE,Indoor,FALSE,B032,Fort Greene Park,B032-ZN03,Fort Greene Park Zone 3,B-02,B,"100,042,958",DRINKFTN,I,B032-ZN01-BLG1013,Food Prep Sink-Fort Greene Park-Fort Greene Visitors Center,302,35,88,11201
B032-DF1105,Activated,Water Cooler,1,,FALSE,Indoor,FALSE,B032,Fort Greene Park,B032-ZN03,Fort Greene Park Zone 3,B-02,B,"100,042,938",DRINKFTN,I,B032-ZN01-BLG1013,Water Cooler-Fort Greene Park-Fort Greene Visitors Center,302,35,88,11201
B035-DF0699,Broken,A,1,FALSE,FALSE,"Under Tree, Out in Open",TRUE,B035,John Paul Jones Park,B035,,B-10,B,"100,039,133",DRINKFTN,I,B035,A-John Paul Jones Park,310,43,68,11209
B035-DF0700,Broken,A,1,FALSE,FALSE,"Under Tree, Out in Open",TRUE,B035,John Paul Jones Park,B035,,B-10,B,"100,039,146",DRINKFTN,I,B035,A-John Paul Jones Park,310,43,68,11209
B038-DF0309,Activated,D,1,FALSE,FALSE,,TRUE,B038,Fulton Park,B038,,B-03,B,"100,037,722",DRINKFTN,I,B038,D-Fulton Park,303,36,81,11233
B038-DF0868,Activated,C,1,FALSE,FALSE,"Under Tree, In Shade",TRUE,B038,Fulton Park,B038,,B-03,B,"100,040,170",DRINKFTN,I,B038,C-Fulton Park,303,36,81,11233
B042-DF0673,Activated,CS Metal,1,FALSE,FALSE,"Just Outside Playground, Out in Open",TRUE,B042,Gravesend Park,B042,,B-12,B,"100,039,039",DRINKFTN,I,B042,CS Metal-Gravesend Park,312,44,66,11204
B042-DF0674,Activated,C,1,FALSE,FALSE,"Out in Open, In Playground",TRUE,B042,Gravesend Park,B042,,B-12,B,"100,039,062",DRINKFTN,I,B042,C-Gravesend Park,312,44,66,11204
B042-DF0675,Activated,C,1,FALSE,FALSE,Near Ballfield,TRUE,B042,Gravesend Park,B042,,B-12,B,"100,039,016",DRINKFTN,I,B042,C-Gravesend Park,312,44,66,11204
B042-DF0676,Activated,C,1,FALSE,FALSE,Near Ballfield,TRUE,B042,Gravesend Park,B042,,B-12,B,"100,039,037",DRINKFTN,I,B042,C-Gravesend Park,312,44,66,11204
B042-DF0677,Activated,C,1,FALSE,FALSE,"Out in Open, Near Ballfield",TRUE,B042,Gravesend Park,B042,,B-12,B,"100,039,034",DRINKFTN,I,B042,C-Gravesend Park,312,44,66,11204
B042-DF0678,Activated,C,1,FALSE,FALSE,"Near Ballfield, In Shade",TRUE,B042,Gravesend Park,B042,,B-12,B,"100,039,058",DRINKFTN,I,B042,C-Gravesend Park,312,44,66,11204
B042-DF0679,Broken,C,1,FALSE,FALSE,"Just Outside Playground, Out in Open",TRUE,B042,Gravesend Park,B042,,B-12,B,"100,039,083",DRINKFTN,I,B042,C-Gravesend Park,312,44,66,11204
B042-DF0680,NotYetActivated,C,1,FALSE,FALSE,"In Playground, Out in Open",TRUE,B042,Gravesend Park,B042,,B-12,B,"100,039,014",DRINKFTN,I,B042,C-Gravesend Park,312,44,66,11204
B042-DF0681,Activated,C,1,FALSE,FALSE,"In Playground, Out in Open",TRUE,B042,Gravesend Park,B042,,B-12,B,"100,039,035",DRINKFTN,I,B042,C-Gravesend Park,312,44,66,11204
B042-DF0682,Activated,C,1,FALSE,TRUE,"Out in Open, Just Outside Playground",TRUE,B042,Gravesend Park,B042,,B-12,B,"100,039,059",DRINKFTN,I,B042,C-Gravesend Park,312,44,66,11204
B042-DF0683,Activated,A,1,FALSE,FALSE,"Under Tree, Just Outside Playground",TRUE,B042,Gravesend Park,B042,,B-12,B,"100,039,084",DRINKFTN,I,B042,A-Gravesend Park,312,44,66,11204
B042-DF0869,Activated,C,1,FALSE,FALSE,"In Shade, In Playground",TRUE,B042,Gravesend Park,B042,,B-12,B,"100,040,094",DRINKFTN,I,B042,C-Gravesend Park,312,44,66,11204
B043-DF0205,Activated,A,1,FALSE,FALSE,"In Playground, Under Tree",TRUE,B043,Greenpoint Playground,B043,,B-01,B,"100,037,662",DRINKFTN,I,B043,A-Greenpoint Playground,301,33,94,11222
B044-DF0318,Activated,B,1,TRUE,FALSE,Out in Open,TRUE,B044,Dr. Ronald McNair Park,B044,,B-09,B,"100,037,693",DRINKFTN,I,B044,B-Dr. Ronald McNair Park,309,35,71,11225
B044-DF0319,Activated,E,1,TRUE,FALSE,Out in Open,TRUE,B044,Dr. Ronald McNair Park,B044,,B-09,B,"100,037,725",DRINKFTN,I,B044,E-Dr. Ronald McNair Park,309,35,71,11225
B047-DF0371,Activated,A,1,TRUE,FALSE,In Playground,TRUE,Q020,Highland Park,Q020-01,Lower Highland Playground,Q-05A,Q,"100,037,887",DRINKFTN,I,Q020-01,A-Highland Park-Lower Highland Playground,305,37,75,11208
B047-DF0372,Activated,A,1,TRUE,FALSE,Out in Open,TRUE,Q020,Highland Park,Q020-ZN04,Highland Park Zone 4,Q-05A,Q,"100,037,833",DRINKFTN,I,Q020-ZN04,A-Highland Park-Highland Park Zone 4,305,37,75,11208
B047-DF0373,Activated,D,1,FALSE,FALSE,Near Ballfield,TRUE,Q020,Highland Park,Q020-ZN05,Highland Park Zone 5,Q-05A,Q,"100,037,860",DRINKFTN,I,Q020-ZN05,D-Highland Park-Highland Park Zone 5,305,37,75,11208
B047-DF0374,Activated,D,1,FALSE,FALSE,Near Ballfield,TRUE,Q020,Highland Park,Q020-ZN05,Highland Park Zone 5,Q-05A,Q,"100,037,801",DRINKFTN,I,Q020-ZN05,D-Highland Park-Highland Park Zone 5,305,37,75,11208
B047-DF0375,Activated,A,1,TRUE,FALSE,In Playground,TRUE,Q020,Highland Park,Q020-02,Upper Highland Playground,Q-05A,Q,"100,037,826",DRINKFTN,I,Q020-02,A-Highland Park-Upper Highland Playground,305,37,75,11207
B047-DF0891,Activated,A,1,TRUE,FALSE,In Playground,TRUE,Q020,Highland Park,Q020-01,Lower Highland Playground,Q-05A,Q,"100,040,269",DRINKFTN,I,Q020-01,A-Highland Park-Lower Highland Playground,305,37,75,11208
B049-DF0041,Activated,E,1,TRUE,FALSE,Out in Open,TRUE,B049,Irving Square Park,B049,,B-04,B,"100,037,443",DRINKFTN,I,B049,E-Irving Square Park,304,37,83,11207
B049-DF0042,Activated,E,1,TRUE,FALSE,"In Playground, Under Tree, In Shade",TRUE,B049,Irving Square Park,B049,,B-04,B,"100,037,482",DRINKFTN,I,B049,E-Irving Square Park,304,37,83,11207
B050-DF0264,Activated,CS Concrete,1,FALSE,FALSE,In Playground,TRUE,B050,Van Voorhees Playground,B050,,B-06,B,"100,037,712",DRINKFTN,I,B050,CS Concrete-Van Voorhees Playground,306,39,76,11201
B050-DF0265,Activated,C,1,FALSE,FALSE,In Playground,TRUE,B050,Van Voorhees Playground,B050,,B-06,B,"100,037,739",DRINKFTN,I,B050,C-Van Voorhees Playground,306,39,76,11201
B050-DF0266,Activated,C,1,FALSE,FALSE,Just Outside Playground,TRUE,B050,Van Voorhees Playground,B050,,B-06,B,"100,037,787",DRINKFTN,I,B050,C-Van Voorhees Playground,306,39,76,11201
B050-DF0267,Activated,C,1,FALSE,FALSE,Near Ballfield,TRUE,B050,Van Voorhees Playground,B050,,B-06,B,"100,037,709",DRINKFTN,I,B050,C-Van Voorhees Playground,306,39,76,11201
B050-DF0268,Activated,C,1,FALSE,TRUE,Near Ballfield,TRUE,B050,Van Voorhees Playground,B050,,B-06,B,"100,037,757",DRINKFTN,I,B050,C-Van Voorhees Playground,306,39,76,11201
B051-DF0669,Activated,D,1,TRUE,FALSE,In Playground,TRUE,B051,Kelly Park Playground,B051,,B-15,B,"100,039,088",DRINKFTN,I,B051,D-Kelly Park Playground,315,48,61,11229
B051-DF0670,Activated,D,1,TRUE,FALSE,In Playground,TRUE,B051,Kelly Park Playground,B051,,B-15,B,"100,039,017",DRINKFTN,I,B051,D-Kelly Park Playground,315,48,61,11229
B051-DF0671,Activated,A,1,TRUE,FALSE,Out in Open,TRUE,B051,Kelly Park Playground,B051,,B-15,B,"100,039,018",DRINKFTN,I,B051,A-Kelly Park Playground,315,48,61,11229
B051-DF0672,Activated,A,1,TRUE,FALSE,Out in Open,TRUE,B051,Kelly Park Playground,B051,,B-15,B,"100,039,038",DRINKFTN,I,B051,A-Kelly Park Playground,315,48,61,11229
B051-DF0870,Activated,A,1,,FALSE,Near Ballfield,TRUE,B051,Kelly Park Playground,B051,,B-15,B,"100,040,121",DRINKFTN,I,B051,A-Kelly Park Playground,315,48,61,11229
B051-DF0871,Activated,A,1,,FALSE,Near Ballfield,TRUE,B051,Kelly Park Playground,B051,,B-15,B,"100,040,148",DRINKFTN,I,B051,A-Kelly Park Playground,315,48,61,11229
B052-DF0761,Activated,E,1,FALSE,TRUE,Under Tree,TRUE,B052,Leif Ericson Park,B052-03,Leif Ericson Park Playground,B-10,B,"100,039,219",DRINKFTN,I,B052-03,E-Leif Ericson Park-Leif Ericson Park Playground,310,43,68,11219
B052-DF0762,Activated,C,1,FALSE,FALSE,In Playground,TRUE,B052,Leif Ericson Park,B052-03,Leif Ericson Park Playground,B-10,B,"100,039,289",DRINKFTN,I,B052-03,C-Leif Ericson Park-Leif Ericson Park Playground,310,43,68,11220
B052-DF0763,Activated,E,1,FALSE,FALSE,In Playground,TRUE,B052,Leif Ericson Park,B052-03,Leif Ericson Park Playground,B-10,B,"100,039,231",DRINKFTN,I,B052-03,E-Leif Ericson Park-Leif Ericson Park Playground,310,43,68,11220
B052-DF0764,Activated,C,1,FALSE,TRUE,Just Outside Playground,TRUE,B052,Leif Ericson Park,B052-03,Leif Ericson Park Playground,B-10,B,"100,039,336",DRINKFTN,I,B052-03,C-Leif Ericson Park-Leif Ericson Park Playground,310,43,68,11220
B052-DF0783,Activated,D,1,FALSE,FALSE,In Playground,TRUE,B052,Leif Ericson Park,B052-01,Millennium Playground,B-10,B,"100,039,485",DRINKFTN,I,B052-01,D-Leif Ericson Park-Millennium Playground,310,43,68,11220
B052-DF0784,Activated,C,1,FALSE,FALSE,Near Ballfield,TRUE,B052,Leif Ericson Park,B052,,B-10,B,"100,039,409",DRINKFTN,I,B052,C-Leif Ericson Park,310,43,68,11220
B052-DF0785,Activated,C,1,FALSE,FALSE,Near Ballfield,TRUE,B052,Leif Ericson Park,B052,,B-10,B,"100,039,407",DRINKFTN,I,B052,C-Leif Ericson Park,310,43,68,11220
B054-DF0485,Activated,A,1,TRUE,FALSE,Under Tree,TRUE,B054,Lincoln Terrace / Arthur S. Somers Park,B054-ZN02,Lincoln Terr Pk/Arthur S Somers Zone 2,B-08,B,"100,038,133",DRINKFTN,I,B054-ZN02,A-Lincoln Terrace / Arthur S. Somers Park-Lincoln Terr Pk/Arthur S Somers Zone 2,308,41,77,11213
B054-DF0486,Activated,CS Concrete,1,TRUE,FALSE,In Playground,TRUE,B054,Lincoln Terrace / Arthur S. Somers Park,B054-01,Lincoln Terrace Park / Arthur S. Somers Playground,B-08,B,"100,038,159",DRINKFTN,I,B054-01,CS Concrete-Lincoln Terrace / Arthur S. Somers Park-CS,308,41,77,11213
B054-DF0487,Activated,CS Concrete,1,TRUE,FALSE,In Playground,TRUE,B054,Lincoln Terrace / Arthur S. Somers Park,B054-01,Lincoln Terrace Park / Arthur S. Somers Playground,B-08,B,"100,038,183",DRINKFTN,I,B054-01,CS Concrete-Lincoln Terrace / Arthur S. Somers Park-CS,308,41,77,11213
B054-DF0488,Activated,F High Low,2,TRUE,FALSE,"Under Tree, In Playground",TRUE,B054,Lincoln Terrace / Arthur S. Somers Park,B054-01,Lincoln Terrace Park / Arthur S. Somers Playground,B-08,B,"100,038,130",DRINKFTN,I,B054-01,F High Low-Lincoln Terrace / Arthur S. Somers Park-Playground,308,41,77,11213
B054-DF0489,Activated,F High Low,2,TRUE,FALSE,"Under Tree, In Playground",TRUE,B054,Lincoln Terrace / Arthur S. Somers Park,B054-01,Lincoln Terrace Park / Arthur S. Somers Playground,B-08,B,"100,038,156",DRINKFTN,I,B054-01,F High Low-Lincoln Terrace / Arthur S. Somers Park-Playground,308,41,77,11213
B054-DF0490,Activated,C,1,TRUE,FALSE,Out in Open,TRUE,B054,Lincoln Terrace / Arthur S. Somers Park,B054-ZN01,Lincoln Terr Pk/Arthur S Somers Zone 1,B-08,B,"100,038,097",DRINKFTN,I,B054-ZN01,C-Lincoln Terrace / Arthur S. Somers Park-Lincoln Terr Pk/Arthur S Somers Zone 1,308,41,77,11213
B054-DF0491,Activated,C,1,TRUE,FALSE,Under Tree,TRUE,B054,Lincoln Terrace / Arthur S. Somers Park,B054-ZN01,Lincoln Terr Pk/Arthur S Somers Zone 1,B-08,B,"100,038,121",DRINKFTN,I,B054-ZN01,C-Lincoln Terrace / Arthur S. Somers Park-Lincoln Terr Pk/Arthur S Somers Zone 1,308,41,77,11213
B054-DF0492,Activated,Bottle Filler High Low,3,TRUE,FALSE,Under Tree,TRUE,B054,Lincoln Terrace / Arthur S. Somers Park,B054-ZN01,Lincoln Terr Pk/Arthur S Somers Zone 1,B-08,B,"100,038,161",DRINKFTN,I,B054-ZN01,Bottle Filler High Low-Lincoln Terrace / Arthur S. Somers Park-Zone 1,308,41,77,11213
B054-DF0493,Activated,C,1,TRUE,FALSE,Under Tree,TRUE,B054,Lincoln Terrace / Arthur S. Somers Park,B054-ZN01,Lincoln Terr Pk/Arthur S Somers Zone 1,B-08,B,"100,038,184",DRINKFTN,I,B054-ZN01,C-Lincoln Terrace / Arthur S. Somers Park-Lincoln Terr Pk/Arthur S Somers Zone 1,308,41,77,11213
B054-DF0494,Activated,A,1,TRUE,FALSE,Out in Open,TRUE,B054,Lincoln Terrace / Arthur S. Somers Park,B054-ZN01,Lincoln Terr Pk/Arthur S Somers Zone 1,B-08,B,"100,038,107",DRINKFTN,I,B054-ZN01,A-Lincoln Terrace / Arthur S. Somers Park-Lincoln Terr Pk/Arthur S Somers Zone 1,308,41,77,11213
B054-DF0495,Activated,D,1,TRUE,FALSE,Under Tree,TRUE,B054,Lincoln Terrace / Arthur S. Somers Park,B054-ZN03,Lincoln Terr Pk/Arthur S Somers Zone 3,B-08,B,"100,038,157",DRINKFTN,I,B054-ZN03,D-Lincoln Terrace / Arthur S. Somers Park-Lincoln Terr Pk/Arthur S Somers Zone 3,308,41,77,11233
B054-DF0496,Activated,D,1,TRUE,FALSE,Under Tree,TRUE,B054,Lincoln Terrace / Arthur S. Somers Park,B054-ZN03,Lincoln Terr Pk/Arthur S Somers Zone 3,B-08,B,"100,038,179",DRINKFTN,I,B054-ZN03,D-Lincoln Terrace / Arthur S. Somers Park-Lincoln Terr Pk/Arthur S Somers Zone 3,308,41,77,11233
B054-DF0497,Activated,D,1,TRUE,FALSE,Under Tree,TRUE,B054,Lincoln Terrace / Arthur S. Somers Park,B054-ZN03,Lincoln Terr Pk/Arthur S Somers Zone 3,B-08,B,"100,038,104",DRINKFTN,I,B054-ZN03,D-Lincoln Terrace / Arthur S. Somers Park-Lincoln Terr Pk/Arthur S Somers Zone 3,308,41,77,11233
B054-DF0498,Activated,D,1,TRUE,FALSE,Out in Open,TRUE,B054,Lincoln Terrace / Arthur S. Somers Park,B054-ZN03,Lincoln Terr Pk/Arthur S Somers Zone 3,B-08,B,"100,038,153",DRINKFTN,I,B054-ZN03,D-Lincoln Terrace / Arthur S. Somers Park-Lincoln Terr Pk/Arthur S Somers Zone 3,308,41,77,11233
B055-DF0412,Activated,C,1,FALSE,FALSE,"Under Tree, Near Ballfield, Just Outside Playground",TRUE,B055,Sternberg Park,B055,,B-01,B,"100,037,957",DRINKFTN,I,B055,C-Sternberg Park,301,34,90,11206
B055-DF0413,Activated,A,1,TRUE,FALSE,"Near Ballfield, Under Tree",TRUE,B055,Sternberg Park,B055,,B-01,B,"100,037,903",DRINKFTN,I,B055,A-Sternberg Park,301,34,90,11206
B055-DF0414,Activated,A,1,TRUE,FALSE,"Near Ballfield, Under Tree",TRUE,B055,Sternberg Park,B055,,B-01,B,"100,037,953",DRINKFTN,I,B055,A-Sternberg Park,301,34,90,11206
B055-DF0771,Activated,C,1,FALSE,FALSE,"Under Tree, In Shade, In Playground",TRUE,B055,Sternberg Park,B055,,B-01,B,"100,039,477",DRINKFTN,I,B055,C-Sternberg Park,301,34,90,11206
B055-DF0772,Activated,A,1,FALSE,FALSE,Near Ballfield,TRUE,B055,Sternberg Park,B055,,B-01,B,"100,039,467",DRINKFTN,I,B055,A-Sternberg Park,301,34,90,11206
B055-DF0872,Activated,E and Dog,2,,FALSE,"Out in Open, Near Ballfield",TRUE,B055,Sternberg Park,B055,,B-01,B,"100,040,171",DRINKFTN,I,B055,E and Dog-Sternberg Park,301,34,90,11206
B055-DF1007,Activated,E and Dog,2,,FALSE,,TRUE,B055,Sternberg Park,B055,,B-01,B,"100,042,968",DRINKFTN,I,B055,E and Dog-Sternberg Park,301,34,90,11206
B056-DF0179,Activated,C,1,TRUE,FALSE,In Playground,TRUE,B056,Martin Luther King Jr. Playground,B056,,B-05,B,"100,037,553",DRINKFTN,I,B056,C-Martin Luther King Jr. Playground,305,42,75,11207
B056-DF0180,Activated,C,1,TRUE,FALSE,Just Outside Playground,TRUE,B056,Martin Luther King Jr. Playground,B056,,B-05,B,"100,037,550",DRINKFTN,I,B056,C-Martin Luther King Jr. Playground,305,42,75,11207
B057-DF0198,Broken,C,1,FALSE,FALSE,"Under Tree, In Playground, Out in Open",TRUE,B057,Marine Park,B057-03,PS 278 Plgd,B-18,B,"100,037,657",DRINKFTN,I,B057-03,C-Marine Park-PS 278 Plgd,318,46,63,11229
B057-DF0713,Activated,Bottle Filler High Low,3,TRUE,FALSE,Out in Open,TRUE,BZ382,,BZ382,,B-15,B,"100,039,121",DRINKFTN,I,BZ382,Bottle Filler High Low-Plum Beach,356,46,61,11235
B057-DF0833,Activated,C,1,FALSE,FALSE,Just Outside Playground,TRUE,B057,Marine Park,B057-ZN01,Marine Park Zone 1,B-18,B,"100,039,831",DRINKFTN,I,B057-ZN01,C-Marine Park-Marine Park Zone 1,318,46,63,11229
Q410-DF0170,Activated,C,1,FALSE,FALSE,Out in Open,TRUE,Q410,Hinton Park,Q410,,Q-03,Q,"100,038,395",DRINKFTN,I,Q410,C-Hinton Park,403,21,115,11368
B057-DF0834,Activated,C,1,FALSE,FALSE,Just Outside Playground,TRUE,B057,Marine Park,B057-ZN01,Marine Park Zone 1,B-18,B,"100,039,856",DRINKFTN,I,B057-ZN01,C-Marine Park-Marine Park Zone 1,318,46,63,11229
B057-DF0835,Activated,C,1,FALSE,FALSE,Just Outside Playground,TRUE,B057,Marine Park,B057-ZN01,Marine Park Zone 1,B-18,B,"100,039,882",DRINKFTN,I,B057-ZN01,C-Marine Park-Marine Park Zone 1,318,46,63,11229
B057-DF0836,Activated,F High Low,2,TRUE,FALSE,Just Outside Playground,TRUE,B057,Marine Park,B057-ZN01,Marine Park Zone 1,B-18,B,"100,039,813",DRINKFTN,I,B057-ZN01,F High Low-Marine Park-Marine Park Zone 1,318,46,63,11229
B057-DF0837,Activated,A,1,TRUE,FALSE,Near Ballfield,TRUE,B057,Marine Park,B057-ZN04,Marine Park Zone 4,B-18,B,"100,039,851",DRINKFTN,I,B057-ZN04,A-Marine Park-Marine Park Zone 4,318,46,63,11229
B057-DF0838,Activated,Bottle Filler High Low,3,FALSE,FALSE,Near Ballfield,TRUE,B057,Marine Park,B057-ZN04,Marine Park Zone 4,B-18,B,"100,039,816",DRINKFTN,I,B057-ZN04,Bottle Filler High Low-Marine Park-Marine Park Zone 4,318,46,63,11229
B057-DF0839,Activated,A,1,TRUE,TRUE,Near Ballfield,TRUE,B057,Marine Park,B057-ZN04,Marine Park Zone 4,B-18,B,"100,039,878",DRINKFTN,I,B057-ZN04,A-Marine Park-Marine Park Zone 4,318,46,63,11229
B057-DF0840,Activated,A,1,TRUE,FALSE,Near Ballfield,TRUE,B057,Marine Park,B057-ZN04,Marine Park Zone 4,B-18,B,"100,039,801",DRINKFTN,I,B057-ZN04,A-Marine Park-Marine Park Zone 4,318,46,63,11229
B057-DF0841,Activated,A,1,TRUE,FALSE,Near Ballfield,TRUE,B057,Marine Park,B057-ZN04,Marine Park Zone 4,B-18,B,"100,039,803",DRINKFTN,I,B057-ZN04,A-Marine Park-Marine Park Zone 4,318,46,63,11229
B057-DF0842,Activated,D,1,FALSE,TRUE,In Playground,TRUE,B057,Marine Park,B057-04,Lenape Playground,B-18,B,"100,039,854",DRINKFTN,I,B057-04,D-Marine Park-Lenape Playground,318,46,63,11234
B057-DF0843,Activated,A,1,TRUE,FALSE,Near Ballfield,TRUE,B057,Marine Park,B057-ZN05,Marine Park Zone 5,B-18,B,"100,039,880",DRINKFTN,I,B057-ZN05,A-Marine Park-Marine Park Zone 5,318,46,63,11234
B057-DF0844,Activated,A,1,FALSE,FALSE,"Out in Open, Near Ballfield",TRUE,B057,Marine Park,B057-ZN04,Marine Park Zone 4,B-18,B,"100,039,812",DRINKFTN,I,B057-ZN04,A-Marine Park-Marine Park Zone 4,318,46,63,11229
B057-DF0874,Activated,A,1,FALSE,FALSE,Out in Open,TRUE,B057,Marine Park,B057-ZN06,Marine Park Zone 6,B-18,B,"100,040,213",DRINKFTN,I,B057-ZN06,A-Marine Park-Marine Park Zone 6,318,46,63,11234
B057-DF0875,Activated,A,1,FALSE,FALSE,Near Ballfield,TRUE,B057,Marine Park,B057-ZN07,"Marine Park Zone 7, Gerritsen Ballfields",B-18,B,"100,040,233",DRINKFTN,I,B057-ZN07,"A-Marine Park-Marine Park Zone 7, Gerritsen Ballfields",318,46,63,11234
B057-DF0876,Activated,A,1,FALSE,FALSE,Near Ballfield,TRUE,B057,Marine Park,B057-ZN07,"Marine Park Zone 7, Gerritsen Ballfields",B-18,B,"100,040,207",DRINKFTN,I,B057-ZN07,"A-Marine Park-Marine Park Zone 7, Gerritsen Ballfields",318,46,63,11234
B057-DF0975,Activated,A,1,,FALSE,,TRUE,B057,Marine Park,B057-05,Dr John's Plgd,B-18,B,"100,042,976",DRINKFTN,I,B057-05,A-Marine Park-Dr John's Plgd,318,46,63,11234
B057-DF0976,Activated,A,1,,FALSE,,TRUE,B057,Marine Park,B057-05,Dr John's Plgd,B-18,B,"100,042,967",DRINKFTN,I,B057-05,A-Marine Park-Dr John's Plgd,318,46,63,11234
B057-DF0977,Activated,F High Low,2,,FALSE,,TRUE,B057,Marine Park,B057-05,Dr John's Plgd,B-18,B,"100,042,980",DRINKFTN,I,B057-05,F High Low-Marine Park-Dr John's Plgd,318,46,63,11234
B057-DF0978,Activated,E High Low,2,,FALSE,,TRUE,B057,Marine Park,B057-06,Seba Playground,B-18,B,"100,042,942",DRINKFTN,I,B057-06,E High Low-Marine Park-Seba Playground,318,46,63,11234
B057-DF1012,Activated,F High Low,2,,FALSE,,TRUE,B057,Marine Park,B057-05,Dr John's Plgd,B-18,B,"100,042,945",DRINKFTN,I,B057-05,F High Low-Marine Park-Dr John's Plgd,318,46,63,11234
B057-DF1013,Activated,F High Low,2,,FALSE,,TRUE,B057,Marine Park,B057-05,Dr John's Plgd,B-18,B,"100,042,974",DRINKFTN,I,B057-05,F High Low-Marine Park-Dr John's Plgd,318,46,63,11234
B057-DF1014,Activated,E,1,,FALSE,,TRUE,B057,Marine Park,B057,,B-18,B,"100,042,946",DRINKFTN,I,B057,E-Marine Park,318,46,63,11234
B057-DF1026,Activated,Bottle Filler Fountain,2,,FALSE,Indoor,FALSE,B057,Marine Park,B057-ZN06,Marine Park Zone 6,B-18,B,"100,042,962",DRINKFTN,I,B057-ZN06-BLG1210,Bottle Filler Fountain-Marine Park-Salt Marsh Nature Center,318,46,63,11234
B057-DF1107,Activated,Food Prep Sink,1,,FALSE,Indoor,FALSE,B057,Marine Park,B057,,B-18,B,"100,043,595",DRINKFTN,I,B057-BLG1212,Food Prep Sink-Marine Park-MARINE GOLF,318,46,63,11234
B057-DF1108,Activated,Indoor Drinking Fountain,1,,FALSE,Indoor,FALSE,B057,Marine Park,B057,,B-18,B,"100,043,598",DRINKFTN,I,B057-BLG1212,Indoor Fountain-Marine Park-MARINE GOLF,318,46,63,11234
B057-DF1109,Activated,Indoor Drinking Fountain,1,,FALSE,Indoor,FALSE,B057,Marine Park,B057-ZN01,Marine Park Zone 1,B-18,B,"100,042,971",DRINKFTN,I,B057-ZN01-BLG1211,Indoor Drinking Fountain-Marine Park-Carmine Carro Community Center,318,46,63,11229
B057-DF1142,Activated,Food Prep Sink,1,,FALSE,Indoor,FALSE,B057,Marine Park,B057-ZN01,Marine Park Zone 1,B-18,B,"100,042,950",DRINKFTN,I,B057-ZN01-BLG1211,Food Prep Sink-Marine Park-Marine Park,318,46,63,11229
B058-DF0210,Activated,E,1,FALSE,FALSE,Out in Open,TRUE,B058,McCarren Park,B058-ZN06,McCarren Park Zone 6,B-01,B,"100,037,663",DRINKFTN,I,B058-ZN06,E-McCarren Park-McCarren Park Zone 6,301,33,94,11222
B058-DF0211,Activated,A,1,FALSE,FALSE,"Near Ballfield, Out in Open",TRUE,B058,McCarren Park,B058-ZN03,McCarren Park Zone 3,B-01,B,"100,037,685",DRINKFTN,I,B058-ZN03,A-McCarren Park-McCarren Park Zone 3,301,33,94,11222
B113A-DF1016,Broken,Other,1,,FALSE,,TRUE,B113A,Cadman Plaza Park,B113A,,B-02,B,"100,042,991",DRINKFTN,I,B113A,Other-Cadman Plaza Park,302,33,84,11201
B058-DF0212,Activated,A,1,FALSE,FALSE,"Near Ballfield, Out in Open",TRUE,B058,McCarren Park,B058-ZN03,McCarren Park Zone 3,B-01,B,"100,037,658",DRINKFTN,I,B058-ZN03,A-McCarren Park-McCarren Park Zone 3,301,33,94,11222
B058-DF0213,Activated,D,1,FALSE,FALSE,Near Ballfield,TRUE,B058,McCarren Park,B058-ZN03,McCarren Park Zone 3,B-01,B,"100,037,682",DRINKFTN,I,B058-ZN03,D-McCarren Park-McCarren Park Zone 3,301,33,94,11222
B058-DF0214,Activated,A,1,FALSE,FALSE,"Near Ballfield, Out in Open",TRUE,B058,McCarren Park,B058-ZN03,McCarren Park Zone 3,B-01,B,"100,037,628",DRINKFTN,I,B058-ZN03,A-McCarren Park-McCarren Park Zone 3,301,33,94,11222
B058-DF0217,Activated,Bottle Filler High Low,3,FALSE,FALSE,"Out in Open, Near Ballfield, Under Tree",TRUE,B058,McCarren Park,B058-ZN02,McCarren Park Zone 2,B-01,B,"100,037,660",DRINKFTN,I,B058-ZN02,Bottle Filler High Low-McCarren Park-McCarren Park Zone 2,301,33,94,11211
B058-DF0219,Activated,Bottle Filler High Low,3,FALSE,FALSE,"Under Tree, Near Ballfield",TRUE,B058,McCarren Park,B058-ZN02,McCarren Park Zone 2,B-01,B,"100,037,656",DRINKFTN,I,B058-ZN02,Bottle Filler High Low-McCarren Park-McCarren Park Zone 2,301,33,94,11211
B058-DF0221,Activated,C,1,TRUE,FALSE,"Out in Open, In Playground",TRUE,B058,McCarren Park,B058-ZN01,McCarren Park Zone 1,B-01,B,"100,037,602",DRINKFTN,I,B058-ZN01,C-McCarren Park-McCarren Park Zone 1,301,33,94,11222
B058-DF0404,Activated,A,1,FALSE,FALSE,"Under Tree, In Shade, In Playground",TRUE,B058,McCarren Park,B058-01,Vincent V Abate Plgd,B-01,B,"100,037,940",DRINKFTN,I,B058-01,A-McCarren Park-Vincent V Abate Plgd,301,33,94,11222
B058-DF0405,Activated,A,1,FALSE,FALSE,"Under Tree, In Playground",TRUE,B058,McCarren Park,B058-01,Vincent V Abate Plgd,B-01,B,"100,037,967",DRINKFTN,I,B058-01,A-McCarren Park-Vincent V Abate Plgd,301,33,94,11222
B058-DF0406,Activated,A,1,FALSE,FALSE,Just Outside Playground,TRUE,B058,McCarren Park,B058-01,Vincent V Abate Plgd,B-01,B,"100,037,910",DRINKFTN,I,B058-01,A-McCarren Park-Vincent V Abate Plgd,301,33,94,11222
B058-DF0407,Activated,C,1,FALSE,FALSE,"Under Tree, Just Outside Playground",TRUE,B058,McCarren Park,B058-01,Vincent V Abate Plgd,B-01,B,"100,037,934",DRINKFTN,I,B058-01,C-McCarren Park-Vincent V Abate Plgd,301,33,94,11222
B058-DF0798,Broken,A,1,TRUE,FALSE,Near Ballfield,TRUE,B058,McCarren Park,B058-ZN04,McCarren Park Zone 4,B-01,B,"100,039,549",DRINKFTN,I,B058-ZN04,A-McCarren Park-McCarren Park Zone 4,301,33,94,11249
B058-DF0877,Activated,Bottle Filler,1,FALSE,FALSE,Out in Open,TRUE,B058,McCarren Park,B058-ZN04,McCarren Park Zone 4,B-01,B,"100,040,270",DRINKFTN,I,B058-ZN04,Bottle Filler-McCarren Park-McCarren Park Zone 4,301,33,94,11249
B058-DF1008,Activated,Bottle Filler High Low,3,,FALSE,,TRUE,B058,McCarren Park,B058-ZN02,McCarren Park Zone 2,B-01,B,"100,042,970",DRINKFTN,I,B058-ZN02,Bottle Filler High Low-McCarren Park-McCarren Park Zone 2,301,33,94,11211
B058-DF1028,Activated,Food Prep Sink,1,,FALSE,Indoor,FALSE,B058,McCarren Park,B058,,B-01,B,"100,042,949",DRINKFTN,I,B058-ZN01-BLG0984,Food Prep Sink-McCarren Park-McCarren Play Center,301,33,94,11222
B058-DF1029,Activated,Indoor Drinking Fountain,1,,FALSE,Indoor,FALSE,B058,McCarren Park,B058,,B-01,B,"100,042,981",DRINKFTN,I,B058-ZN01-BLG0984,Indoor Drinking Fountain-McCarren Park-McCarren Play Center,301,33,94,11222
B058-DF1030,Activated,Indoor Drinking Fountain,1,,FALSE,Indoor,FALSE,B058,McCarren Park,B058,,B-01,B,"100,042,948",DRINKFTN,I,B058-ZN01-BLG0984,Indoor Drinking Fountain-McCarren Park-McCarren Play Center,301,33,94,11222
B058-DF1031,Activated,Food Prep Sink,1,,FALSE,Indoor,FALSE,B058,McCarren Park,B058,,B-01,B,"100,042,961",DRINKFTN,I,B058-ZN01-BLG0984,Food Prep Sink-McCarren Park-McCarren Play Center,301,33,94,11222
B058-DF1032,Activated,Indoor Drinking Fountain,1,,FALSE,Indoor,FALSE,B058,McCarren Park,B058,,B-01,B,"100,042,940",DRINKFTN,I,B058-ZN01-BLG0984,Indoor Drinking Fountain-McCarren Park-McCarren Play Center,301,33,94,11222
B058-DF1033,Activated,Indoor Drinking Fountain,1,,FALSE,Indoor,FALSE,B058,McCarren Park,B058,,B-01,B,"100,042,982",DRINKFTN,I,B058-ZN01-BLG0984,Indoor Drinking Fountain-McCarren Park-McCarren Play Center,301,33,94,11222
B058-DF1034,Activated,Indoor Drinking Fountain,1,,FALSE,Indoor,FALSE,B058,McCarren Park,B058,,B-01,B,"100,042,944",DRINKFTN,I,B058-ZN01-BLG0984,Indoor Drinking Fountain-McCarren Park-McCarren Play Center,301,33,94,11222
B058-DF1035,NotYetActivated,Indoor Drinking Fountain,1,,TRUE,Indoor,FALSE,B058,McCarren Park,B058,,B-01,B,"100,042,331",DRINKFTN,I,B058-ZN01-BLG0984,Indoor Drinking Fountain-McCarren Park-McCarren Play Center,301,33,94,11222
B058-DF1036,Activated,Indoor Drinking Fountain,1,,FALSE,Indoor,FALSE,B058,McCarren Park,B058,,B-01,B,"100,042,959",DRINKFTN,I,B058-ZN01-BLG0984,Indoor Drinking Fountain-McCarren Park-McCarren Play Center,301,33,94,11222
B058-DF1039,Activated,Food Prep Sink,1,,FALSE,Indoor,FALSE,B058,McCarren Park,B058,,B-01,B,"100,042,966",DRINKFTN,I,B058-ZN01-BLG0984,Food Prep Sink-McCarren Park-McCarren Play Center,301,33,94,11222
B060-DF0748,Activated,A,1,FALSE,FALSE,Near Ballfield,TRUE,B060,McKinley Park,B060,,B-10,B,"100,039,274",DRINKFTN,I,B060,A-McKinley Park,310,43,68,11228
B060-DF0749,Broken,F High Low,2,FALSE,FALSE,Near Ballfield,TRUE,B060,McKinley Park,B060,,B-10,B,"100,039,240",DRINKFTN,I,B060,F High Low-McKinley Park,310,43,68,11228
B060-DF0750,Broken,F High Low,2,FALSE,FALSE,Near Ballfield,TRUE,B060,McKinley Park,B060,,B-10,B,"100,039,276",DRINKFTN,I,B060,F High Low-McKinley Park,310,43,68,11228
B060-DF0751,Activated,A,1,FALSE,FALSE,Near Ballfield,TRUE,B060,McKinley Park,B060,,B-10,B,"100,039,227",DRINKFTN,I,B060,A-McKinley Park,310,43,68,11228
B113A-DF1017,Broken,A,1,,FALSE,,TRUE,B113A,Cadman Plaza Park,B113A,,B-02,B,"100,043,005",DRINKFTN,I,B113A,A-Cadman Plaza Park,302,33,84,11201
B060-DF0752,Activated,A,1,FALSE,FALSE,In Playground,TRUE,B060,McKinley Park,B060-01,McKinley Park Playground,B-10,B,"100,039,264",DRINKFTN,I,B060-01,A-McKinley Park-McKinley Park Playground,310,43,68,11228
B060-DF0753,Activated,C,1,FALSE,FALSE,In Playground,TRUE,B060,McKinley Park,B060-01,McKinley Park Playground,B-10,B,"100,039,248",DRINKFTN,I,B060-01,C-McKinley Park-McKinley Park Playground,310,43,68,11228
B060-DF0755,Activated,A,1,FALSE,FALSE,Out in Open,TRUE,B060,McKinley Park,B060,,B-10,B,"100,039,226",DRINKFTN,I,B060,A-McKinley Park,310,43,68,11228
B061-DF0968,Activated,A,1,,FALSE,,TRUE,B061,McLaughlin Park,B061,,B-02,B,"100,042,953",DRINKFTN,I,B061,A-McLaughlin Park,302,33,84,11201
B061-DF0969,Activated,A,1,,FALSE,,TRUE,B061,McLaughlin Park,B061,,B-02,B,"100,042,984",DRINKFTN,I,B061,A-McLaughlin Park,302,33,84,11201
B061-DF0970,Activated,C,1,,FALSE,,TRUE,B061,McLaughlin Park,B061,,B-02,B,"100,042,960",DRINKFTN,I,B061,C-McLaughlin Park,302,33,84,11201
B061-DF0971,Activated,C,1,,FALSE,,TRUE,B061,McLaughlin Park,B061,,B-02,B,"100,042,939",DRINKFTN,I,B061,C-McLaughlin Park,302,33,84,11201
B061-DF0972,Activated,C,1,,FALSE,,TRUE,B061,McLaughlin Park,B061,,B-02,B,"100,042,956",DRINKFTN,I,B061,C-McLaughlin Park,302,33,84,11201
B061-DF0973,Activated,C,1,,FALSE,,TRUE,B061,McLaughlin Park,B061,,B-02,B,"100,042,947",DRINKFTN,I,B061,C-McLaughlin Park,302,33,84,11201
B061-DF0974,Activated,C,1,,FALSE,,TRUE,B061,McLaughlin Park,B061,,B-02,B,"100,042,979",DRINKFTN,I,B061,C-McLaughlin Park,302,33,84,11201
B063-DF0768,Activated,A,1,TRUE,TRUE,Out in Open,TRUE,B063,Milestone Park,B063,,B-11,B,"100,039,328",DRINKFTN,I,B063,A-Milestone Park,311,47,62,11214
B066-DF0712,Activated,C,1,FALSE,TRUE,Under Tree,TRUE,B066,Owl's Head Park,B066,,B-10,B,"100,039,141",DRINKFTN,I,B066,C-Owl's Head Park,310,43,68,11220
B066-DF0715,Activated,A,1,FALSE,FALSE,Just Outside Playground,TRUE,B066,Owl's Head Park,B066,,B-10,B,"100,039,112",DRINKFTN,I,B066,A-Owl's Head Park,310,43,68,11220
B066-DF0716,Activated,E High Low,2,FALSE,FALSE,In Playground,TRUE,B066,Owl's Head Park,B066-01,Owls Head Park,B-10,B,"100,039,147",DRINKFTN,I,B066-01,E High Low-Owl's Head Park-Owls Head Park,310,43,68,11220
B066-DF0718,Activated,C,1,FALSE,FALSE,Just Outside Playground,TRUE,B066,Owl's Head Park,B066-01,Owls Head Park,B-10,B,"100,039,143",DRINKFTN,I,B066-01,C-Owl's Head Park-Owls Head Park,310,43,68,11220
B066-DF0720,Activated,E,1,FALSE,FALSE,Out in Open,TRUE,B066,Owl's Head Park,B066,,B-10,B,"100,039,192",DRINKFTN,I,B066,E-Owl's Head Park,310,43,68,11220
B066-DF0721,Activated,E and Dog,2,FALSE,FALSE,Out in Open,TRUE,B066,Owl's Head Park,B066,,B-10,B,"100,039,116",DRINKFTN,I,B066,E and Dog-Owl's Head Park,310,43,68,11220
B066-DF0878,Activated,A,1,FALSE,FALSE,In Playground,TRUE,B066,Owl's Head Park,B066-02,Owls Head Park,B-10,B,"100,040,203",DRINKFTN,I,B066-02,A-Owl's Head Park-Owls Head Park,310,43,68,11220
B068-DF0331,Activated,A,1,FALSE,FALSE,"Under Tree, Near Ballfield, In Shade",TRUE,B068,Parade Ground,B073-ZN27,West Parade Grounds,B-14,B,"100,037,840",DRINKFTN,I,B073-ZN27,A-Parade Ground-West Parade Grounds,314,40,70,11226
B068-DF0332,Activated,A,1,,FALSE,"Under Tree, Near Ballfield, In Shade",TRUE,B068,Parade Ground,B073-ZN27,West Parade Grounds,B-14,B,"100,037,867",DRINKFTN,I,B073-ZN27,A-Parade Ground-West Parade Grounds,314,40,70,11226
B068-DF0333,Activated,A,1,FALSE,FALSE,"Under Tree, Near Ballfield",TRUE,B068,Parade Ground,B073-ZN27,West Parade Grounds,B-14,B,"100,037,810",DRINKFTN,I,B073-ZN27,A-Parade Ground-West Parade Grounds,314,40,70,11226
B068-DF0334,Activated,A,1,FALSE,FALSE,"Out in Open, Near Ballfield",TRUE,B068,Parade Ground,B073-ZN27,West Parade Grounds,B-14,B,"100,037,834",DRINKFTN,I,B073-ZN27,A-Parade Ground-West Parade Grounds,314,40,70,11226
B068-DF0335,Activated,A,1,FALSE,FALSE,"Out in Open, Near Ballfield",TRUE,B068,Parade Ground,B073-ZN28,East Parade Grounds,B-14,B,"100,037,863",DRINKFTN,I,B073-ZN28,A-Parade Ground-East Parade Grounds,314,40,70,11226
B068-DF0336,Activated,A,1,FALSE,FALSE,"Out in Open, Near Ballfield",TRUE,B068,Parade Ground,B073-ZN28,East Parade Grounds,B-14,B,"100,037,807",DRINKFTN,I,B073-ZN28,A-Parade Ground-East Parade Grounds,314,40,70,11226
B068-DF0337,Activated,E,1,TRUE,FALSE,"Out in Open, Near Ballfield",TRUE,B068,Parade Ground,B073-ZN28,East Parade Grounds,B-14,B,"100,037,830",DRINKFTN,I,B073-ZN28,E-Parade Ground-East Parade Grounds,314,40,70,11226
B068-DF0338,Activated,E,1,TRUE,FALSE,"In Playground, Out in Open",TRUE,B068,Parade Ground,B068-01,Detective Dillon Stewart Plgd,B-14,B,"100,037,877",DRINKFTN,I,B068-01,E-Parade Ground-Detective Dillon Stewart Plgd,314,40,70,11226
B068-DF0339,Activated,E,1,TRUE,FALSE,"Under Tree, In Shade, In Playground",TRUE,B068,Parade Ground,B068-01,Detective Dillon Stewart Plgd,B-14,B,"100,037,800",DRINKFTN,I,B068-01,E-Parade Ground-Detective Dillon Stewart Plgd,314,40,70,11226
B068-DF0340,Activated,A,1,FALSE,FALSE,"Out in Open, Near Ballfield",TRUE,B068,Parade Ground,B073-ZN28,East Parade Grounds,B-14,B,"100,037,836",DRINKFTN,I,B073-ZN28,A-Parade Ground-East Parade Grounds,314,40,70,11226
B068-DF0342,Activated,A,1,FALSE,FALSE,"Under Tree, Near Ballfield, In Shade",TRUE,B068,Parade Ground,B073-ZN28,East Parade Grounds,B-14,B,"100,037,886",DRINKFTN,I,B073-ZN28,A-Parade Ground-East Parade Grounds,314,40,70,11226
B068-DF0343,Activated,Bottle Filler Fountain,2,FALSE,FALSE,"Under Tree, Near Ballfield",TRUE,B068,Parade Ground,B073-ZN28,East Parade Grounds,B-14,B,"100,037,832",DRINKFTN,I,B073-ZN28,Bottle Filler Fountain-Parade Ground-East Parade Grounds,314,40,70,11226
B068-DF0344,Activated,A,1,FALSE,FALSE,"Out in Open, Near Ballfield",TRUE,B068,Parade Ground,B073-ZN28,East Parade Grounds,B-14,B,"100,037,859",DRINKFTN,I,B073-ZN28,A-Parade Ground-East Parade Grounds,314,40,70,11226
B068-DF0345,Activated,A,1,FALSE,FALSE,"Out in Open, Near Ballfield",TRUE,B068,Parade Ground,B073-ZN28,East Parade Grounds,B-14,B,"100,037,883",DRINKFTN,I,B073-ZN28,A-Parade Ground-East Parade Grounds,314,40,70,11226
B068-DF0346,Activated,E,1,FALSE,FALSE,"Out in Open, Near Ballfield",TRUE,B068,Parade Ground,B073-ZN28,East Parade Grounds,B-14,B,"100,037,829",DRINKFTN,I,B073-ZN28,E-Parade Ground-East Parade Grounds,314,40,70,11226
B068-DF0347,Activated,E,1,FALSE,FALSE,"Out in Open, Near Ballfield",TRUE,B068,Parade Ground,B073-ZN28,East Parade Grounds,B-14,B,"100,037,856",DRINKFTN,I,B073-ZN28,E-Parade Ground-East Parade Grounds,314,40,70,11226
B068-DF0349,Activated,A,1,FALSE,FALSE,"Out in Open, Near Ballfield",TRUE,B068,Parade Ground,B073-ZN27,West Parade Grounds,B-14,B,"100,037,861",DRINKFTN,I,B073-ZN27,A-Parade Ground-West Parade Grounds,314,40,70,11226
B068-DF0350,Activated,A,1,FALSE,FALSE,"Under Tree, Near Ballfield",TRUE,B068,Parade Ground,B073-ZN27,West Parade Grounds,B-14,B,"100,037,884",DRINKFTN,I,B073-ZN27,A-Parade Ground-West Parade Grounds,314,40,70,11226
B068-DF0351,Activated,A,1,FALSE,TRUE,"Out in Open, Near Ballfield",TRUE,B068,Parade Ground,B073-ZN27,West Parade Grounds,B-14,B,"100,037,853",DRINKFTN,I,B073-ZN27,A-Parade Ground-West Parade Grounds,314,40,70,11226
B068-DF0352,Activated,A,1,FALSE,TRUE,"Out in Open, Near Ballfield",TRUE,B068,Parade Ground,B073-ZN27,West Parade Grounds,B-14,B,"100,037,875",DRINKFTN,I,B073-ZN27,A-Parade Ground-West Parade Grounds,314,40,70,11226
B068-DF0513,Activated,E,1,FALSE,FALSE,Out in Open,TRUE,B068,Parade Ground,B073-ZN27,West Parade Grounds,B-14,B,"100,038,196",DRINKFTN,I,B073-ZN27,E-Parade Ground-West Parade Grounds,314,40,70,11226
B068-DF1059,Activated,Indoor Drinking Fountain,1,,FALSE,Indoor,FALSE,B068,Parade Ground,B068,,B-14,B,"100,042,943",DRINKFTN,I,B073-ZN27-BLG1163,Indoor Drinking Fountain-Parade Ground-TENNIS CENTER,314,40,70,11226
B068-DF1064,Activated,Indoor Drinking Fountain,1,,FALSE,Indoor,FALSE,B068,Parade Ground,B073-ZN27,West Parade Grounds,B-14,B,"100,042,973",DRINKFTN,I,B073-ZN27-BLG1164,Indoor Drinking Fountain-Parade Ground-PARADE GROUND,314,40,70,11226
B068-DF1065,Activated,Indoor Drinking Fountain,1,,FALSE,Indoor,FALSE,B068,Parade Ground,B073-ZN27,West Parade Grounds,B-14,B,"100,042,955",DRINKFTN,I,B073-ZN27-BLG1165,Indoor Drinking Fountain-Parade Ground-BOWLING GREEN,314,40,70,11226
B068-DF1126,Activated,Food Prep Sink,1,,FALSE,Indoor,FALSE,B068,Parade Ground,B068,,B-14,B,"100,042,482",DRINKFTN,I,B073-ZN27-BLG1163,Food Prep Sink-Parade Ground-TENNIS CENTER,314,40,70,11226
B073-DF0287,Activated,D,1,,FALSE,In Playground,TRUE,B073,Prospect Park,B073-10,Lincoln Rd Plgd,B-19,B,"100,037,748",DRINKFTN,I,B073-10,D-Prospect Park-Lincoln Rd Plgd,355,39,78,11215
B073-DF0288,Activated,CS Concrete,1,FALSE,TRUE,Just Outside Playground,TRUE,B073,Prospect Park,B073-ZN10,Willink Hill,B-19,B,"100,037,770",DRINKFTN,I,B073-ZN10,CS Concrete-Prospect Park-Willink Hill,355,39,78,11215
B073-DF0289,Broken,B,1,FALSE,FALSE,Out in Open,TRUE,B073,Prospect Park,B073-ZN11,"The Zoo, Lefferts Homestead, Carousel",B-19,B,"100,037,715",DRINKFTN,I,B073-ZN11,"B-Prospect Park-The Zoo, Lefferts Homestead, Carousel",355,39,78,11215
B073-DF0290,Activated,Bottle Filler Fountain,2,FALSE,FALSE,Out in Open,TRUE,B073,Prospect Park,B073-ZN23,Lullwater & Boathouse,B-19,B,"100,037,741",DRINKFTN,I,B073-ZN23,Bottle Filler Fountain-Prospect Park-Lullwater & Boathouse,355,39,78,11215
B073-DF0297,Activated,E,1,FALSE,FALSE,Out in Open,TRUE,B073,Prospect Park,B073-ZN01,Main Entrance,B-19,B,"100,037,768",DRINKFTN,I,B073-ZN01,E-Prospect Park-Main Entrance,355,39,78,11215
B073-DF0302,Activated,C,1,FALSE,FALSE,Out in Open,TRUE,B073,Prospect Park,B073-ZN13,Upper Long Meadow,B-19,B,"100,037,733",DRINKFTN,I,B073-ZN13,C-Prospect Park-Upper Long Meadow,355,39,78,11215
B073-DF0304,Activated,A,1,FALSE,FALSE,Out in Open,TRUE,B073,Prospect Park,B073-ZN13,Upper Long Meadow,B-19,B,"100,037,701",DRINKFTN,I,B073-ZN13,A-Prospect Park-Upper Long Meadow,355,39,78,11215
B073-DF0305,Activated,Indoor Drinking Fountain,1,FALSE,FALSE,Out in Open,FALSE,B073,Prospect Park,B073-ZN14,Middle Long Meadow,B-19,B,"100,037,726",DRINKFTN,I,B073-ZN14-BLG1239,Indoor Drinking Fountain-Prospect Park-PICNIC HOUSE,355,39,78,11215
B073-DF0307,Activated,B,1,,FALSE,Out in Open,TRUE,B073,Prospect Park,B073-ZN13,Upper Long Meadow,B-19,B,"100,037,754",DRINKFTN,I,B073-ZN13,B-Prospect Park-Upper Long Meadow,355,39,78,11215
B073-DF0308,Activated,B,1,FALSE,FALSE,Out in Open,TRUE,B073,Prospect Park,B073-ZN13,Upper Long Meadow,B-19,B,"100,037,777",DRINKFTN,I,B073-ZN13,B-Prospect Park-Upper Long Meadow,355,39,78,11215
B073-DF0341,Activated,Bottle Filler High Low,3,FALSE,FALSE,"Under Tree, Near Ballfield",TRUE,B073,Prospect Park,B073-ZN28,East Parade Grounds,B-14,B,"100,037,864",DRINKFTN,I,B073-ZN28,Bottle Filler High Low-Prospect Park-East Parade Grounds,314,40,70,11226
B073-DF0376,Activated,Bottle Filler Fountain,2,FALSE,FALSE,Out in Open,TRUE,B073,Prospect Park,B073-ZN04,The Bandshell,B-19,B,"100,037,878",DRINKFTN,I,B073-ZN04,Bottle Filler Fountain-Prospect Park-The Bandshell,355,39,78,11215
B073-DF0377,Activated,Bottle Filler High Low,3,FALSE,FALSE,Out in Open,TRUE,B073,Prospect Park,B073-ZN04,The Bandshell,B-19,B,"100,037,822",DRINKFTN,I,B073-ZN04,Bottle Filler High Low-Prospect Park-The Bandshell,355,39,78,11215
B073-DF0378,Activated,E High Low,2,FALSE,FALSE,Out in Open,TRUE,B073,Prospect Park,B073-07,Vanderbilt Playground,B-19,B,"100,037,849",DRINKFTN,I,B073-07,E High Low-Prospect Park-Vanderbilt Playground,355,39,78,11215
,Activated,Bottle Filler High Low,,,FALSE,,TRUE,,,,,Q-01,Q,,DRINKFTN,,,,,,,
B073-DF0379,Activated,E and Dog,2,FALSE,FALSE,In Shade,TRUE,B073,Prospect Park,B073-ZN21,Peninsula,B-19,B,"100,037,873",DRINKFTN,I,B073-ZN21,E and Dog-Prospect Park-Peninsula,355,39,78,11215
B073-DF0380,Activated,B,1,FALSE,FALSE,Out in Open,TRUE,B073,Prospect Park,B073-ZN24,Lakeside Center & Concert Grove,B-19,B,"100,037,870",DRINKFTN,I,B073-ZN24,B-Prospect Park-Lakeside Center & Concert Grove,355,39,78,11215
B073-DF0381,Activated,E,1,FALSE,FALSE,In Shade,TRUE,B073,Prospect Park,B073-ZN23,Lullwater & Boathouse,B-19,B,"100,037,844",DRINKFTN,I,B073-ZN23,E-Prospect Park-Lullwater & Boathouse,355,39,78,11215
B073-DF0382,Activated,Bottle Filler High Low,3,FALSE,FALSE,Out in Open,TRUE,B073,Prospect Park,B073-ZN19,The Nethermead,B-19,B,"100,037,889",DRINKFTN,I,B073-ZN19,Bottle Filler High Low-Prospect Park-The Nethermead,355,39,78,11215
B073-DF0383,Activated,E,1,FALSE,FALSE,Out in Open,TRUE,B073,Prospect Park,B073-ZN07,South West Entrance,B-19,B,"100,037,854",DRINKFTN,I,B073-ZN07,E-Prospect Park-South West Entrance,355,39,78,11215
B073-DF0845,Activated,E High Low,2,TRUE,FALSE,"Near Ballfield, Out in Open",TRUE,B073,Prospect Park,B073-ZN15,Lower Long Meadow,B-19,B,"100,039,839",DRINKFTN,I,B073-ZN15,E High Low-Prospect Park-Lower Long Meadow,355,39,78,11215
B073-DF0846,Activated,E High Low,2,TRUE,FALSE,"Out in Open, Near Ballfield",TRUE,B073,Prospect Park,B073-ZN15,Lower Long Meadow,B-19,B,"100,039,865",DRINKFTN,I,B073-ZN15,E High Low-Prospect Park-Lower Long Meadow,355,39,78,11215
B073-DF0847,Activated,E High Low,2,TRUE,FALSE,"Out in Open, Near Ballfield",TRUE,B073,Prospect Park,B073-ZN15,Lower Long Meadow,B-19,B,"100,039,879",DRINKFTN,I,B073-ZN15,E High Low-Prospect Park-Lower Long Meadow,355,39,78,11215
B073-DF0848,Activated,E High Low,2,FALSE,FALSE,"Out in Open, Near Ballfield",TRUE,B073,Prospect Park,B073-ZN15,Lower Long Meadow,B-19,B,"100,039,979",DRINKFTN,I,B073-ZN15,E High Low-Prospect Park-Lower Long Meadow,355,39,78,11215
B073-DF0850,Activated,E High Low,2,TRUE,FALSE,"Out in Open, Near Ballfield",TRUE,B073,Prospect Park,B073-ZN15,Lower Long Meadow,B-19,B,"100,039,929",DRINKFTN,I,B073-ZN15,E High Low-Prospect Park-Lower Long Meadow,355,39,78,11215
B073-DF0851,Activated,E High Low,2,TRUE,FALSE,"Out in Open, Near Ballfield",TRUE,B073,Prospect Park,B073-ZN15,Lower Long Meadow,B-19,B,"100,039,952",DRINKFTN,I,B073-ZN15,E High Low-Prospect Park-Lower Long Meadow,355,39,78,11215
B073-DF0852,Activated,B,1,FALSE,FALSE,"Near Ballfield, Out in Open",TRUE,B073,Prospect Park,B073-ZN15,Lower Long Meadow,B-19,B,"100,039,980",DRINKFTN,I,B073-ZN15,B-Prospect Park-Lower Long Meadow,355,39,78,11215
B073-DF0853,Broken,B,1,FALSE,FALSE,"Out in Open, Near Ballfield",TRUE,B073,Prospect Park,B073-ZN15,Lower Long Meadow,B-19,B,"100,039,907",DRINKFTN,I,B073-ZN15,B-Prospect Park-Lower Long Meadow,355,39,78,11215
B073-DF0854,Broken,B,1,FALSE,FALSE,"Out in Open, Near Ballfield",TRUE,B073,Prospect Park,B073-ZN15,Lower Long Meadow,B-19,B,"100,039,930",DRINKFTN,I,B073-ZN15,B-Prospect Park-Lower Long Meadow,355,39,78,11215
B073-DF0855,Activated,B,1,FALSE,FALSE,"Out in Open, Near Ballfield",TRUE,B073,Prospect Park,B073-ZN15,Lower Long Meadow,B-19,B,"100,039,974",DRINKFTN,I,B073-ZN15,B-Prospect Park-Lower Long Meadow,355,39,78,11215
B073-DF0856,Activated,E,1,TRUE,FALSE,"In Playground, Under Tree, In Shade",TRUE,B073,Prospect Park,B073-20,Harmony Playground,B-19,B,"100,039,967",DRINKFTN,I,B073-20,E-Prospect Park-Harmony Playground,355,39,78,11215
B073-DF0857,Activated,E,1,TRUE,TRUE,"Out in Open, In Playground",TRUE,B073,Prospect Park,B073-20,Harmony Playground,B-19,B,"100,039,904",DRINKFTN,I,B073-20,E-Prospect Park-Harmony Playground,355,39,78,11215
B073-DF0909,Activated,B,1,,FALSE,In Playground,TRUE,B073,Prospect Park,B073-02,Third St Plgd,B-19,B,"100,040,324",DRINKFTN,I,B073-02,B-Prospect Park-Third St Plgd,355,39,78,11215
B073-DF0910,Activated,E High Low,2,,FALSE,In Playground,TRUE,B073,Prospect Park,B073-07,Vanderbilt Playground,B-19,B,"100,040,355",DRINKFTN,I,B073-07,E High Low-Prospect Park-Vanderbilt Playground,355,39,78,11215
B073-DF0911,Activated,E,1,,FALSE,In Playground,TRUE,B073,Prospect Park,B073-09,Imagination Plgd,B-19,B,"100,040,376",DRINKFTN,I,B073-09,E-Prospect Park-Imagination Plgd,355,39,78,11215
B073-DF0912,Activated,E,1,,TRUE,"Under Tree, In Shade, Out in Open",TRUE,B073,Prospect Park,B073-ZN03,Litchfield Villa,B-19,B,"100,040,298",DRINKFTN,I,B073-ZN03,E-Prospect Park-Litchfield Villa,355,39,78,11215
B073-DF0913,Activated,B,1,,FALSE,"Under Tree, In Shade",TRUE,B073,Prospect Park,B073-ZN01,Main Entrance,B-19,B,"100,040,325",DRINKFTN,I,B073-ZN01,B-Prospect Park-Main Entrance,355,39,78,11215
B073-DF0914,Activated,Bottle Filler,1,,FALSE,"Under Tree, In Shade, Out in Open",TRUE,B073,Prospect Park,B073-ZN26,Prospect Lake Near West Island,B-19,B,"100,040,301",DRINKFTN,I,B073-ZN26,Bottle Filler-Prospect Park-Prospect Lake Near West Island,355,39,78,11215
B073-DF0915,Activated,E and Dog,2,,FALSE,"Out in Open, Just Outside Playground",TRUE,B073,Prospect Park,B073-ZN06,Prospect Park Southwest Lower,B-19,B,"100,040,377",DRINKFTN,I,B073-ZN06,E and Dog-Prospect Park-Prospect Park Southwest Lower,355,39,78,11215
B073-DF0932,Activated,CS Metal,1,,FALSE,,TRUE,B073,Prospect Park,B073-ZN14,Middle Long Meadow,B-19,B,"100,040,403",DRINKFTN,I,B073-ZN14,CS Metal-Prospect Park-Middle Long Meadow,355,39,78,11215
B073-DF0933,Activated,Bottle Filler Fountain,2,,FALSE,"Under Tree, In Shade",TRUE,B073,Prospect Park,B073-ZN14,Middle Long Meadow,B-19,B,"100,040,427",DRINKFTN,I,B073-ZN14,Bottle Filler Fountain-Prospect Park-Middle Long Meadow,355,39,78,11215
B073-DF0934,Activated,E High Low,2,TRUE,FALSE,"Out in Open, Near Ballfield",TRUE,B073,Prospect Park,B073-ZN16,Quaker Hill And Friends Cemetery,B-19,B,"100,040,482",DRINKFTN,I,B073-ZN16,E High Low-Prospect Park-Quaker Hill And Friends Cemetery,355,39,78,11215
B073-DF0935,Activated,Bottle Filler High Low,3,,FALSE,,TRUE,B073,Prospect Park,B073-ZN15,Lower Long Meadow,B-19,B,"100,040,435",DRINKFTN,I,B073-ZN15,Bottle Filler High Low-Prospect Park-Lower Long Meadow,355,39,78,11215
B073-DF0936,Activated,E,1,,FALSE,,TRUE,B073,Prospect Park,B073-ZN14,Middle Long Meadow,B-19,B,"100,040,398",DRINKFTN,I,B073-ZN14,E-Prospect Park-Middle Long Meadow,355,39,78,11215
B073-DF0937,Activated,E High Low,2,,FALSE,,TRUE,B073,Prospect Park,B073-ZN25,Prospect Lake Near Duck Island,B-19,B,"100,040,483",DRINKFTN,I,B073-ZN25,E High Low-Prospect Park-Prospect Lake Near Duck Island,355,39,78,11215
B073-DF0938,Activated,B,1,,FALSE,,TRUE,B073,Prospect Park,B073-ZN24,Lakeside Center & Concert Grove,B-19,B,"100,040,486",DRINKFTN,I,B073-ZN24,B-Prospect Park-Lakeside Center & Concert Grove,355,39,78,11215
B073-DF0939,Activated,E and Dog,2,,FALSE,,TRUE,B073,Prospect Park,B073-ZN19,The Nethermead,B-19,B,"100,040,425",DRINKFTN,I,B073-ZN19,E and Dog-Prospect Park-The Nethermead,355,39,78,11215
B073-DF0940,Activated,A,1,,FALSE,"In Shade, Under Tree",TRUE,B073,Prospect Park,B073-ZN12,"Vale Of Cashmere, Nellie's Lawn",B-19,B,"100,040,454",DRINKFTN,I,B073-ZN12,"A-Prospect Park-Vale Of Cashmere, Nellie's Lawn",355,39,78,11215
B073-DF0942,Activated,A,1,,FALSE,,TRUE,B073,Prospect Park,B073-ZN12,"Vale Of Cashmere, Nellie's Lawn",B-19,B,"100,040,467",DRINKFTN,I,B073-ZN12,"A-Prospect Park-Vale Of Cashmere, Nellie's Lawn",355,39,78,11215
B073-DF0955,Activated,E,1,TRUE,FALSE,Under Tree,TRUE,B073,Prospect Park,B073-ZN06,Prospect Park Southwest Lower,B-19,B,"100,040,448",DRINKFTN,I,B073-ZN06,E-Prospect Park-Prospect Park Southwest Lower,355,39,78,11215
B073-DF1019,Activated,Bottle Filler Fountain,2,,FALSE,,TRUE,B073,Prospect Park,B073-ZN26,Prospect Lake Near West Island,B-19,B,"100,042,975",DRINKFTN,I,B073-ZN26,Bottle Filler Fountain-Prospect Park-Prospect Lake Near West Island,355,39,78,11215
B073-DF1038,Activated,Indoor Drinking Fountain,1,,FALSE,Indoor,FALSE,B073,Prospect Park,B073,,B-19,B,"100,042,951",DRINKFTN,I,B073-BLG1225,Indoor Drinking Fountain-Prospect Park-BKLYN SHOPS,355,39,78,11215
B073-DF1040,Activated,Indoor Drinking Fountain,1,,FALSE,Indoor,FALSE,B073,Prospect Park,B073,,B-19,B,"100,042,983",DRINKFTN,I,B073-BLG1226,Indoor Drinking Fountain-Prospect Park-PROSPECT PK GARAGE,355,39,78,11215
B073-DF1041,Activated,Indoor Drinking Fountain,1,,FALSE,Indoor,FALSE,B073,Prospect Park,B073,,B-19,B,"100,042,937",DRINKFTN,I,B073-BLG1226,Indoor Fountain-Prospect Park-PROSPECT PK GARAGE,355,39,78,11215
B073-DF1042,Activated,Bottle Filler Fountain,2,,FALSE,Indoor,FALSE,B073,Prospect Park,B073-ZN03,Litchfield Villa,B-19,B,"100,042,963",DRINKFTN,I,B073-ZN03-BLG1243,Bottle Filler Fountain-Prospect Park-LITCHFIELD VILLA,355,39,78,11215
B073-DF1043,Activated,Food Prep Sink,1,,FALSE,Indoor,FALSE,B073,Prospect Park,B073-ZN03,Litchfield Villa,B-19,B,"100,043,002",DRINKFTN,I,B073-ZN03-BLG1243,Food Prep Sink-Prospect Park-LITCHFIELD VILLA,355,39,78,11215
B073-DF1044,Activated,Food Prep Sink,1,,FALSE,Indoor,FALSE,B073,Prospect Park,B073-ZN03,Litchfield Villa,B-19,B,"100,043,030",DRINKFTN,I,B073-ZN03-BLG1243,Food Prep Sink-Prospect Park-LITCHFIELD VILLA,355,39,78,11215
B073-DF1045,Activated,Food Prep Sink,1,,TRUE,Indoor,FALSE,B073,Prospect Park,B073-ZN03,Litchfield Villa,B-19,B,"100,042,334",DRINKFTN,I,B073-ZN03-BLG1243,Food Prep Sink-Prospect Park-LITCHFIELD VILLA,355,39,78,11215
B073-DF1046,Activated,Food Prep Sink,1,,FALSE,Indoor,FALSE,B073,Prospect Park,B073-ZN03,Litchfield Villa,B-19,B,"100,042,992",DRINKFTN,I,B073-ZN03-BLG1243,Food Prep Sink-Prospect Park-LITCHFIELD VILLA,355,39,78,11215
B073-DF1048,Activated,Indoor Drinking Fountain,1,,FALSE,Indoor,FALSE,B073,Prospect Park,B073-ZN03,Litchfield Villa,B-19,B,"100,043,021",DRINKFTN,I,B073-ZN03-BLG1243,Indoor Fountain-Prospect Park-LITCHFIELD VILLA,355,39,78,11215
B073-DF1049,Activated,Indoor Drinking Fountain,1,,FALSE,Indoor,FALSE,B073,Prospect Park,B073-ZN03,Litchfield Villa,B-19,B,"100,043,027",DRINKFTN,I,B073-ZN03-BLG1243,Indoor Drinking Fountain-Prospect Park-LITCHFIELD VILLA,355,39,78,11215
B073-DF1050,Activated,CS Metal,1,,FALSE,Indoor,FALSE,B073,Prospect Park,B073,,B-19,B,"100,043,010",DRINKFTN,I,B073-ZN11-BLG1254,CS Metal-Prospect Park-ZOO,355,39,78,11215
B073-DF1051,Activated,Indoor Drinking Fountain,1,,FALSE,Indoor,FALSE,B073,Prospect Park,B073,,B-19,B,"100,043,031",DRINKFTN,I,B073-ZN11-BLG1254,Indoor Fountain-Prospect Park-ZOO,355,39,78,11215
B073-DF1052,Activated,Indoor Drinking Fountain,1,,FALSE,Indoor,FALSE,B073,Prospect Park,B073,,B-19,B,"100,043,022",DRINKFTN,I,B073-ZN11-BLG1254,Indoor Drinking Fountain-Prospect Park-ZOO,355,39,78,11215
B073-DF1053,Activated,Indoor Drinking Fountain,1,,FALSE,Indoor,FALSE,B073,Prospect Park,B073,,B-19,B,"100,042,994",DRINKFTN,I,B073-ZN11-BLG1254,Indoor Drinking Fountain-Prospect Park-ZOO,355,39,78,11215
B073-DF1054,Activated,Indoor Drinking Fountain,1,,FALSE,Indoor,FALSE,B073,Prospect Park,B073-ZN23,Lullwater & Boathouse,B-19,B,"100,043,024",DRINKFTN,I,B073-ZN23-BLG1242,Indoor Drinking Fountain-Prospect Park-Audubon Center at the Boathouse,355,39,78,11215
B073-DF1055,Activated,Drinking Fountain Sink Combination,2,,FALSE,Indoor,FALSE,B073,Prospect Park,B073-ZN14,Middle Long Meadow,B-19,B,"100,043,008",DRINKFTN,I,B073-ZN14-BLG1238,Drinking Fountain Sink Combination-Prospect Park-TENNIS HOUSE,355,39,78,11215
B073-DF1056,Activated,Drinking Fountain Sink Combination,2,,FALSE,Indoor,FALSE,B073,Prospect Park,B073-ZN14,Middle Long Meadow,B-19,B,"100,043,034",DRINKFTN,I,B073-ZN14-BLG1238,Drinking Fountain Sink Combination-Prospect Park-TENNIS HOUSE,355,39,78,11215
,Activated,Bottle Filler High Low,,,FALSE,,TRUE,,,,,Q-01,Q,,DRINKFTN,,,,,,,
B073-DF1057,Activated,E,1,,FALSE,Indoor,FALSE,B073,Prospect Park,B073,,B-19,B,"100,043,015",DRINKFTN,I,B073-ZN24-BLG1232,E-Prospect Park-LeFrak Center at Lakeside Ice Rink,355,39,78,11215
B073-DF1122,Activated,Indoor Drinking Fountain,1,,FALSE,Indoor,FALSE,B073,Prospect Park,B073,,B-19,B,"100,042,445",DRINKFTN,I,B073-ZN11-BLG1254,Indoor Drinking Fountain-Prospect Park-ZOO,355,39,78,11215
B073-DF1123,Activated,Slop Sink,1,,FALSE,Indoor,FALSE,B073,Prospect Park,B073-ZN14,Middle Long Meadow,B-19,B,"100,042,450",DRINKFTN,I,B073-ZN14-BLG1238,Slop Sink-Prospect Park-Tennis House,355,39,78,11215
B073-DF1124,Activated,Food Prep Sink,1,,FALSE,Indoor,FALSE,B073,Prospect Park,B073-ZN14,Middle Long Meadow,B-19,B,"100,042,455",DRINKFTN,I,B073-ZN14-BLG1239,Food Prep Sink-Prospect Park-PICNIC HOUSE,355,39,78,11215
B073-DF1125,Activated,E,1,,FALSE,Indoor,FALSE,B073,Prospect Park,B073,,B-19,B,"100,042,461",DRINKFTN,I,B073-ZN24-BLG1232,E-Prospect Park-LeFrak Center at Lakeside Ice Rink,355,39,78,11215
B073-DF1143,Activated,Food Prep Sink,1,,FALSE,Indoor,FALSE,B073,Prospect Park,B073-ZN14,Middle Long Meadow,B-19,B,"100,042,989",DRINKFTN,I,B073-ZN14-BLG1239,Food Prep Sink-Prospect Park-PICNIC HOUSE,355,39,78,11215
B073-DF1144,Activated,Indoor Drinking Fountain,1,,FALSE,Indoor,FALSE,B073,Prospect Park,B073,,B-19,B,"100,042,987",DRINKFTN,I,B073-BLG1253,Indoor Drinking Fountain-Prospect Park-Storehouse,355,39,78,11215
B077-DF0270,Activated,E and Dog,2,TRUE,FALSE,"Just Outside Playground, In Shade, Under Tree",TRUE,B077,Coffey Park,B077,,B-06,B,"100,037,740",DRINKFTN,I,B077,E and Dog-Coffey Park,306,38,76,11231
B077-DF0271,Activated,E,1,TRUE,FALSE,Just Outside Playground,TRUE,B077,Coffey Park,B077,,B-06,B,"100,037,766",DRINKFTN,I,B077,E-Coffey Park,306,38,76,11231
B077-DF0272,Activated,D,1,FALSE,FALSE,In Playground,TRUE,B077,Coffey Park,B077-01,Coffey Park Playground,B-06,B,"100,037,707",DRINKFTN,I,B077-01,D-Coffey Park-Coffey Park Playground,306,38,76,11231
B078-DF0070,Activated,A,1,TRUE,FALSE,Just Outside Playground,TRUE,B078,Grace Playground,B078,,B-05,B,"100,037,474",DRINKFTN,I,B078,A-Grace Playground,305,42,75,11207
B078-DF0071,Activated,A,1,TRUE,FALSE,Near Ballfield,TRUE,B078,Grace Playground,B078,,B-05,B,"100,037,450",DRINKFTN,I,B078,A-Grace Playground,305,42,75,11207
B078-DF0072,Activated,A,1,TRUE,FALSE,Near Ballfield,TRUE,B078,Grace Playground,B078,,B-05,B,"100,037,472",DRINKFTN,I,B078,A-Grace Playground,305,42,75,11207
B079-DF0294,Broken,D,1,,FALSE,"Under Tree, In Playground",TRUE,B079,Saratoga Park,B079,,B-03,B,"100,037,781",DRINKFTN,I,B079,D-Saratoga Park,303,41,81,11233
B079-DF0296,Broken,A,1,,FALSE,In Playground,TRUE,B079,Saratoga Park,B079,,B-03,B,"100,037,742",DRINKFTN,I,B079,A-Saratoga Park,303,41,81,11233
B079-DF0300,Broken,B,1,,FALSE,"Under Tree, In Playground",TRUE,B079,Saratoga Park,B079,,B-03,B,"100,037,764",DRINKFTN,I,B079,B-Saratoga Park,303,41,81,11233
B079-DF0967,Broken,E,1,,FALSE,,TRUE,B079,Saratoga Park,B079,,B-03,B,"100,043,014",DRINKFTN,I,B079,E-Saratoga Park,303,41,81,11233
B080-DF0363,Activated,E,1,FALSE,FALSE,Out in Open,TRUE,B080,Asser Levy Park,B080,,B-13,B,"100,037,838",DRINKFTN,I,B080,E-Asser Levy Park,313,48,60,11224
B080-DF0799,Activated,A,1,FALSE,TRUE,"Out in Open, In Playground",TRUE,B080,Asser Levy Park,B080,,B-13,B,"100,039,591",DRINKFTN,I,B080,A-Asser Levy Park,313,47,60,11224
B082-DF0725,Broken,A,1,FALSE,FALSE,In Playground,TRUE,B082,Shore Park and Parkway,B082-01B,Vinland Plgd,B-10,B,"100,039,139",DRINKFTN,I,B082-01B,A-Shore Park and Parkway-Vinland Plgd,310,43,68,11209
B082-DF0774,Activated,C,1,FALSE,FALSE,Near Ballfield,TRUE,B082,Shore Park and Parkway,B082-ZN02,Shore Road Park Zone 2,B-10,B,"100,039,413",DRINKFTN,I,B082-ZN02,C-Shore Park and Parkway-Shore Road Park Zone 2,310,43,68,11209
B082-DF0775,Activated,A,1,FALSE,FALSE,Near Ballfield,TRUE,B082,Shore Park and Parkway,B082-ZN02,Shore Road Park Zone 2,B-10,B,"100,039,455",DRINKFTN,I,B082-ZN02,A-Shore Park and Parkway-Shore Road Park Zone 2,310,43,68,11209
B082-DF0776,Activated,A,1,FALSE,FALSE,Near Ballfield,TRUE,B082,Shore Park and Parkway,B082-ZN02,Shore Road Park Zone 2,B-10,B,"100,039,487",DRINKFTN,I,B082-ZN02,A-Shore Park and Parkway-Shore Road Park Zone 2,310,43,68,11209
B082-DF0777,Activated,D,1,FALSE,FALSE,Under Tree,TRUE,B082,Shore Park and Parkway,B082-ZN02,Shore Road Park Zone 2,B-10,B,"100,039,457",DRINKFTN,I,B082-ZN02,D-Shore Park and Parkway-Shore Road Park Zone 2,310,43,68,11209
B082-DF0778,Activated,E,1,FALSE,FALSE,In Playground,TRUE,B082,Shore Park and Parkway,B082-02,79 St Plgd,B-10,B,"100,039,489",DRINKFTN,I,B082-02,E-Shore Park and Parkway-79 St Plgd,310,43,68,11209
B082-DF0779,Activated,E,1,FALSE,FALSE,Just Outside Playground,TRUE,B082,Shore Park and Parkway,B082-02,79 St Plgd,B-10,B,"100,039,410",DRINKFTN,I,B082-02,E-Shore Park and Parkway-79 St Plgd,310,43,68,11209
B082-DF0780,Activated,A,1,FALSE,FALSE,Near Ballfield,TRUE,B082,Shore Park and Parkway,B082-ZN03,Shore Road Park Zone 3,B-10,B,"100,039,434",DRINKFTN,I,B082-ZN03,A-Shore Park and Parkway-Shore Road Park Zone 3,310,43,68,11209
B082-DF0781,Activated,C,1,FALSE,FALSE,Out in Open,TRUE,B082,Shore Park and Parkway,B082-ZN03,Shore Road Park Zone 3,B-10,B,"100,039,458",DRINKFTN,I,B082-ZN03,C-Shore Park and Parkway-Shore Road Park Zone 3,310,43,68,11209
B082-DF0782,Activated,C,1,,FALSE,Under Tree,TRUE,B082,Shore Park and Parkway,B082-ZN03,Shore Road Park Zone 3,B-10,B,"100,039,490",DRINKFTN,I,B082-ZN03,C-Shore Park and Parkway-Shore Road Park Zone 3,310,43,68,11209
,Activated,Bottle Filler High Low,,,,,TRUE,,,,,Q-03,Q,,DRINKFTN,,,,,,,
B082-DF0987,Activated,A,1,,FALSE,,TRUE,B082,Shore Park and Parkway,B082-ZN04,Shore Road Park Zone 4,B-10,B,"100,043,000",DRINKFTN,I,B082-ZN04,A-Shore Park and Parkway-Shore Road Park Zone 4,310,43,68,11209
B085-DF1066,Activated,Bottle Filler Fountain,2,,FALSE,Indoor,FALSE,B085,Metropolitan Recreation Center,B085,,B-01,B,"100,043,003",DRINKFTN,I,B085-BLG0982,Bottle Filler Fountain-Metropolitan Recreation Center,301,34,90,11211
B085-DF1067,Activated,Indoor Drinking Fountain,1,,FALSE,Indoor,FALSE,B085,Metropolitan Recreation Center,B085,,B-01,B,"100,043,019",DRINKFTN,I,B085-BLG0982,Indoor Drinking Fountain-Metropolitan Recreation Center,301,34,90,11211
B085-DF1068,Activated,Indoor Drinking Fountain,1,,FALSE,Indoor,FALSE,B085,Metropolitan Recreation Center,B085,,B-01,B,"100,042,985",DRINKFTN,I,B085-BLG0982,Indoor Fountain-Metropolitan Recreation Center,301,34,90,11211
B085-DF1069,Activated,Bottle Filler Fountain,2,,FALSE,Indoor,FALSE,B085,Metropolitan Recreation Center,B085,,B-01,B,"100,043,016",DRINKFTN,I,B085-BLG0982,Bottle Filler Fountain-Metropolitan Recreation Center,301,34,90,11211
B087-DF0001,Activated,E High Low,2,TRUE,TRUE,"In Playground, Out in Open",TRUE,B087,Sunset Park,B087-01,Sunset Park Playground,B-07,B,"100,037,403",DRINKFTN,I,B087-01,E High Low-Sunset Park-Sunset Park Playground,307,38,72,11232
B087-DF0554,Activated,E,1,TRUE,FALSE,In Playground,TRUE,B087,Sunset Park,B087,,B-07,B,"100,038,270",DRINKFTN,I,B087-01,E-Sunset Park-Sunset Park Playground,307,38,72,11232
B087-DF0555,Activated,Bottle Filler High Low,3,TRUE,FALSE,Near Ballfield,TRUE,B087,Sunset Park,B087,,B-07,B,"100,038,266",DRINKFTN,I,B087-01,Bottle Filler High Low-Sunset Park-Sunset Park Playground,307,38,72,11232
B087-DF0556,Activated,E High Low,2,TRUE,FALSE,In Playground,TRUE,B087,Sunset Park,B087,,B-07,B,"100,038,283",DRINKFTN,I,B087,E High Low-Sunset Park,307,38,72,11232
B087-DF1070,Activated,Indoor Drinking Fountain,1,,FALSE,Indoor,FALSE,B087,Sunset Park,B087,,B-07,B,"100,043,013",DRINKFTN,I,B087-BLG1086,Indoor Drinking Fountain-Sunset Park-Recreation Center,307,38,72,11232
B087-DF1071,Activated,Indoor Drinking Fountain,1,,FALSE,Indoor,FALSE,B087,Sunset Park,B087,,B-07,B,"100,042,993",DRINKFTN,I,B087-BLG1086,Indoor Drinking Fountain-Sunset Park-Recreation Center,307,38,72,11232
B087-DF1072,Activated,Indoor Drinking Fountain,1,,FALSE,Indoor,FALSE,B087,Sunset Park,B087,,B-07,B,"100,043,023",DRINKFTN,I,B087-BLG1086,Indoor Drinking Fountain-Sunset Park-Recreation Center,307,38,72,11232
B088-DF0089,Activated,C,1,TRUE,TRUE,In Playground,TRUE,B088,Herbert Von King Park,B088-03,Herbert Von King Park,B-03,B,"100,037,461",DRINKFTN,I,B088-03,C-Herbert Von King Park-Herbert Von King Park,303,36,79,11216
B088-DF0090,Activated,A,1,TRUE,FALSE,In Playground,TRUE,B088,Herbert Von King Park,B088,,B-03,B,"100,037,491",DRINKFTN,I,B088,A-Herbert Von King Park,303,36,79,11216
B088-DF0091,Activated,C,1,TRUE,FALSE,"Under Tree, In Playground",TRUE,B088,Herbert Von King Park,B088-02,Herbert Von King Park,B-03,B,"100,037,516",DRINKFTN,I,B088-02,C-Herbert Von King Park-Herbert Von King Park,303,36,79,11216
B088-DF0092,Activated,D,1,TRUE,FALSE,"Near Ballfield, In Playground",TRUE,B088,Herbert Von King Park,B088,,B-03,B,"100,037,544",DRINKFTN,I,B088,D-Herbert Von King Park,303,36,79,11216
B088-DF1004,Activated,A,1,,TRUE,,TRUE,B088,Herbert Von King Park,B088,,B-03,B,"100,042,341",DRINKFTN,I,B088,A-Herbert Von King Park,303,36,79,11216
B095-DF0259,Activated,Bottle Filler High Low,1,TRUE,FALSE,In Playground,TRUE,B095,Ennis Playground,B095,,B-06,B,"100,037,630",DRINKFTN,I,B095,C-Ennis Playground,306,39,78,11215
B096-DF0965,Activated,CS Metal,1,,FALSE,,TRUE,B096,Sgt. William Dougherty Playground,B096,,B-01,B,"100,042,997",DRINKFTN,I,B096,CS Metal-Sgt. William Dougherty Playground,301,34,94,11222
B096-DF0966,Activated,Bottle Filler High Low,3,,FALSE,,TRUE,B096,Sgt. William Dougherty Playground,B096,,B-01,B,"100,043,025",DRINKFTN,I,B096,Bottle Filler High Low-Sgt. William Dougherty Playground,301,34,94,11222
B097-DF0806,Activated,E,1,TRUE,FALSE,"In Playground, Out in Open",TRUE,B097,Sledge Playground,B097,,B-18,B,"100,039,864",DRINKFTN,I,B097,E-Sledge Playground,318,46,69,11236
B098-DF0523,Activated,D,1,FALSE,FALSE,In Playground,TRUE,B098,Martin Luther Playground,B098,,B-07,B,"100,038,237",DRINKFTN,I,B098,D-Martin Luther Playground,307,38,72,11220
B098-DF0524,Activated,A,1,FALSE,FALSE,In Playground,TRUE,B098,Martin Luther Playground,B098,,B-07,B,"100,038,219",DRINKFTN,I,B098,A-Martin Luther Playground,307,38,72,11220
B100-DF0644,Activated,E,1,TRUE,FALSE,"Out in Open, Just Outside Playground",TRUE,B100,Seth Low Playground/ Bealin Square,B100,,B-11,B,"100,038,939",DRINKFTN,I,B100,E-Seth Low Playground/ Bealin Square,311,44,62,11204
B100-DF0645,Broken,E,1,TRUE,FALSE,In Playground,TRUE,B100,Seth Low Playground/ Bealin Square,B100,,B-11,B,"100,038,991",DRINKFTN,I,B100,E-Seth Low Playground/ Bealin Square,311,44,62,11204
B100-DF0646,Activated,F High Low,2,FALSE,FALSE,Out in Open,TRUE,B100,Seth Low Playground/ Bealin Square,B100,,B-11,B,"100,038,935",DRINKFTN,I,B100,F High Low-Seth Low Playground/ Bealin Square,311,44,62,11204
B100-DF0647,Activated,F High Low,2,FALSE,FALSE,Out in Open,TRUE,B100,Seth Low Playground/ Bealin Square,B100,,B-11,B,"100,038,957",DRINKFTN,I,B100,F High Low-Seth Low Playground/ Bealin Square,311,44,62,11204
B102-DF0707,Activated,E,1,TRUE,FALSE,"Under Tree, Just Outside Playground",TRUE,B102,Crispus Attucks Playground,B102,,B-02,B,"100,039,093",DRINKFTN,I,B102,E-Crispus Attucks Playground,302,36,88,11238
,Activated,A,,,,,TRUE,,,,,Q-04,Q,,DRINKFTN,,,,,,,
B103-DF0192,Activated,C,1,FALSE,FALSE,"Just Outside Playground, Under Tree",TRUE,B103,Cypress Hills Playground,B103,,B-05,B,"100,037,644",DRINKFTN,I,B103,C-Cypress Hills Playground,305,42,75,11208
B103-DF0193,Activated,A,1,TRUE,FALSE,"Near Ballfield, Out in Open",TRUE,B103,Cypress Hills Playground,B103,,B-05,B,"100,037,690",DRINKFTN,I,B103,A-Cypress Hills Playground,305,42,75,11208
B103-DF0194,Activated,A,1,TRUE,FALSE,"Out in Open, Near Ballfield",TRUE,B103,Cypress Hills Playground,B103,,B-05,B,"100,037,611",DRINKFTN,I,B103,A-Cypress Hills Playground,305,42,75,11208
B105-DF0440,Activated,C,1,FALSE,FALSE,In Playground,TRUE,B105,Taaffe Playground,B105,,B-03,B,"100,038,067",DRINKFTN,I,B105,C-Taaffe Playground,303,33,79,11205
B105-DF0441,Activated,A,1,TRUE,FALSE,In Playground,TRUE,B105,Taaffe Playground,B105,,B-03,B,"100,038,034",DRINKFTN,I,B105,A-Taaffe Playground,303,33,79,11205
B106A-DF0416,Activated,A,1,FALSE,FALSE,"In Playground, Out in Open",TRUE,B106A,Scarangella Park,B106A,,B-13,B,"100,037,955",DRINKFTN,I,B106A,A-Scarangella Park,313,47,60,11223
B106A-DF0417,Activated,A,1,FALSE,FALSE,"Out in Open, Near Ballfield, In Playground",TRUE,B106A,Scarangella Park,B106A,,B-13,B,"100,037,978",DRINKFTN,I,B106A,A-Scarangella Park,313,47,60,11223
B106A-DF0419,Activated,E,1,FALSE,FALSE,"Near Ballfield, Out in Open",TRUE,B106A,Scarangella Park,B106A,,B-13,B,"100,037,973",DRINKFTN,I,B106A,E-Scarangella Park,313,47,60,11223
B106A-DF0420,Activated,E,1,FALSE,FALSE,"Out in Open, Near Ballfield",TRUE,B106A,Scarangella Park,B106A,,B-13,B,"100,037,970",DRINKFTN,I,B106A,E-Scarangella Park,313,47,60,11223
B107-DF0036,Activated,C,1,FALSE,FALSE,In Playground,TRUE,B107,Lion's Pride Playground,B107,,B-05,B,"100,037,421",DRINKFTN,I,B107,C-Lion's Pride Playground,305,42,75,11207
B107-DF0037,Activated,C,1,FALSE,FALSE,In Playground,TRUE,B107,Lion's Pride Playground,B107,,B-05,B,"100,037,417",DRINKFTN,I,B107,C-Lion's Pride Playground,305,42,75,11207
B109-DF0697,Activated,C,1,TRUE,FALSE,In Playground,TRUE,B109,Bill Brown Playground,B109,,B-15,B,"100,039,174",DRINKFTN,I,B109,C-Bill Brown Playground,315,48,61,11235
B109-DF0698,Activated,A,1,FALSE,FALSE,In Playground,TRUE,B109,Bill Brown Playground,B109,,B-15,B,"100,039,118",DRINKFTN,I,B109,A-Bill Brown Playground,315,48,61,11235
B109-DF0701,Activated,E,1,FALSE,FALSE,Near Ballfield,TRUE,B109,Bill Brown Playground,B109,,B-15,B,"100,039,170",DRINKFTN,I,B109,E-Bill Brown Playground,315,48,61,11235
B109-DF0702,Activated,E,1,FALSE,FALSE,Near Ballfield,TRUE,B109,Bill Brown Playground,B109,,B-15,B,"100,039,095",DRINKFTN,I,B109,E-Bill Brown Playground,315,48,61,11235
B109-DF0703,Activated,E,1,FALSE,FALSE,Out in Open,TRUE,B109,Bill Brown Playground,B109,,B-15,B,"100,039,119",DRINKFTN,I,B109,E-Bill Brown Playground,315,48,61,11235
B109-DF1073,Activated,Indoor Drinking Fountain,1,,FALSE,Indoor,FALSE,B109,Bill Brown Playground,B109,,B-15,B,"100,043,020",DRINKFTN,I,B109-BLG1168,Indoor Drinking Fountain-Bill Brown Playground-Comfort Station,315,48,61,11235
B110-DF0160,Activated,E,1,TRUE,FALSE,Out in Open,TRUE,B110,Marion Hopkinson Playground,B110,,B-16,B,"100,037,541",DRINKFTN,I,B110,E-Marion Hopkinson Playground,316,41,73,11233
B110-DF0162,Activated,B,1,TRUE,FALSE,"Under Tree, In Shade",TRUE,B110,Marion Hopkinson Playground,B110,,B-16,B,"100,037,589",DRINKFTN,I,B110,B-Marion Hopkinson Playground,316,41,73,11233
B110-DF0164,Activated,C,1,TRUE,FALSE,"Under Tree, In Shade",TRUE,B110,Marion Hopkinson Playground,B110,,B-16,B,"100,037,564",DRINKFTN,I,B110,C-Marion Hopkinson Playground,316,41,73,11233
B110-DF0165,Activated,C,1,FALSE,FALSE,Out in Open,TRUE,B110,Marion Hopkinson Playground,B110,,B-16,B,"100,037,586",DRINKFTN,I,B110,C-Marion Hopkinson Playground,316,41,73,11233
B111A-DF0253,Activated,F and Dog,2,FALSE,FALSE,Out in Open,TRUE,B111A,Washington Park,B111A,,B-06,B,"100,037,653",DRINKFTN,I,B111A,F and Dog-Washington Park,306,39,78,11215
B111A-DF0572,Activated,E High Low,2,TRUE,TRUE,In Playground,TRUE,B111A,Washington Park,B111A,,B-06,B,"100,038,337",DRINKFTN,I,B111A,E High Low-Washington Park,306,39,78,11215
B111A-DF0573,Activated,E,1,TRUE,FALSE,In Playground,TRUE,B111A,Washington Park,B111A,,B-06,B,"100,038,333",DRINKFTN,I,B111A,E-Washington Park,306,39,78,11215
B111A-DF0574,Activated,C,1,TRUE,FALSE,In Playground,TRUE,B111A,Washington Park,B111A,,B-06,B,"100,038,328",DRINKFTN,I,B111A,C-Washington Park,306,39,78,11215
B111-DF0251,Activated,E High Low,2,FALSE,FALSE,In Playground,TRUE,B111,J.J. Byrne Playground,B111,,B-06,B,"100,037,643",DRINKFTN,I,B111,E High Low-J.J. Byrne Playground,306,39,78,11215
B111-DF0252,Activated,E,1,TRUE,FALSE,In Playground,TRUE,B111,J.J. Byrne Playground,B111,,B-06,B,"100,037,688",DRINKFTN,I,B111,E-J.J. Byrne Playground,306,39,78,11215
B111-DF0879,Broken,E,1,TRUE,FALSE,Near Ballfield,TRUE,B111,J.J. Byrne Playground,B111,,B-06,B,"100,040,230",DRINKFTN,I,B111,E-J.J. Byrne Playground,306,39,78,11215
B113A-DF0003,UnderConstruction,A,1,TRUE,FALSE,Out in Open,TRUE,B113A,Cadman Plaza Park,B113A,,B-02,B,"100,037,410",DRINKFTN,I,B113A,A-Cadman Plaza Park,302,33,84,11201
B113A-DF0794,Activated,E,1,TRUE,FALSE,"Out in Open, Under Tree",TRUE,B113A,Cadman Plaza Park,B113A,,B-02,B,"100,039,427",DRINKFTN,I,B113A,E-Cadman Plaza Park,302,33,84,11201
B113A-DF1015,Broken,A,1,,FALSE,,TRUE,B113A,Cadman Plaza Park,B113A,,B-02,B,"100,043,026",DRINKFTN,I,B113A,A-Cadman Plaza Park,302,33,84,11201
,Activated,A,,,,,TRUE,,,,,Q-04,Q,,DRINKFTN,,,,,,,
B113A-DF1074,Activated,Indoor Drinking Fountain,1,,FALSE,Indoor,FALSE,B113A,Cadman Plaza Park,B113A,,B-02,B,"100,042,995",DRINKFTN,I,B113A-BLG1006,Indoor Drinking Fountain-Cadman Plaza Park-BROOKLYN WAR,302,33,84,11201
B113A-DF1127,Activated,Food Prep Sink,1,,FALSE,Indoor,FALSE,B113A,Cadman Plaza Park,B113A,,B-02,B,"100,042,469",DRINKFTN,I,B113A-BLG1006,Food Prep Sink-Cadman Plaza Park-BROOKLYN WAR,302,33,84,11201
B113C-DF0802,Activated,E,1,TRUE,FALSE,Out in Open,TRUE,B113C,Columbus Park,B113C,,B-02,B,"100,039,590",DRINKFTN,I,B113C,E-Columbus Park,302,33,84,11201
B113C-DF0803,Activated,Monument,1,FALSE,FALSE,Out in Open,TRUE,B113C,Columbus Park,B113C,,B-02,B,"100,039,518",DRINKFTN,I,B113C,Monument-Columbus Park,302,33,84,11201
B113E-DF0800,Activated,E,1,TRUE,FALSE,Out in Open,TRUE,B113E,Walt Whitman Park,B113E,,B-02,B,"100,039,540",DRINKFTN,I,B113E,E-Walt Whitman Park,302,33,84,11201
B113E-DF0801,Activated,E,1,TRUE,FALSE,Out in Open,TRUE,B113E,Walt Whitman Park,B113E,,B-02,B,"100,039,566",DRINKFTN,I,B113E,E-Walt Whitman Park,302,33,84,11201
B114-DF0235,Activated,E,1,FALSE,FALSE,"Under Tree, In Shade",TRUE,B114,Msgr. McGolrick Park,B114,,B-01,B,"100,037,612",DRINKFTN,I,B114,E-Msgr. McGolrick Park,301,33,94,11222
B114-DF0962,Activated,A,1,,FALSE,,TRUE,B114,Msgr. McGolrick Park,B114-01,Monsignor Mcgolrick Playground,B-01,B,"100,043,028",DRINKFTN,I,B114-01,A-Msgr. McGolrick Park-Monsignor Mcgolrick Playground,301,33,94,11222
B114-DF0963,Activated,E High Low,2,,FALSE,,TRUE,B114,Msgr. McGolrick Park,B114-01,Monsignor Mcgolrick Playground,B-01,B,"100,043,011",DRINKFTN,I,B114-01,E High Low-Msgr. McGolrick Park-Monsignor Mcgolrick Playground,301,33,94,11222
B114-DF0964,Activated,E High Low,2,,FALSE,,TRUE,B114,Msgr. McGolrick Park,B114-01,Monsignor Mcgolrick Playground,B-01,B,"100,042,990",DRINKFTN,I,B114-01,E High Low-Msgr. McGolrick Park-Monsignor Mcgolrick Playground,301,33,94,11222
B121-DF0078,Activated,D,1,FALSE,FALSE,In Playground,TRUE,B121,Dodger Playground,B121,,B-09,B,"100,037,492",DRINKFTN,I,B121,D-Dodger Playground,309,35,71,11225
B124-DF0410,Activated,A,1,FALSE,TRUE,In Playground,TRUE,B124,William Sheridan Playground,B124,,B-01,B,"100,037,930",DRINKFTN,I,B124,A-William Sheridan Playground,301,34,90,11249
B124-DF0411,Activated,C,1,FALSE,FALSE,"Under Tree, In Playground, In Shade",TRUE,B124,William Sheridan Playground,B124,,B-01,B,"100,037,977",DRINKFTN,I,B124,C-William Sheridan Playground,301,34,90,11249
B125-DF0010,Activated,E,1,FALSE,FALSE,"Out in Open, Near Ballfield",TRUE,B125,Calvert Vaux Park,B125-ZN02,Calvert Vaux Park Zone 2,B-13,B,"100,037,434",DRINKFTN,I,B125-ZN02,E-Calvert Vaux Park-Calvert Vaux Park Zone 2,313,43,60,11214
B125-DF0011,Activated,E,1,FALSE,FALSE,"Under Tree, In Shade, Out in Open",TRUE,B125,Calvert Vaux Park,B125-ZN02,Calvert Vaux Park Zone 2,B-13,B,"100,037,414",DRINKFTN,I,B125-ZN02,E-Calvert Vaux Park-Calvert Vaux Park Zone 2,313,43,60,11214
B125-DF0321,Activated,E,1,FALSE,FALSE,"Out in Open, Near Ballfield",TRUE,B125,Calvert Vaux Park,B125-ZN02,Calvert Vaux Park Zone 2,B-13,B,"100,037,731",DRINKFTN,I,B125-ZN02,E-Calvert Vaux Park-Calvert Vaux Park Zone 2,313,43,60,11214
B125-DF0421,Activated,E,1,FALSE,FALSE,"Under Tree, In Shade, In Playground",TRUE,B125,Calvert Vaux Park,B125-01,Calvert Vaux Park Playground,B-13,B,"100,037,989",DRINKFTN,I,B125-01,E-Calvert Vaux Park-Calvert Vaux Park Playground,313,43,60,11214
B125-DF0422,Activated,E,1,FALSE,FALSE,"Under Tree, In Shade, Just Outside Playground",TRUE,B125,Calvert Vaux Park,B125-01,Calvert Vaux Park Playground,B-13,B,"100,037,954",DRINKFTN,I,B125-01,E-Calvert Vaux Park-Calvert Vaux Park Playground,313,43,60,11214
B125-DF0424,Activated,E,1,FALSE,FALSE,"Under Tree, In Shade, In Playground",TRUE,B125,Calvert Vaux Park,B125-01,Calvert Vaux Park Playground,B-13,B,"100,037,974",DRINKFTN,I,B125-01,E-Calvert Vaux Park-Calvert Vaux Park Playground,313,43,60,11214
B125-DF0426,Activated,E,1,FALSE,FALSE,"In Shade, Under Tree, In Playground",TRUE,B125,Calvert Vaux Park,B125-01,Calvert Vaux Park Playground,B-13,B,"100,037,947",DRINKFTN,I,B125-01,E-Calvert Vaux Park-Calvert Vaux Park Playground,313,43,60,11214
B125-DF0638,Broken,A,1,TRUE,FALSE,"Out in Open, Near Ballfield",TRUE,B125,Calvert Vaux Park,B125-ZN02,Calvert Vaux Park Zone 2,B-13,B,"100,038,979",DRINKFTN,I,B125-ZN02,A-Calvert Vaux Park-Calvert Vaux Park Zone 2,313,43,60,11214
B126-DF0004,NotYetActivated,D,1,,TRUE,Out in Open,TRUE,B126,Red Hook Recreation Area,B126,,B-06,B,"100,037,427",DRINKFTN,I,B126,D-Red Hook Recreation Area,306,38,76,11231
B126-DF0005,UnderConstruction,A,1,TRUE,FALSE,Out in Open,TRUE,B126,Red Hook Recreation Area,B126,,B-06,B,"100,037,407",DRINKFTN,I,B126,A-Red Hook Recreation Area,306,38,76,11231
B126-DF0006,NotYetActivated,A,1,TRUE,TRUE,Out in Open,TRUE,B126,Red Hook Recreation Area,B126,,B-06,B,"100,037,424",DRINKFTN,I,B126,A-Red Hook Recreation Area,306,38,76,11231
B126-DF0007,NotYetActivated,A,1,TRUE,TRUE,Out in Open,TRUE,B126,Red Hook Recreation Area,B126,,B-06,B,"100,037,404",DRINKFTN,I,B126,A-Red Hook Recreation Area,306,38,76,11231
B126-DF0008,NotYetActivated,D,1,TRUE,TRUE,Out in Open,TRUE,B126,Red Hook Recreation Area,B126,,B-06,B,"100,037,439",DRINKFTN,I,B126,D-Red Hook Recreation Area,306,38,76,11231
B126-DF0009,NotYetActivated,A,1,TRUE,TRUE,Out in Open,TRUE,B126,Red Hook Recreation Area,B126,,B-06,B,"100,037,418",DRINKFTN,I,B126,A-Red Hook Recreation Area,306,38,76,11231
B126-DF0049,Activated,C,1,FALSE,FALSE,In Playground,TRUE,B126,Red Hook Recreation Area,B126-01,Bush Clinton Park,B-06,B,"100,037,465",DRINKFTN,I,B126-01,C-Red Hook Recreation Area-Bush Clinton Park,306,38,76,11231
,Activated,A,,,,,TRUE,,,,,Q-04,Q,,DRINKFTN,,,,,,,
B126-DF0050,Activated,C,1,FALSE,FALSE,In Playground,TRUE,B126,Red Hook Recreation Area,B126-01,Bush Clinton Park,B-06,B,"100,037,486",DRINKFTN,I,B126-01,C-Red Hook Recreation Area-Bush Clinton Park,306,38,76,11231
B126-DF0055,Activated,A,1,FALSE,FALSE,Out in Open,TRUE,B126,Red Hook Recreation Area,B126-ZN03,Red Hook Park Zone 3,B-06,B,"100,037,456",DRINKFTN,I,B126-ZN03,A-Red Hook Recreation Area-Red Hook Park Zone 3,306,38,76,11231
B126-DF0056,Activated,A,1,FALSE,FALSE,Out in Open,TRUE,B126,Red Hook Recreation Area,B126-ZN03,Red Hook Park Zone 3,B-06,B,"100,037,477",DRINKFTN,I,B126-ZN03,A-Red Hook Recreation Area-Red Hook Park Zone 3,306,38,76,11231
B126-DF0057,Activated,CS Metal,1,FALSE,FALSE,Out in Open,TRUE,B126,Red Hook Recreation Area,B126-ZN03,Red Hook Park Zone 3,B-06,B,"100,037,453",DRINKFTN,I,B126-ZN03,CS Metal-Red Hook Recreation Area-Zone 3,306,38,76,11231
B126-DF0058,Activated,A,1,TRUE,FALSE,Out in Open,TRUE,B126,Red Hook Recreation Area,B126-ZN03,Red Hook Park Zone 3,B-06,B,"100,037,489",DRINKFTN,I,B126-ZN03,A-Red Hook Recreation Area-Red Hook Park Zone 3,306,38,76,11231
B126-DF0062,Activated,A,1,TRUE,FALSE,Out in Open,TRUE,B126,Red Hook Recreation Area,B126-ZN03,Red Hook Park Zone 3,B-06,B,"100,037,484",DRINKFTN,I,B126-ZN03,A-Red Hook Recreation Area-Red Hook Park Zone 3,306,38,76,11231
B126-DF0064,Activated,A,1,FALSE,FALSE,"Out in Open, Near Ballfield",TRUE,B126,Red Hook Recreation Area,B126-ZN05,Red Hook Park Zone 5,B-06,B,"100,037,481",DRINKFTN,I,B126-ZN05,A-Red Hook Recreation Area-Red Hook Park Zone 5,306,38,76,11231
B126-DF0066,Activated,A,1,FALSE,FALSE,Out in Open,TRUE,B126,Red Hook Recreation Area,B126-ZN05,Red Hook Park Zone 5,B-06,B,"100,037,478",DRINKFTN,I,B126-ZN05,A-Red Hook Recreation Area-Red Hook Park Zone 5,306,38,76,11231
B126-DF0067,Activated,C,1,FALSE,FALSE,Out in Open,TRUE,B126,Red Hook Recreation Area,B126-ZN06,Red Hook Park Zone 6,B-06,B,"100,037,454",DRINKFTN,I,B126-ZN06,C-Red Hook Recreation Area-Red Hook Park Zone 6,306,38,76,11231
B126-DF1009,Broken,Other,1,,FALSE,,TRUE,B126,Red Hook Recreation Area,B126-ZN02,Red Hook Park Zone 2,B-06,B,"100,043,017",DRINKFTN,I,B126-ZN02,Other-Red Hook Recreation Area-Red Hook Park Zone 2,306,38,76,11231
B126-DF1075,Activated,Indoor Drinking Fountain,1,,FALSE,Indoor,FALSE,B126,Red Hook Recreation Area,B126,,B-06,B,"100,042,998",DRINKFTN,I,B126-BLG1076,Indoor Drinking Fountain-Red Hook Recreation Area-Recreation Center,306,38,76,11231
B126-DF1076,Activated,Indoor Drinking Fountain,1,,FALSE,Indoor,FALSE,B126,Red Hook Recreation Area,B126,,B-06,B,"100,043,006",DRINKFTN,I,B126-BLG1076,Indoor Drinking Fountain-Red Hook Recreation Area-Recreation Center,306,38,76,11231
B126-DF1077,Activated,Indoor Drinking Fountain,1,,FALSE,Indoor,FALSE,B126,Red Hook Recreation Area,B126,,B-06,B,"100,043,032",DRINKFTN,I,B126-BLG1076,Indoor Drinking Fountain-Red Hook Recreation Area-Recreation Center,306,38,76,11231
B126-DF1078,Activated,Indoor Drinking Fountain,1,,FALSE,Indoor,FALSE,B126,Red Hook Recreation Area,B126,,B-06,B,"100,043,012",DRINKFTN,I,B126-BLG1076,Indoor Drinking Fountain-Red Hook Recreation Area-Recreation Center,306,38,76,11231
B126-DF1128,Activated,Food Prep Sink,1,,FALSE,Indoor,FALSE,B126,Red Hook Recreation Area,B126,,B-06,B,"100,042,474",DRINKFTN,I,B126-BLG1076,Food Prep Sink-Red Hook Recreation Area-Red Hook Recreation Center,306,38,76,11231
B127-DF0461,Activated,C,1,FALSE,FALSE,"Near Ballfield, Just Outside Playground",TRUE,B127,Martinez Playground,B127,,B-01,B,"100,038,055",DRINKFTN,I,B127,C-Martinez Playground,301,34,90,11206
B128-DF0503,Activated,C,1,FALSE,FALSE,"Under Tree, In Playground, Out in Open",TRUE,B128,Colonel David Marcus Playground,B128,,B-12,B,"100,038,187",DRINKFTN,I,B128,C-Colonel David Marcus Playground,312,44,66,11230
B128-DF0504,Activated,C,1,FALSE,FALSE,"Under Tree, In Playground, Out in Open",TRUE,B128,Colonel David Marcus Playground,B128,,B-12,B,"100,038,134",DRINKFTN,I,B128,C-Colonel David Marcus Playground,312,44,66,11230
B128-DF0505,Activated,C,1,FALSE,FALSE,"Near Ballfield, Out in Open",TRUE,B128,Colonel David Marcus Playground,B128,,B-12,B,"100,038,160",DRINKFTN,I,B128,C-Colonel David Marcus Playground,312,44,66,11230
B128-DF0506,Activated,C,1,,FALSE,"Under Tree, In Shade",TRUE,B128,Colonel David Marcus Playground,B128,,B-12,B,"100,038,102",DRINKFTN,I,B128,C-Colonel David Marcus Playground,312,44,66,11230
B129-DF0355,Activated,C,1,FALSE,FALSE,"Out in Open, In Playground",TRUE,B129,Kaiser Park,B129-01,Leon S Kaiser Playground,B-13,B,"100,037,880",DRINKFTN,I,B129-01,C-Kaiser Park-Leon S Kaiser Playground,313,47,60,11224
B129-DF0356,Activated,A,1,FALSE,FALSE,"Out in Open, Just Outside Playground",TRUE,B129,Kaiser Park,B129-ZN01,Kaiser Park Zone 1,B-13,B,"100,037,804",DRINKFTN,I,B129-ZN01,A-Kaiser Park-Kaiser Park Zone 1,313,47,60,11224
B129-DF0357,Activated,E,1,FALSE,FALSE,"Out in Open, Near Ballfield",TRUE,B129,Kaiser Park,B129-ZN02,Kaiser Park Zone 2,B-13,B,"100,037,827",DRINKFTN,I,B129-ZN02,E-Kaiser Park-Kaiser Park Zone 2,313,47,60,11224
B129-DF0358,Activated,C,1,FALSE,FALSE,"Out in Open, In Playground",TRUE,B129,Kaiser Park,B129-ZN01,Kaiser Park Zone 1,B-13,B,"100,037,876",DRINKFTN,I,B129-ZN01,C-Kaiser Park-Kaiser Park Zone 1,313,47,60,11224
B129-DF0359,Activated,C,1,FALSE,FALSE,"Out in Open, In Playground",TRUE,B129,Kaiser Park,B129-ZN01,Kaiser Park Zone 1,B-13,B,"100,037,798",DRINKFTN,I,B129-ZN01,C-Kaiser Park-Kaiser Park Zone 1,313,47,60,11224
B130-DF0541,Activated,A,1,TRUE,FALSE,In Playground,TRUE,B130,Greenwood Playground,B130,,B-07,B,"100,038,282",DRINKFTN,I,B130,A-Greenwood Playground,307,39,72,11218
B130-DF0544,Activated,C,1,FALSE,FALSE,In Playground,TRUE,B130,Greenwood Playground,B130,,B-07,B,"100,038,289",DRINKFTN,I,B130,C-Greenwood Playground,307,39,72,11218
,Activated,Bottle Filler High Low,,,,,TRUE,,,,,Q-15,Q,,DRINKFTN,,,,,,,
B130-DF0545,Activated,C,1,FALSE,FALSE,In Playground,TRUE,B130,Greenwood Playground,B130,,B-07,B,"100,038,284",DRINKFTN,I,B130,C-Greenwood Playground,307,39,72,11218
B130-DF0546,Activated,A,1,TRUE,FALSE,In Playground,TRUE,B130,Greenwood Playground,B130,,B-07,B,"100,038,278",DRINKFTN,I,B130,A-Greenwood Playground,307,39,72,11218
B130-DF0547,Activated,A,1,TRUE,FALSE,In Playground,TRUE,B130,Greenwood Playground,B130,,B-07,B,"100,038,258",DRINKFTN,I,B130,A-Greenwood Playground,307,39,72,11218
B130-DF0548,Activated,A,1,TRUE,FALSE,In Playground,TRUE,B130,Greenwood Playground,B130,,B-07,B,"100,038,254",DRINKFTN,I,B130,A-Greenwood Playground,307,39,72,11218
B131-DF0035,Activated,C,1,FALSE,FALSE,"In Playground, Out in Open",TRUE,B131,Rudd Playground,B131,,B-04,B,"100,037,423",DRINKFTN,I,B131,C-Rudd Playground,304,37,83,11207
B132-DF0470,Activated,D,1,FALSE,TRUE,"Under Tree, In Playground",TRUE,B132,Gilbert Ramirez Park,B132,,B-01,B,"100,038,025",DRINKFTN,I,B132,D-Gilbert Ramirez Park,301,34,90,11206
B135-DF0988,Activated,Bottle Filler Fountain,2,,FALSE,,TRUE,B135,Newtown Barge Playground,B135,,B-01,B,"100,043,033",DRINKFTN,I,B135,Bottle Filler Fountain-Newtown Barge,301,33,94,11222
B135-DF0989,Activated,Bottle Filler High Low,3,,FALSE,,TRUE,B135,Newtown Barge Playground,B135,,B-01,B,"100,042,999",DRINKFTN,I,B135,Bottle Filler High Low-Newtown Barge,301,33,94,11222
B137-DF0438,Activated,C,1,FALSE,FALSE,"In Playground, Out in Open",TRUE,B137,Sixteen Sycamores Playground,B137,,B-02,B,"100,038,014",DRINKFTN,I,B137,C-Sixteen Sycamores Playground,302,33,84,11217
B137-DF0439,Activated,C,1,FALSE,TRUE,"Under Tree, Out in Open, Just Outside Playground",TRUE,B137,Sixteen Sycamores Playground,B137,,B-02,B,"100,038,040",DRINKFTN,I,B137,C-Sixteen Sycamores Playground,302,33,84,11217
B139-DF0060,Activated,Bottle Filler Fountain,2,TRUE,FALSE,"Out in Open, Near Ballfield",TRUE,B139,Heckscher Playground,B139,,B-04,B,"100,037,487",DRINKFTN,I,B139,Bottle Filler Fountain-Heckscher Playground,304,37,83,11221
B139-DF0061,Activated,F High Low,2,TRUE,FALSE,Out in Open,TRUE,B139,Heckscher Playground,B139,,B-04,B,"100,037,463",DRINKFTN,I,B139,F High Low-Heckscher Playground,304,37,83,11221
B139-DF0063,Activated,C,1,FALSE,FALSE,"Out in Open, In Playground",TRUE,B139,Heckscher Playground,B139,,B-04,B,"100,037,460",DRINKFTN,I,B139,C-Heckscher Playground,304,37,83,11221
B139-DF0065,Activated,A,1,FALSE,TRUE,Just Outside Playground,TRUE,B139,Heckscher Playground,B139,,B-04,B,"100,037,457",DRINKFTN,I,B139,A-Heckscher Playground,304,37,83,11221
B139-DF0880,Activated,C,1,FALSE,TRUE,Near Ballfield,TRUE,B139,Heckscher Playground,B139,,B-04,B,"100,040,254",DRINKFTN,I,B139,C-Heckscher Playground,304,37,83,11221
B141-DF0187,Activated,C,1,FALSE,FALSE,"In Shade, Near Ballfield",TRUE,B141,City Line Park,B141,,B-05,B,"100,037,523",DRINKFTN,I,B141,C-City Line Park,305,37,75,11208
B141-DF0188,Activated,A,1,TRUE,FALSE,"Out in Open, Near Ballfield",TRUE,B141,City Line Park,B141,,B-05,B,"100,037,507",DRINKFTN,I,B141,A-City Line Park,305,37,75,11208
B141-DF0190,Activated,C,1,FALSE,FALSE,"Under Tree, In Playground",TRUE,B141,City Line Park,B141,,B-05,B,"100,037,551",DRINKFTN,I,B141,C-City Line Park,305,37,75,11208
B141-DF0191,Activated,C,1,FALSE,FALSE,"Under Tree, In Playground",TRUE,B141,City Line Park,B141,,B-05,B,"100,037,616",DRINKFTN,I,B141,C-City Line Park,305,37,75,11208
B142-DF0385,Activated,E,1,TRUE,TRUE,"Under Tree, In Playground",TRUE,B142,Bedford Playground,B142,,B-01,B,"100,037,797",DRINKFTN,I,B142,E-Bedford Playground,301,33,90,11211
B144-DF0152,Activated,A,1,TRUE,FALSE,Out in Open,TRUE,B144,Ocean Hill Playground,B144,,B-16,B,"100,037,570",DRINKFTN,I,B144,A-Ocean Hill Playground,316,41,73,11233
B144-DF0153,Activated,D,1,TRUE,FALSE,Near Ballfield,TRUE,B144,Ocean Hill Playground,B144,,B-16,B,"100,037,514",DRINKFTN,I,B144,D-Ocean Hill Playground,316,41,73,11233
B145-DF0249,Activated,A,1,TRUE,TRUE,Out in Open,TRUE,B145,Thomas Greene Playground,B145,,B-06,B,"100,037,672",DRINKFTN,I,B145,A-Thomas Greene Playground,306,33,78,11217
B145-DF0250,Activated,D,1,FALSE,FALSE,Just Outside Playground,TRUE,B145,Thomas Greene Playground,B145,,B-06,B,"100,037,669",DRINKFTN,I,B145,D-Thomas Greene Playground,306,33,78,11217
B145-DF1079,Activated,Indoor Drinking Fountain,1,,FALSE,Indoor,FALSE,B145,Thomas Greene Playground,B145,,B-06,B,"100,043,769",DRINKFTN,I,B145-BLG1068,Indoor Fountain-Thomas Greene Playground-D & D POOL,306,33,78,11217
B145-DF1080,Activated,Indoor Drinking Fountain,1,,FALSE,Indoor,FALSE,B145,Thomas Greene Playground,B145,,B-06,B,"100,043,766",DRINKFTN,I,B145-BLG1070,Indoor Drinking Fountain-Thomas Greene Playground-D & D POOL,306,33,78,11217
B145-DF1141,Activated,Water Cooler,1,,FALSE,Indoor,FALSE,B145,Thomas Greene Playground,B145,,B-06,B,"100,043,770",DRINKFTN,I,B145-BLG1069,Water Cooler-Thomas Greene Playground-D & D POOL,306,33,78,11217
B146-DF0789,Activated,C,1,,FALSE,Near Ballfield,TRUE,B146,Quaker Parrot Park at the Dust Bowl,B146,,B-10,B,"100,039,432",DRINKFTN,I,B146,C-Quaker Parrot Park at the Dust Bowl,310,38,68,11220
B146-DF0790,Activated,C,1,FALSE,FALSE,Near Ballfield,TRUE,B146,Quaker Parrot Park at the Dust Bowl,B146,,B-10,B,"100,039,405",DRINKFTN,I,B146,C-Quaker Parrot Park at the Dust Bowl,310,38,68,11220
B146-DF0791,Activated,C,1,FALSE,FALSE,Near Ballfield,TRUE,B146,Quaker Parrot Park at the Dust Bowl,B146,,B-10,B,"100,039,484",DRINKFTN,I,B146,C-Quaker Parrot Park at the Dust Bowl,310,38,68,11220
B146-DF0792,Activated,C,1,FALSE,FALSE,Near Ballfield,TRUE,B146,Quaker Parrot Park at the Dust Bowl,B146,,B-10,B,"100,039,428",DRINKFTN,I,B146,C-Quaker Parrot Park at the Dust Bowl,310,38,68,11220
B147-DF0729,Activated,D,1,FALSE,FALSE,"Under Tree, Out in Open, Near Ballfield",TRUE,B147,Monsignor Crawford Field,B147,,B-18,B,"100,039,106",DRINKFTN,I,B147,D-Monsignor Crawford Field,318,46,63,11234
B147-DF0730,Activated,D,1,FALSE,TRUE,"Out in Open, Near Ballfield",TRUE,B147,Monsignor Crawford Field,B147,,B-18,B,"100,039,134",DRINKFTN,I,B147,D-Monsignor Crawford Field,318,46,63,11234
B148-DF0306,Activated,D,1,FALSE,TRUE,In Playground,TRUE,B148,Rolph Henry Playground,B148,,B-09,B,"100,037,728",DRINKFTN,I,B148,D-Rolph Henry Playground,309,40,71,11226
B149A-DF0068,Activated,C,1,FALSE,FALSE,In Playground,TRUE,B149A,Elton Playground,B149A,,B-05,B,"100,037,490",DRINKFTN,I,B149A,C-Elton Playground,305,42,75,11208
B149B-DF0069,Activated,A,1,FALSE,FALSE,In Playground,TRUE,B149B,Linwood Playground,B149B,,B-05,B,"100,037,467",DRINKFTN,I,B149B,A-Linwood Playground,305,42,75,11208
B150-DF0990,Broken,Other,1,,FALSE,,TRUE,B150,Kolbert Playground,B150,,B-14,B,"100,043,004",DRINKFTN,I,B150,Other-Kolbert Playground,314,44,70,11230
B150-DF0991,Activated,F High Low,2,,FALSE,,TRUE,B150,Kolbert Playground,B150,,B-14,B,"100,043,001",DRINKFTN,I,B150,F High Low-Kolbert Playground,314,44,70,11230
B150-DF0992,Activated,Bottle Filler High Low,3,,FALSE,,TRUE,B150,Kolbert Playground,B150,,B-14,B,"100,043,029",DRINKFTN,I,B150,Bottle Filler High Low-Kolbert Playground,314,44,70,11230
B151-DF0507,Activated,F High Low,2,FALSE,FALSE,"In Playground, Out in Open",TRUE,B151,Dome Playground,B151,,B-12,B,"100,038,127",DRINKFTN,I,B151,F High Low-Dome Playground,312,39,66,11218
B151-DF0508,Activated,E,1,FALSE,FALSE,"In Playground, Out in Open",TRUE,B151,Dome Playground,B151,,B-12,B,"100,038,129",DRINKFTN,I,B151,E-Dome Playground,312,39,66,11218
B151-DF0881,Activated,Bottle Filler High Low,3,TRUE,FALSE,Out in Open,TRUE,B151,Dome Playground,B151,,B-12,B,"100,040,280",DRINKFTN,I,B151,Bottle Filler High Low-Dome Playground,312,39,66,11218
B152-DF0759,Activated,C,1,FALSE,FALSE,"Out in Open, In Playground",TRUE,B152,Rappaport Playground,B152,,B-12,B,"100,039,217",DRINKFTN,I,B152,C-Rappaport Playground,312,38,66,11219
B152-DF0760,Activated,C,1,FALSE,FALSE,"Out in Open, In Playground",TRUE,B152,Rappaport Playground,B152,,B-12,B,"100,039,218",DRINKFTN,I,B152,C-Rappaport Playground,312,38,66,11219
B153-DF0149,Activated,A,1,TRUE,FALSE,Out in Open,TRUE,B153,South Pacific Playground,B153,,B-16,B,"100,037,584",DRINKFTN,I,B153,A-South Pacific Playground,316,41,73,11233
B153-DF0150,Activated,C,1,TRUE,FALSE,In Playground,TRUE,B153,South Pacific Playground,B153,,B-16,B,"100,037,518",DRINKFTN,I,B153,C-South Pacific Playground,316,41,73,11233
B153-DF0151,Activated,C,1,TRUE,FALSE,Out in Open,TRUE,B153,South Pacific Playground,B153,,B-16,B,"100,037,547",DRINKFTN,I,B153,C-South Pacific Playground,316,41,73,11233
B154-DF0330,Activated,D,1,FALSE,FALSE,"Under Tree, In Playground, In Shade",TRUE,B154,Berry Playground,B154,,B-01,B,"100,037,814",DRINKFTN,I,B154,D-Berry Playground,301,34,90,11249
B156-DF0175,Activated,C,1,FALSE,FALSE,Out in Open,TRUE,B156,Powell Playground,B156,,B-16,B,"100,037,572",DRINKFTN,I,B156,C-Powell Playground,316,37,73,11212
B156-DF0176,Activated,C,1,FALSE,FALSE,"Under Tree, In Shade, Out in Open",TRUE,B156,Powell Playground,B156,,B-16,B,"100,037,569",DRINKFTN,I,B156,C-Powell Playground,316,37,73,11212
B157-DF0668,Activated,D,1,FALSE,TRUE,In Playground,TRUE,B157,Kelly Park Playground,B157,,B-15,B,"100,039,041",DRINKFTN,I,B157,D-Kelly Park Playground,315,48,61,11229
B158-DF0793,Activated,D,1,TRUE,FALSE,"Out in Open, Just Outside Playground",TRUE,B158,Garibaldi Playground,B158,,B-11,B,"100,039,451",DRINKFTN,I,B158,D-Garibaldi Playground,311,47,62,11214
B159-DF0457,Activated,C,1,TRUE,FALSE,"Under Tree, In Playground",TRUE,B159,Mount Prospect Park,B159-01,Mt Prospect Park Playground,B-08,B,"100,038,053",DRINKFTN,I,B159-01,C-Mount Prospect Park-Mt Prospect Park Playground,355,35,78,11238
B159-DF0458,Activated,C,1,TRUE,FALSE,Under Tree,TRUE,B159,Mount Prospect Park,B159,,B-08,B,"100,038,075",DRINKFTN,I,B159,C-Mount Prospect Park,355,35,78,11238
B159-DF0459,Activated,Pedestal Wall,1,FALSE,FALSE,Out in Open,TRUE,B159,Mount Prospect Park,B159,,B-08,B,"100,038,016",DRINKFTN,I,B159,Pedestal Wall-Mount Prospect Park,355,35,78,11238
B159-DF0460,Activated,E,1,TRUE,FALSE,Out in Open,TRUE,B159,Mount Prospect Park,B159,,B-08,B,"100,038,004",DRINKFTN,I,B159,E-Mount Prospect Park,355,35,78,11238
B161-DF0455,Activated,C,1,TRUE,FALSE,In Playground,TRUE,B161,Underhill Playground,B161,,B-08,B,"100,038,006",DRINKFTN,I,B161,C-Underhill Playground,308,35,77,11238
B161-DF0456,Activated,C,1,TRUE,FALSE,"Under Tree, In Playground",TRUE,B161,Underhill Playground,B161,,B-08,B,"100,038,057",DRINKFTN,I,B161,C-Underhill Playground,308,35,77,11238
B162-DF0511,Activated,C,1,FALSE,TRUE,"In Playground, Out in Open",TRUE,B162,Brizzi Playground,B162,,B-12,B,"100,038,174",DRINKFTN,I,B162,C-Brizzi Playground,312,39,66,11219
B162-DF0512,Activated,C,1,FALSE,FALSE,"In Playground, Out in Open",TRUE,B162,Brizzi Playground,B162,,B-12,B,"100,038,098",DRINKFTN,I,B162,C-Brizzi Playground,312,39,66,11219
B163-DF0184,Activated,E High Low,2,TRUE,FALSE,"Out in Open, In Playground",TRUE,B163,Sperandeo Brothers Playground,B163,,B-05,B,"100,037,501",DRINKFTN,I,B163,E High Low-Sperandeo Brothers Playground,305,37,75,11208
B163-DF0185,Activated,E High Low,2,TRUE,FALSE,"Under Tree, In Playground",TRUE,B163,Sperandeo Brothers Playground,B163,,B-05,B,"100,037,592",DRINKFTN,I,B163,E High Low-Sperandeo Brothers Playground,305,37,75,11208
B163-DF0186,Activated,E,1,TRUE,FALSE,"Near Ballfield, Out in Open",TRUE,B163,Sperandeo Brothers Playground,B163,,B-05,B,"100,037,524",DRINKFTN,I,B163,E-Sperandeo Brothers Playground,305,37,75,11208
B164-DF0625,Activated,E,1,TRUE,FALSE,Out in Open,TRUE,B164,Bath Beach Park,B164,,B-11,B,"100,038,692",DRINKFTN,I,B164,E-Bath Beach Park,311,43,62,11214
B164-DF0626,Activated,E,1,TRUE,TRUE,Just Outside Playground,TRUE,B164,Bath Beach Park,B164,,B-11,B,"100,038,644",DRINKFTN,I,B164,E-Bath Beach Park,311,43,62,11214
B164-DF0627,Activated,A,1,TRUE,FALSE,Under Tree,TRUE,B164,Bath Beach Park,B164,,B-11,B,"100,038,670",DRINKFTN,I,B164,A-Bath Beach Park,311,43,62,11214
B164-DF0628,Activated,A,1,TRUE,FALSE,Near Ballfield,TRUE,B164,Bath Beach Park,B164,,B-11,B,"100,038,626",DRINKFTN,I,B164,A-Bath Beach Park,311,43,62,11214
B166B-DF0708,Activated,A,1,TRUE,FALSE,In Playground,TRUE,B166B,Homecrest Playground,B166B,,B-15,B,"100,039,117",DRINKFTN,I,B166B,A-Homecrest Playground,315,48,61,11235
B166C-DF0619,Activated,A,1,TRUE,FALSE,"Near Ballfield, Out in Open",TRUE,B166C,Coney Island Boat Basin,B166C-ZN02,Six Diamonds Zone 2,B-13,B,"100,038,545",DRINKFTN,I,B166C-ZN02,A-Coney Island Boat Basin-Six Diamonds Zone 2,313,43,60,11214
B166C-DF0620,Activated,A,1,FALSE,FALSE,"Out in Open, Near Ballfield",TRUE,B166C,Coney Island Boat Basin,B166C-ZN02,Six Diamonds Zone 2,B-13,B,"100,038,580",DRINKFTN,I,B166C-ZN02,A-Coney Island Boat Basin-Six Diamonds Zone 2,313,43,60,11214
B166C-DF0621,Activated,A,1,FALSE,FALSE,"Near Ballfield, Out in Open",TRUE,B166C,Coney Island Boat Basin,B166C-ZN02,Six Diamonds Zone 2,B-13,B,"100,038,581",DRINKFTN,I,B166C-ZN02,A-Coney Island Boat Basin-Six Diamonds Zone 2,313,43,60,11214
B166C-DF0622,Activated,A,1,FALSE,FALSE,"Out in Open, Near Ballfield",TRUE,B166C,Coney Island Boat Basin,B166C-ZN02,Six Diamonds Zone 2,B-13,B,"100,038,532",DRINKFTN,I,B166C-ZN02,A-Coney Island Boat Basin-Six Diamonds Zone 2,313,43,60,11214
B166C-DF0623,Activated,A,1,FALSE,FALSE,"Out in Open, Near Ballfield",TRUE,B166C,Coney Island Boat Basin,B166C-ZN02,Six Diamonds Zone 2,B-13,B,"100,038,582",DRINKFTN,I,B166C-ZN02,A-Coney Island Boat Basin-Six Diamonds Zone 2,313,43,60,11214
B166C-DF0624,Activated,A,1,TRUE,TRUE,"Out in Open, Near Ballfield",TRUE,B166C,Coney Island Boat Basin,B166C-ZN02,Six Diamonds Zone 2,B-13,B,"100,038,510",DRINKFTN,I,B166C-ZN02,A-Coney Island Boat Basin-Six Diamonds Zone 2,313,43,60,11214
B166D-DF0821,Activated,C,1,FALSE,FALSE,"Near Ballfield, Out in Open",TRUE,B166D,McGuire Fields,B166D,,B-18,B,"100,039,857",DRINKFTN,I,B166D,C-McGuire Fields,318,46,63,11234
B166D-DF0822,Activated,A,1,FALSE,TRUE,"Out in Open, Near Ballfield",TRUE,B166D,McGuire Fields,B166D,,B-18,B,"100,039,883",DRINKFTN,I,B166D,A-McGuire Fields,318,46,63,11234
B166D-DF0823,Activated,A,1,FALSE,FALSE,"Near Ballfield, Out in Open",TRUE,B166D,McGuire Fields,B166D,,B-18,B,"100,039,807",DRINKFTN,I,B166D,A-McGuire Fields,318,46,63,11234
B166D-DF0827,Activated,D,1,FALSE,FALSE,"Near Ballfield, Out in Open",TRUE,B166D,McGuire Fields,B166D,,B-18,B,"100,039,827",DRINKFTN,I,B166D,D-McGuire Fields,318,46,63,11234
B166D-DF0828,Activated,D,1,FALSE,FALSE,"Under Tree, In Shade, Near Ballfield",TRUE,B166D,McGuire Fields,B166D,,B-18,B,"100,039,852",DRINKFTN,I,B166D,D-McGuire Fields,318,46,63,11234
B166D-DF0829,Activated,D,1,FALSE,FALSE,"Out in Open, Near Ballfield",TRUE,B166D,McGuire Fields,B166D,,B-18,B,"100,039,830",DRINKFTN,I,B166D,D-McGuire Fields,318,46,63,11234
B166D-DF0830,Activated,A,1,FALSE,FALSE,"Near Ballfield, Out in Open",TRUE,B166D,McGuire Fields,B166D,,B-18,B,"100,039,855",DRINKFTN,I,B166D,A-McGuire Fields,318,46,63,11234
B166D-DF0831,Activated,A,1,FALSE,FALSE,"Near Ballfield, Out in Open",TRUE,B166D,McGuire Fields,B166D,,B-18,B,"100,039,881",DRINKFTN,I,B166D,A-McGuire Fields,318,46,63,11234
B166D-DF0832,Activated,D,1,FALSE,FALSE,"Out in Open, Near Ballfield",TRUE,B166D,McGuire Fields,B166D,,B-18,B,"100,039,805",DRINKFTN,I,B166D,D-McGuire Fields,318,46,63,11234
B166D-DF1082,Activated,Indoor Drinking Fountain,1,,FALSE,Indoor,FALSE,B166D,McGuire Fields,B166D,,B-18,B,"100,042,988",DRINKFTN,I,B166D-BLG5718,Indoor Drinking Fountain-McGuire Fields-Comfort Station,318,46,63,11234
B166-DF0824,Activated,C,1,FALSE,FALSE,"Near Ballfield, Out in Open",TRUE,B166,Belt Parkway/Shore Parkway,B166,,B-15,B,"100,039,833",DRINKFTN,I,B166,C-Belt Parkway/Shore Parkway,318,46,63,11234
B166-DF0825,Broken,D,1,FALSE,FALSE,"Near Ballfield, Out in Open",TRUE,B166,Belt Parkway/Shore Parkway,B166,,B-15,B,"100,039,858",DRINKFTN,I,B166,D-Belt Parkway/Shore Parkway,318,46,63,11234
B166-DF0826,Broken,D,1,FALSE,FALSE,"Out in Open, Near Ballfield",TRUE,B166,Belt Parkway/Shore Parkway,B166,,B-15,B,"100,039,861",DRINKFTN,I,B166,D-Belt Parkway/Shore Parkway,318,46,63,11234
B167-DF0482,Activated,C,1,FALSE,FALSE,"In Playground, Under Tree",TRUE,B167,La Guardia Playground,B167,,B-01,B,"100,038,115",DRINKFTN,I,B167,C-La Guardia Playground,301,34,90,11211
B168-DF0483,Activated,E,1,TRUE,FALSE,"Under Tree, Out in Open, In Shade",TRUE,B168,Continental Army Plaza,B168,,B-01,B,"100,038,167",DRINKFTN,I,B168,E-Continental Army Plaza,301,34,90,11211
B169A-DF0364,Activated,C,1,FALSE,FALSE,"Under Tree, In Shade, In Playground",TRUE,B169A,Brighton Playground,B169A,,B-13,B,"100,037,866",DRINKFTN,I,B169A,C-Brighton Playground,313,48,60,11235
X201-DF0116,Activated,A,1,TRUE,FALSE,Out in Open,TRUE,X201,Seton Park,X201,,X-08,X,"100,038,135",DRINKFTN,I,X201,A-Seton Park,208,11,50,10471
B169B-DF0325,Activated,C,1,FALSE,FALSE,"Out in Open, In Playground",TRUE,B169B,Poseidon Playground,B169B,,B-13,B,"100,037,891",DRINKFTN,I,B169B,C-Poseidon Playground,313,47,60,11224
B169B-DF1083,Activated,Indoor Drinking Fountain,1,,FALSE,Indoor,FALSE,B169B,Poseidon Playground,B169B,,B-13,B,"100,043,772",DRINKFTN,I,B169B-BLG1150,Indoor Drinking Fountain-Poseidon Playground-Maintenance Building,313,47,60,11224
B169-DF0539,Activated,E,1,FALSE,FALSE,Out in Open,TRUE,B169,Coney Island Beach & Boardwalk,B169-ZN01A,Coney Island Beach Zone 1a,B-13,B,"100,038,273",DRINKFTN,I,B169-ZN01A,E-Coney Island Beach & Boardwalk-Coney Island Beach Zone 1a,313,48,60,11235
B169-DF0540,Activated,E,1,FALSE,FALSE,Out in Open,TRUE,B169,Coney Island Beach & Boardwalk,B169-ZN01A,Coney Island Beach Zone 1a,B-13,B,"100,038,286",DRINKFTN,I,B169-ZN01A,E-Coney Island Beach & Boardwalk-Coney Island Beach Zone 1a,313,48,60,11235
B169-DF0542,Activated,E,1,FALSE,FALSE,Out in Open,TRUE,B169,Coney Island Beach & Boardwalk,B169-ZN01B,Coney Island Beach Zone 1b,B-13,B,"100,038,276",DRINKFTN,I,B169-ZN01B,E-Coney Island Beach & Boardwalk-Coney Island Beach Zone 1b,313,48,60,11235
B169-DF0543,Activated,E,1,FALSE,FALSE,Out in Open,TRUE,B169,Coney Island Beach & Boardwalk,B169-ZN01B,Coney Island Beach Zone 1b,B-13,B,"100,038,267",DRINKFTN,I,B169-ZN01B,E-Coney Island Beach & Boardwalk-Coney Island Beach Zone 1b,313,48,60,11235
B169-DF0549,Activated,E,1,FALSE,FALSE,Out in Open,TRUE,B169,Coney Island Beach & Boardwalk,B169-ZN01B,Coney Island Beach Zone 1b,B-13,B,"100,038,259",DRINKFTN,I,B169-ZN01B,E-Coney Island Beach & Boardwalk-Coney Island Beach Zone 1b,313,48,60,11235
B169-DF0560,Activated,E,1,FALSE,FALSE,Out in Open,TRUE,B169,Coney Island Beach & Boardwalk,B169-ZN02B,Coney Island Beach Zone 2b,B-13,B,"100,038,309",DRINKFTN,I,B169-ZN02B,E-Coney Island Beach & Boardwalk-Coney Island Beach Zone 2b,313,47,60,11224
B169-DF0561,Activated,E,1,FALSE,FALSE,Out in Open,TRUE,B169,Coney Island Beach & Boardwalk,B169-ZN02B,Coney Island Beach Zone 2b,B-13,B,"100,038,305",DRINKFTN,I,B169-ZN02B,E-Coney Island Beach & Boardwalk-Coney Island Beach Zone 2b,313,47,60,11224
B169-DF0562,Activated,E,1,FALSE,FALSE,Out in Open,TRUE,B169,Coney Island Beach & Boardwalk,B169-ZN01B,Coney Island Beach Zone 1b,B-13,B,"100,038,315",DRINKFTN,I,B169-ZN01B,E-Coney Island Beach & Boardwalk-Coney Island Beach Zone 1b,313,48,60,11235
B169-DF0563,Activated,E,1,FALSE,FALSE,Out in Open,TRUE,B169,Coney Island Beach & Boardwalk,B169-ZN01B,Coney Island Beach Zone 1b,B-13,B,"100,038,341",DRINKFTN,I,B169-ZN01B,E-Coney Island Beach & Boardwalk-Coney Island Beach Zone 1b,313,48,60,11235
B169-DF0564,Activated,E,1,FALSE,FALSE,Out in Open,TRUE,B169,Coney Island Beach & Boardwalk,B169-ZN02B,Coney Island Beach Zone 2b,B-13,B,"100,038,332",DRINKFTN,I,B169-ZN02B,E-Coney Island Beach & Boardwalk-Coney Island Beach Zone 2b,313,47,60,11224
B169-DF0565,Activated,E,1,FALSE,FALSE,Out in Open,TRUE,B169,Coney Island Beach & Boardwalk,B169-ZN02B,Coney Island Beach Zone 2b,B-13,B,"100,038,326",DRINKFTN,I,B169-ZN02B,E-Coney Island Beach & Boardwalk-Coney Island Beach Zone 2b,313,47,60,11224
B169-DF0566,Activated,E,1,FALSE,FALSE,Out in Open,TRUE,B169,Coney Island Beach & Boardwalk,B169-ZN02B,Coney Island Beach Zone 2b,B-13,B,"100,038,338",DRINKFTN,I,B169-ZN02B,E-Coney Island Beach & Boardwalk-Coney Island Beach Zone 2b,313,47,60,11224
B169-DF0567,Activated,E,1,FALSE,FALSE,Out in Open,TRUE,B169,Coney Island Beach & Boardwalk,B169-ZN02B,Coney Island Beach Zone 2b,B-13,B,"100,038,334",DRINKFTN,I,B169-ZN02B,E-Coney Island Beach & Boardwalk-Coney Island Beach Zone 2b,313,47,60,11224
B169-DF0568,Activated,E,1,FALSE,FALSE,Out in Open,TRUE,B169,Coney Island Beach & Boardwalk,B169-ZN03B,Coney Island Beach Zone 3b,B-13,B,"100,038,335",DRINKFTN,I,B169-ZN03B,E-Coney Island Beach & Boardwalk-Coney Island Beach Zone 3b,313,47,60,11224
B169-DF0569,Activated,E,1,FALSE,FALSE,Out in Open,TRUE,B169,Coney Island Beach & Boardwalk,B169-ZN03B,Coney Island Beach Zone 3b,B-13,B,"100,038,331",DRINKFTN,I,B169-ZN03B,E-Coney Island Beach & Boardwalk-Coney Island Beach Zone 3b,313,47,60,11224
B169-DF0570,Broken,E,1,FALSE,FALSE,Out in Open,TRUE,B169,Coney Island Beach & Boardwalk,B169-ZN03B,Coney Island Beach Zone 3b,B-13,B,"100,038,310",DRINKFTN,I,B169-ZN03B,E-Coney Island Beach & Boardwalk-Coney Island Beach Zone 3b,313,47,60,11224
B169-DF0571,Broken,E,1,FALSE,FALSE,Out in Open,TRUE,B169,Coney Island Beach & Boardwalk,B169-ZN03B,Coney Island Beach Zone 3b,B-13,B,"100,038,306",DRINKFTN,I,B169-ZN03B,E-Coney Island Beach & Boardwalk-Coney Island Beach Zone 3b,313,47,60,11224
B169-DF0575,Broken,E,1,FALSE,FALSE,Out in Open,TRUE,B169,Coney Island Beach & Boardwalk,B169-ZN07A,Coney Island Beach Zone 7a,B-13,B,"100,038,377",DRINKFTN,I,B169-ZN07A,E-Coney Island Beach & Boardwalk-Coney Island Beach Zone 7a,313,47,60,11224
B169-DF0576,Broken,E,1,FALSE,FALSE,Out in Open,TRUE,B169,Coney Island Beach & Boardwalk,B169-ZN07A,Coney Island Beach Zone 7a,B-13,B,"100,038,352",DRINKFTN,I,B169-ZN07A,E-Coney Island Beach & Boardwalk-Coney Island Beach Zone 7a,313,47,60,11224
B169-DF0577,Activated,E,1,FALSE,FALSE,Out in Open,TRUE,B169,Coney Island Beach & Boardwalk,B169-ZN07A,Coney Island Beach Zone 7a,B-13,B,"100,038,346",DRINKFTN,I,B169-ZN07A,E-Coney Island Beach & Boardwalk-Coney Island Beach Zone 7a,313,47,60,11224
B169-DF0578,Activated,E,1,FALSE,FALSE,Out in Open,TRUE,B169,Coney Island Beach & Boardwalk,B169-ZN07A,Coney Island Beach Zone 7a,B-13,B,"100,038,361",DRINKFTN,I,B169-ZN07A,E-Coney Island Beach & Boardwalk-Coney Island Beach Zone 7a,313,47,60,11224
B169-DF0579,Activated,E,1,FALSE,FALSE,"Out in Open, Under Tree",TRUE,B169,Coney Island Beach & Boardwalk,B169-ZN07C,Coney Island Beach Zone 7c,B-13,B,"100,038,355",DRINKFTN,I,B169-ZN07C,E-Coney Island Beach & Boardwalk-Zone 7c,313,47,60,11224
B169-DF0580,Activated,E,1,FALSE,FALSE,"Out in Open, Under Tree",TRUE,B169,Coney Island Beach & Boardwalk,B169-ZN07C,Coney Island Beach Zone 7c,B-13,B,"100,038,349",DRINKFTN,I,B169-ZN07C,E-Coney Island Beach & Boardwalk-Zone 7c,313,47,60,11224
B169-DF0581,Broken,E,1,FALSE,FALSE,Out in Open,TRUE,B169,Coney Island Beach & Boardwalk,B169-ZN07C,Coney Island Beach Zone 7c,B-13,B,"100,038,343",DRINKFTN,I,B169-ZN07C,E-Coney Island Beach & Boardwalk-Coney Island Beach Zone 7c,313,47,60,11224
B169-DF0582,Broken,E,1,FALSE,FALSE,Out in Open,TRUE,B169,Coney Island Beach & Boardwalk,B169-ZN07C,Coney Island Beach Zone 7c,B-13,B,"100,038,347",DRINKFTN,I,B169-ZN07C,E-Coney Island Beach & Boardwalk-Coney Island Beach Zone 7c,313,47,60,11224
B169-DF0583,Activated,E,1,FALSE,FALSE,Out in Open,TRUE,B169,Coney Island Beach & Boardwalk,B169-ZN04A,Coney Island Beach Zone 4a,B-13,B,"100,038,359",DRINKFTN,I,B169-ZN04A,E-Coney Island Beach & Boardwalk-Coney Island Beach Zone 4a,313,47,60,11224
B169-DF0584,Activated,E,1,FALSE,FALSE,Out in Open,TRUE,B169,Coney Island Beach & Boardwalk,B169-ZN04A,Coney Island Beach Zone 4a,B-13,B,"100,038,353",DRINKFTN,I,B169-ZN04A,E-Coney Island Beach & Boardwalk-Coney Island Beach Zone 4a,313,47,60,11224
B169-DF0585,Activated,E,1,FALSE,FALSE,Out in Open,TRUE,B169,Coney Island Beach & Boardwalk,B169-ZN04A,Coney Island Beach Zone 4a,B-13,B,"100,038,360",DRINKFTN,I,B169-ZN04A,E-Coney Island Beach & Boardwalk-Coney Island Beach Zone 4a,313,47,60,11224
B169-DF0586,Activated,E,1,FALSE,FALSE,Out in Open,TRUE,B169,Coney Island Beach & Boardwalk,B169-ZN04A,Coney Island Beach Zone 4a,B-13,B,"100,038,354",DRINKFTN,I,B169-ZN04A,E-Coney Island Beach & Boardwalk-Coney Island Beach Zone 4a,313,47,60,11224
B169-DF0587,Activated,E,1,FALSE,FALSE,Out in Open,TRUE,B169,Coney Island Beach & Boardwalk,B169-ZN04B,Coney Island Beach Zone 4b,B-13,B,"100,038,366",DRINKFTN,I,B169-ZN04B,E-Coney Island Beach & Boardwalk-Coney Island Beach Zone 4b,313,47,60,11224
B169-DF0588,Activated,E,1,FALSE,FALSE,Out in Open,TRUE,B169,Coney Island Beach & Boardwalk,B169-ZN04B,Coney Island Beach Zone 4b,B-13,B,"100,038,362",DRINKFTN,I,B169-ZN04B,E-Coney Island Beach & Boardwalk-Coney Island Beach Zone 4b,313,47,60,11224
B169-DF0589,Activated,E,1,FALSE,FALSE,Out in Open,TRUE,B169,Coney Island Beach & Boardwalk,B169-ZN04B,Coney Island Beach Zone 4b,B-13,B,"100,038,387",DRINKFTN,I,B169-ZN04B,E-Coney Island Beach & Boardwalk-Coney Island Beach Zone 4b,313,47,60,11224
B169-DF0590,Activated,E,1,FALSE,FALSE,Out in Open,TRUE,B169,Coney Island Beach & Boardwalk,B169-ZN04B,Coney Island Beach Zone 4b,B-13,B,"100,038,380",DRINKFTN,I,B169-ZN04B,E-Coney Island Beach & Boardwalk-Coney Island Beach Zone 4b,313,47,60,11224
B169-DF0591,Activated,E,1,FALSE,FALSE,Out in Open,TRUE,B169,Coney Island Beach & Boardwalk,B169-ZN05A,Coney Island Beach Zone 5a,B-13,B,"100,038,389",DRINKFTN,I,B169-ZN05A,E-Coney Island Beach & Boardwalk-Coney Island Beach Zone 5a,313,47,60,11224
B169-DF0592,Activated,E,1,FALSE,FALSE,Out in Open,TRUE,B169,Coney Island Beach & Boardwalk,B169-ZN05A,Coney Island Beach Zone 5a,B-13,B,"100,038,383",DRINKFTN,I,B169-ZN05A,E-Coney Island Beach & Boardwalk-Coney Island Beach Zone 5a,313,47,60,11224
B169-DF0593,Activated,E,1,FALSE,FALSE,Out in Open,TRUE,B169,Coney Island Beach & Boardwalk,B169-ZN05A,Coney Island Beach Zone 5a,B-13,B,"100,038,371",DRINKFTN,I,B169-ZN05A,E-Coney Island Beach & Boardwalk-Coney Island Beach Zone 5a,313,47,60,11224
B169-DF0594,Activated,E,1,FALSE,FALSE,Out in Open,TRUE,B169,Coney Island Beach & Boardwalk,B169-ZN05A,Coney Island Beach Zone 5a,B-13,B,"100,038,376",DRINKFTN,I,B169-ZN05A,E-Coney Island Beach & Boardwalk-Coney Island Beach Zone 5a,313,47,60,11224
B169-DF0595,Activated,E,1,FALSE,FALSE,Out in Open,TRUE,B169,Coney Island Beach & Boardwalk,B169-ZN05B,Coney Island Beach Zone 5b,B-13,B,"100,038,391",DRINKFTN,I,B169-ZN05B,E-Coney Island Beach & Boardwalk-Coney Island Beach Zone 5b,313,47,60,11224
B169-DF0596,Activated,E,1,FALSE,FALSE,Out in Open,TRUE,B169,Coney Island Beach & Boardwalk,B169-ZN05B,Coney Island Beach Zone 5b,B-13,B,"100,038,374",DRINKFTN,I,B169-ZN05B,E-Coney Island Beach & Boardwalk-Coney Island Beach Zone 5b,313,47,60,11224
B169-DF0597,Activated,E,1,FALSE,FALSE,Out in Open,TRUE,B169,Coney Island Beach & Boardwalk,B169-ZN05B,Coney Island Beach Zone 5b,B-13,B,"100,038,358",DRINKFTN,I,B169-ZN05B,E-Coney Island Beach & Boardwalk-Coney Island Beach Zone 5b,313,47,60,11224
B169-DF0598,Activated,E,1,FALSE,FALSE,Out in Open,TRUE,B169,Coney Island Beach & Boardwalk,B169-ZN05B,Coney Island Beach Zone 5b,B-13,B,"100,038,411",DRINKFTN,I,B169-ZN05B,E-Coney Island Beach & Boardwalk-Coney Island Beach Zone 5b,313,47,60,11224
B169-DF0599,Activated,E,1,FALSE,FALSE,Out in Open,TRUE,B169,Coney Island Beach & Boardwalk,B169-ZN05B,Coney Island Beach Zone 5b,B-13,B,"100,038,416",DRINKFTN,I,B169-ZN05B,E-Coney Island Beach & Boardwalk-Coney Island Beach Zone 5b,313,47,60,11224
B169-DF0600,Activated,E,1,FALSE,FALSE,Out in Open,TRUE,B169,Coney Island Beach & Boardwalk,B169-ZN05B,Coney Island Beach Zone 5b,B-13,B,"100,038,429",DRINKFTN,I,B169-ZN05B,E-Coney Island Beach & Boardwalk-Coney Island Beach Zone 5b,313,47,60,11224
B169-DF0602,Activated,E,1,FALSE,FALSE,Out in Open,TRUE,B169,Coney Island Beach & Boardwalk,B169-ZN06A,Coney Island Beach Zone 6a,B-13,B,"100,038,441",DRINKFTN,I,B169-ZN06A,E-Coney Island Beach & Boardwalk-Coney Island Beach Zone 6a,313,47,60,11224
B169-DF0603,Activated,E,1,FALSE,FALSE,Out in Open,TRUE,B169,Coney Island Beach & Boardwalk,B169-ZN06A,Coney Island Beach Zone 6a,B-13,B,"100,038,418",DRINKFTN,I,B169-ZN06A,E-Coney Island Beach & Boardwalk-Coney Island Beach Zone 6a,313,47,60,11224
B169-DF0604,Activated,E,1,FALSE,FALSE,Out in Open,TRUE,B169,Coney Island Beach & Boardwalk,B169-ZN06B,Coney Island Beach Zone 6b,B-13,B,"100,038,399",DRINKFTN,I,B169-ZN06B,E-Coney Island Beach & Boardwalk-Coney Island Beach Zone 6b,313,47,60,11224
B169-DF0605,Activated,E,1,FALSE,FALSE,Out in Open,TRUE,B169,Coney Island Beach & Boardwalk,B169-ZN06B,Coney Island Beach Zone 6b,B-13,B,"100,038,436",DRINKFTN,I,B169-ZN06B,E-Coney Island Beach & Boardwalk-Coney Island Beach Zone 6b,313,47,60,11224
B169-DF0606,NotYetActivated,Trough,1,FALSE,FALSE,"In Playground, Out in Open",TRUE,B169,Coney Island Beach & Boardwalk,B169,,B-13,B,"100,038,417",DRINKFTN,I,B169,Trough-Coney Island Beach & Boardwalk,313,47,60,11224
B169-DF0607,NotYetActivated,Trough,1,FALSE,FALSE,"In Playground, Out in Open",TRUE,B169,Coney Island Beach & Boardwalk,B169,,B-13,B,"100,038,426",DRINKFTN,I,B169,Trough-Coney Island Beach & Boardwalk,313,47,60,11224
B169-DF1060,Activated,Food Prep Sink,1,,TRUE,Indoor,FALSE,B169,Coney Island Beach & Boardwalk,B169-ZN03A,Coney Island Beach Zone 3a,B-13,B,"100,042,996",DRINKFTN,I,B169-ZN03A-BLG2859,Food Prep Sink-Coney Island Beach & Boardwalk-Brighton 2nd St. Lifeguard Station,313,47,60,11224
B169-DF1062,Activated,Slop Sink,1,,FALSE,Indoor,FALSE,B169,Coney Island Beach & Boardwalk,B169-ZN07A,Coney Island Beach Zone 7a,B-13,B,"100,043,009",DRINKFTN,I,B169-ZN07A-BLG1145,Slop Sink-Coney Island Beach & Boardwalk-W 27 St Comfort,313,47,60,11224
B169-DF1063,Activated,Food Prep Sink,1,,FALSE,Indoor,FALSE,B169,Coney Island Beach & Boardwalk,B169-ZN04A,Coney Island Beach Zone 4a,B-13,B,"100,043,007",DRINKFTN,I,B169-ZN04A-BLG9586,Food Prep Sink-Coney Island Beach & Boardwalk-West 2nd Comfort Station,313,47,60,11224
B173-DF0805,Activated,E,1,TRUE,FALSE,Out in Open,TRUE,B173,Fraser Square,B173,,B-18,B,"100,039,837",DRINKFTN,I,B173,E-Fraser Square,318,45,63,11234
B192A-DF0882,Activated,A,1,TRUE,FALSE,Near Ballfield,TRUE,B192A,Fort Hamilton Athletic Field,B192A,,B-10,B,"100,040,204",DRINKFTN,I,B192A,A-Fort Hamilton Athletic Field,310,43,68,11209
B192A-DF0883,Activated,A,1,TRUE,FALSE,Near Ballfield,TRUE,B192A,Fort Hamilton Athletic Field,B192A,,B-10,B,"100,040,231",DRINKFTN,I,B192A,A-Fort Hamilton Athletic Field,310,43,68,11209
B192A-DF0884,Activated,D,1,,FALSE,Near Ballfield,TRUE,B192A,Fort Hamilton Athletic Field,B192A,,B-10,B,"100,040,255",DRINKFTN,I,B192A,D-Fort Hamilton Athletic Field,310,43,68,11209
B192-DF0694,Activated,A,1,FALSE,FALSE,In Playground,TRUE,B192,Russell Pedersen Playground,B192,,B-10,B,"100,039,097",DRINKFTN,I,B192,A-Russell Pedersen Playground,310,43,68,11209
B192-DF0696,Activated,E,1,,FALSE,In Playground,TRUE,B192,Russell Pedersen Playground,B192,,B-10,B,"100,039,150",DRINKFTN,I,B192,E-Russell Pedersen Playground,310,43,68,11209
B193-DF0291,UnderConstruction,A,1,FALSE,FALSE,"Out in Open, Just Outside Playground",TRUE,B193,Hamilton Metz Field,B193,,B-09,B,"100,037,767",DRINKFTN,I,B193,A-Hamilton Metz Field,309,41,71,11203
B193-DF0292,UnderConstruction,E,1,TRUE,FALSE,Out in Open,TRUE,B193,Hamilton Metz Field,B193,,B-09,B,"100,037,711",DRINKFTN,I,B193,E-Hamilton Metz Field,309,41,71,11203
B193-DF0293,UnderConstruction,A,1,FALSE,FALSE,Near Ballfield,TRUE,B193,Hamilton Metz Field,B193,,B-09,B,"100,037,735",DRINKFTN,I,B193,A-Hamilton Metz Field,309,41,71,11203
B193-DF0885,UnderConstruction,CS Concrete,1,,FALSE,In Playground,TRUE,B193,Hamilton Metz Field,B193,,B-09,B,"100,040,199",DRINKFTN,I,B193,CS Concrete-Hamilton Metz Field,309,41,71,11203
B197-DF0684,Activated,A,1,FALSE,FALSE,In Playground,TRUE,B197,Mellett Playground,B197,,B-15,B,"100,039,055",DRINKFTN,I,B197,A-Mellett Playground,315,48,61,11229
B197-DF0685,Activated,A,1,FALSE,FALSE,Out in Open,TRUE,B197,Mellett Playground,B197,,B-15,B,"100,039,011",DRINKFTN,I,B197,A-Mellett Playground,315,48,61,11229
B200-DF0428,Activated,E,1,TRUE,FALSE,"Under Tree, In Playground",TRUE,B200,Elizabeth Stroud Playground,B200,,B-03,B,"100,037,893",DRINKFTN,I,B200,E-Elizabeth Stroud Playground,303,36,81,11233
B206-DF0634,Activated,B,1,TRUE,FALSE,"Out in Open, In Playground",TRUE,B206,Sunners Playground,B206,,B-18,B,"100,038,867",DRINKFTN,I,B206,B-Sunners Playground,318,45,63,11234
B207-DF0453,Activated,CS Concrete,1,TRUE,FALSE,"Under Tree, Out in Open, In Playground",TRUE,B207,Sarsfield Playground,B207,,B-18,B,"100,038,056",DRINKFTN,I,B207,CS Concrete-Sarsfield Playground,318,45,63,11234
B207-DF0454,Activated,D,1,TRUE,FALSE,"Out in Open, In Playground",TRUE,B207,Sarsfield Playground,B207,,B-18,B,"100,038,084",DRINKFTN,I,B207,D-Sarsfield Playground,318,45,63,11234
B208-DF0688,Activated,C,1,FALSE,FALSE,In Playground,TRUE,B208,Pfc Norton Playground,B208,,B-15,B,"100,039,082",DRINKFTN,I,B208,C-Pfc Norton Playground,315,45,61,11229
B209-DF0686,Activated,C,1,FALSE,FALSE,In Playground,TRUE,B209,Galapo Playground,B209,,B-15,B,"100,039,012",DRINKFTN,I,B209,C-Galapo Playground,315,48,61,11229
B209-DF0687,Activated,CS Concrete,1,TRUE,FALSE,In Playground,TRUE,B209,Galapo Playground,B209,,B-15,B,"100,039,056",DRINKFTN,I,B209,CS Concrete-Galapo Playground,315,48,61,11229
B210A-DF0077,Activated,A,1,TRUE,FALSE,"In Shade, Just Outside Playground",TRUE,B210A,John Allen Payne Playground,B210A,,B-07,B,"100,037,444",DRINKFTN,I,B210A,A-John Allen Payne Playground,307,38,72,11220
B210A-DF0993,Activated,Bottle Filler High Low,3,,FALSE,,TRUE,B210A,John Allen Payne Playground,B210A,,B-07,B,"100,042,986",DRINKFTN,I,B210A,Bottle Filler High Low-John Allen Payne Playground,307,38,72,11220
B210A-DF0994,Activated,F High Low,2,,FALSE,,TRUE,B210A,John Allen Payne Playground,B210A,,B-07,B,"100,043,018",DRINKFTN,I,B210A,F High Low-John Allen Payne Playground,307,38,72,11220
B210B-DF0530,Activated,A,1,TRUE,FALSE,In Playground,TRUE,B210B,D'Emic Playground,B210B,,B-07,B,"100,038,250",DRINKFTN,I,B210B,A-D'Emic Playground,307,38,72,11232
B210B-DF0531,Activated,A,1,TRUE,FALSE,In Playground,TRUE,B210B,D'Emic Playground,B210B,,B-07,B,"100,038,247",DRINKFTN,I,B210B,A-D'Emic Playground,307,38,72,11232
B210H-DF0269,Activated,A,1,TRUE,FALSE,In Playground,TRUE,B210H,Harold Ickes Playground,B210H,,B-06,B,"100,037,780",DRINKFTN,I,B210H,A-Harold Ickes Playground,306,39,76,11231
,Broken,E,,,,,TRUE,,,,,Q-15,Q,,DRINKFTN,,,,,,,
B210I-DF0527,Activated,C,1,FALSE,FALSE,In Playground,TRUE,B210I,Gonzalo Plasencia Playground,B210I,,B-07,B,"100,038,249",DRINKFTN,I,B210I,C-Gonzalo Plasencia Playground,307,38,72,11232
B210I-DF0528,Activated,C,1,FALSE,FALSE,In Playground,TRUE,B210I,Gonzalo Plasencia Playground,B210I,,B-07,B,"100,038,248",DRINKFTN,I,B210I,C-Gonzalo Plasencia Playground,307,38,72,11232
B210I-DF0529,Activated,C,1,FALSE,TRUE,In Playground,TRUE,B210I,Gonzalo Plasencia Playground,B210I,,B-07,B,"100,038,252",DRINKFTN,I,B210I,C-Gonzalo Plasencia Playground,307,38,72,11232
B210J-DF0525,Activated,A,1,TRUE,TRUE,In Playground,TRUE,B210J,Pena Herrera Playground,B210J,,B-07,B,"100,038,243",DRINKFTN,I,B210J,A-Pena Herrera Playground,307,38,72,11220
B210J-DF0526,Activated,A,1,TRUE,FALSE,In Playground,TRUE,B210J,Pena Herrera Playground,B210J,,B-07,B,"100,038,245",DRINKFTN,I,B210J,A-Pena Herrera Playground,307,38,72,11220
B210W-DF0704,UnderConstruction,A,1,FALSE,TRUE,In Playground,TRUE,B210W,John J Carty Park,B210W,,B-10,B,"100,039,148",DRINKFTN,I,B210W,A-John J Carty Park,310,43,68,11209
B210W-DF0705,UnderConstruction,A,1,FALSE,FALSE,In Playground,TRUE,B210W,John J Carty Park,B210W,,B-10,B,"100,039,172",DRINKFTN,I,B210W,A-John J Carty Park,310,43,68,11209
B210W-DF0706,Activated,A,1,FALSE,FALSE,In Playground,TRUE,B210W,John J Carty Park,B210W,,B-10,B,"100,039,096",DRINKFTN,I,B210W,A-John J Carty Park,310,43,68,11209
B210W-DF0961,UnderConstruction,A,1,,FALSE,,TRUE,B210W,John J Carty Park,B210W,,B-10,B,"100,043,059",DRINKFTN,I,B210W,A-John J Carty Park,310,43,68,11209
B210W-DF1084,Activated,Bottle Filler Fountain,2,,FALSE,Indoor,FALSE,B210W,John J Carty Park,B210W,,B-10,B,"100,043,041",DRINKFTN,I,B210W-02-BLG1106,Bottle Filler Fountain-John J Carty Park-Fort Hamilton Senior Center,310,43,68,11209
B210W-DF1085,Activated,Indoor Drinking Fountain,1,,FALSE,Indoor,FALSE,B210W,John J Carty Park,B210W,,B-10,B,"100,043,072",DRINKFTN,I,B210W-02-BLG1106,Indoor Drinking Fountain-John J Carty Park-Fort Hamilton Senior Center,310,43,68,11209
B212-DF0389,Activated,D,1,FALSE,FALSE,"Under Tree, In Playground",TRUE,B212,Hot Spot Tot Lot,B212,,B-14,B,"100,037,825",DRINKFTN,I,B212,D-Hot Spot Tot Lot,314,45,70,11210
B214-DF0025,Activated,Bottle Filler High Low,3,TRUE,FALSE,Under Tree,TRUE,B214,Linden Park,B214-01,Linden Park,B-05,B,"100,037,409",DRINKFTN,I,B214-01,Bottle Filler High Low-Linden Park-Linden Park,305,42,75,11207
B214-DF0027,Activated,Bottle Filler Fountain,2,TRUE,FALSE,Under Tree,TRUE,B214,Linden Park,B214-01,Linden Park,B-05,B,"100,037,406",DRINKFTN,I,B214-01,Bottle Filler Fountain-Linden Park-Linden Park,305,42,75,11207
B214-DF0031,Activated,A,1,FALSE,FALSE,Under Tree,TRUE,B214,Linden Park,B214-01,Linden Park,B-05,B,"100,037,416",DRINKFTN,I,B214-01,A-Linden Park-Linden Park,305,42,75,11207
B214-DF0032,Activated,A,1,FALSE,FALSE,"Under Tree, In Playground",TRUE,B214,Linden Park,B214-01,Linden Park,B-05,B,"100,037,433",DRINKFTN,I,B214-01,A-Linden Park-Linden Park,305,42,75,11207
B214-DF0168,Activated,C,1,TRUE,FALSE,Under Tree,TRUE,B214,Linden Park,B214-01,Linden Park,B-05,B,"100,037,500",DRINKFTN,I,B214-01,C-Linden Park-Linden Park,305,42,75,11207
B214-DF0169,Activated,A,1,TRUE,FALSE,Under Tree,TRUE,B214,Linden Park,B214-01,Linden Park,B-05,B,"100,037,525",DRINKFTN,I,B214-01,A-Linden Park-Linden Park,305,42,75,11207
B214-DF0170,Activated,A,1,TRUE,FALSE,Under Tree,TRUE,B214,Linden Park,B214-01,Linden Park,B-05,B,"100,037,527",DRINKFTN,I,B214-01,A-Linden Park-Linden Park,305,42,75,11207
B215-DF0960,Broken,H,1,,FALSE,,TRUE,B215,Decatur Playground,B215,,B-03,B,"100,043,035",DRINKFTN,I,B215,H-Decatur Playground,303,36,81,11233
B216-DF0116,Activated,CS Concrete,1,TRUE,FALSE,In Playground,TRUE,B216,Raymond Bush Playground,B216,,B-03,B,"100,037,528",DRINKFTN,I,B216,CS Concrete-Raymond Bush Playground,303,36,79,11221
B216-DF0117,Activated,C,1,TRUE,FALSE,In Playground,TRUE,B216,Raymond Bush Playground,B216,,B-03,B,"100,037,555",DRINKFTN,I,B216,C-Raymond Bush Playground,303,36,79,11221
B217-DF0086,Activated,A,1,TRUE,FALSE,"In Playground, Under Tree",TRUE,B217,Marcy Playground,B217,,B-03,B,"100,037,469",DRINKFTN,I,B217,A-Marcy Playground,303,36,79,11206
B217-DF0087,Activated,C,1,,FALSE,"In Playground, Under Tree",TRUE,B217,Marcy Playground,B217,,B-03,B,"100,037,445",DRINKFTN,I,B217,C-Marcy Playground,303,36,79,11206
B217-DF0088,Activated,C,1,TRUE,FALSE,Near Ballfield,TRUE,B217,Marcy Playground,B217,,B-03,B,"100,037,485",DRINKFTN,I,B217,C-Marcy Playground,303,36,79,11206
B217-DF0436,Activated,A,1,TRUE,FALSE,"In Playground, Near Ballfield",TRUE,B217,Marcy Playground,B217,,B-03,B,"100,038,058",DRINKFTN,I,B217,A-Marcy Playground,303,36,79,11206
B218-DF0199,Activated,C,1,FALSE,FALSE,"Out in Open, Near Ballfield",TRUE,B218,Paerdegat Park,B218,,B-17,B,"100,037,680",DRINKFTN,I,B218,C-Paerdegat Park,317,45,67,11203
B218-DF0244,Activated,C,1,FALSE,FALSE,"Out in Open, In Playground",TRUE,B218,Paerdegat Park,B218,,B-17,B,"100,037,627",DRINKFTN,I,B218,C-Paerdegat Park,317,45,67,11203
B218-DF0641,Activated,C,1,FALSE,FALSE,"Near Ballfield, Out in Open",TRUE,B218,Paerdegat Park,B218,,B-17,B,"100,038,965",DRINKFTN,I,B218,C-Paerdegat Park,317,45,67,11203
B219-DF0166,Activated,C,1,TRUE,FALSE,"Under Tree, In Shade",TRUE,B219,Callahan-Kelly Playground,B219,,B-16,B,"100,037,532",DRINKFTN,I,B219,C-Callahan-Kelly Playground,316,37,73,11233
B219-DF0167,Activated,A,1,TRUE,FALSE,"Under Tree, Out in Open, In Shade",TRUE,B219,Callahan-Kelly Playground,B219,,B-16,B,"100,037,559",DRINKFTN,I,B219,A-Callahan-Kelly Playground,316,37,73,11233
B219-DF0171,Activated,E,1,TRUE,FALSE,Out in Open,TRUE,B219,Callahan-Kelly Playground,B219,,B-16,B,"100,037,554",DRINKFTN,I,B219,E-Callahan-Kelly Playground,316,37,73,11233
B219-DF0172,Activated,E,1,TRUE,FALSE,Out in Open,TRUE,B219,Callahan-Kelly Playground,B219,,B-16,B,"100,037,577",DRINKFTN,I,B219,E-Callahan-Kelly Playground,316,37,73,11233
B220-DF0225,Activated,A,1,TRUE,FALSE,"Under Tree, Out in Open, In Playground",TRUE,B220,Washington Hall Park,B220,,B-02,B,"100,037,626",DRINKFTN,I,B220,A-Washington Hall Park,302,35,88,11205
B220-DF0226,Activated,C,1,FALSE,FALSE,"Under Tree, Out in Open, Just Outside Playground",TRUE,B220,Washington Hall Park,B220,,B-02,B,"100,037,675",DRINKFTN,I,B220,C-Washington Hall Park,302,35,88,11205
B221-DF0234,Activated,C,1,FALSE,FALSE,"Out in Open, Under Tree",TRUE,B221,Steuben Playground,B221,,B-02,B,"100,037,622",DRINKFTN,I,B221,C-Steuben Playground,302,33,88,11205
B222-DF0201,Activated,C,1,FALSE,TRUE,"Under Tree, Out in Open, In Playground",TRUE,B222,Pierrepont Playground,B222,,B-02,B,"100,037,639",DRINKFTN,I,B222,C-Pierrepont Playground,302,33,84,11201
B222-DF0202,Activated,A,1,TRUE,TRUE,"Under Tree, In Playground, Out in Open",TRUE,B222,Pierrepont Playground,B222,,B-02,B,"100,037,666",DRINKFTN,I,B222,A-Pierrepont Playground,302,33,84,11201
B223A-DF0236,Activated,E and Dog,2,FALSE,FALSE,Out in Open,TRUE,B223A,Dimattina Playground,B223A,,B-06,B,"100,037,689",DRINKFTN,I,B223A,E and Dog-Dimattina Playground,306,39,76,11231
B223A-DF0237,Activated,E and Dog,2,TRUE,FALSE,Out in Open,TRUE,B223A,Dimattina Playground,B223A,,B-06,B,"100,037,636",DRINKFTN,I,B223A,E and Dog-Dimattina Playground,306,39,76,11231
B223A-DF0649,Activated,C,1,FALSE,FALSE,Near Ballfield,TRUE,B223A,Dimattina Playground,B223A,,B-06,B,"100,039,005",DRINKFTN,I,B223A,C-Dimattina Playground,306,39,76,11231
B223B-DF0239,Activated,E,1,TRUE,FALSE,In Playground,TRUE,B223B,Dimattina Playground,B223B,,B-06,B,"100,037,686",DRINKFTN,I,B223B,E-Dimattina Playground,306,39,76,11231
B223B-DF0240,Activated,A,1,TRUE,FALSE,In Playground,TRUE,B223B,Dimattina Playground,B223B,,B-06,B,"100,037,632",DRINKFTN,I,B223B,A-Dimattina Playground-Comfort Station,306,39,76,11231
B223DA-DF0722,Activated,E,1,TRUE,FALSE,"Under Tree, Just Outside Playground",TRUE,B223DA,Adam Yauch Park,B223DA,,B-02,B,"100,039,144",DRINKFTN,I,B223DA,E-Adam Yauch Park,302,33,84,11201
B223DA-DF0723,Activated,E,1,TRUE,FALSE,"Under Tree, Out in Open, Just Outside Playground",TRUE,B223DA,Adam Yauch Park,B223DA,,B-02,B,"100,039,154",DRINKFTN,I,B223DA,E-Adam Yauch Park,302,33,84,11201
B223DA-DF0724,Activated,E and Dog,2,TRUE,FALSE,"Under Tree, Out in Open",TRUE,B223DA,Adam Yauch Park,B223DA,,B-02,B,"100,039,111",DRINKFTN,I,B223DA,E and Dog-Adam Yauch Park,302,33,84,11201
B223DE-DF0943,Activated,E,1,,FALSE,,TRUE,B223DE,Brooklyn Heights Promenade,B223DE,,B-02,B,"100,040,490",DRINKFTN,I,B223DE,E-Brooklyn Heights Promenade,302,33,84,11201
B223DG-DF0944,Activated,E,1,,FALSE,,TRUE,B223DG,Brooklyn Heights Promenade,B223DG,,B-02,B,"100,040,450",DRINKFTN,I,B223DG,E-Brooklyn Heights Promenade,302,33,84,11201
B223DJ-DF0945,Activated,E,1,,FALSE,,TRUE,B223DJ,Brooklyn Heights Promenade,B223DJ,,B-02,B,"100,040,481",DRINKFTN,I,B223DJ,E-Brooklyn Heights Promenade,302,33,84,11201
B223F-DF0886,Activated,C,1,,FALSE,Out in Open,TRUE,B223F,Squibb Park,B223F,,B-02,B,"100,040,239",DRINKFTN,I,B223F,C-Squibb Park,302,33,84,11201
B223F-DF0887,Activated,A,1,,FALSE,Out in Open,TRUE,B223F,Squibb Park,B223F,,B-02,B,"100,040,227",DRINKFTN,I,B223F,A-Squibb Park,302,33,84,11201
B223G-DF0206,Activated,E and Dog,2,TRUE,FALSE,"Under Tree, Out in Open",TRUE,B223G,Hillside Dog Park,B223G,,B-02,B,"100,037,606",DRINKFTN,I,B223G,E and Dog-Hillside Dog Park,302,33,84,11201
B223G-DF0888,Activated,E and Dog,2,,FALSE,"Under Tree, In Shade",TRUE,B223G,Hillside Dog Park,B223G,,B-02,B,"100,040,250",DRINKFTN,I,B223G,E and Dog-Hillside Dog Park,302,33,84,11201
B223H-DF0203,Activated,E,1,TRUE,FALSE,"Under Tree, In Playground, Out in Open",TRUE,B223H,Harry Chapin Playground,B223H,,B-02,B,"100,037,609",DRINKFTN,I,B223H,E-Harry Chapin Playground,302,33,84,11201
B223JB-DF0208,Activated,A,1,TRUE,FALSE,"In Playground, Out in Open",TRUE,B223JB,Bridge Park,B223JB,,B-02,B,"100,037,599",DRINKFTN,I,B223JB,A-Bridge Park-Comfort Station,302,33,84,11201
B223JB-DF0889,Activated,A,1,TRUE,FALSE,Near Ballfield,TRUE,B223JB,Bridge Park,B223JB,,B-02,B,"100,040,252",DRINKFTN,I,B223JB,A-Bridge Park,302,33,84,11201
B223JC-DF0209,Activated,A,1,TRUE,FALSE,Out in Open,TRUE,B223JC,Bridge Park 3,B223JC,,B-02,B,"100,037,635",DRINKFTN,I,B223JC,A-Bridge Park 3,302,33,84,11201
B223K-DF0890,Activated,A,1,FALSE,FALSE,"Under Tree, In Shade",TRUE,B223K,Trinity Park,B223K,,B-02,B,"100,040,278",DRINKFTN,I,B223K,A-Trinity Park,302,33,84,11201
B223NC-DF0415,Activated,D,1,FALSE,FALSE,"Under Tree, In Shade, Just Outside Playground",TRUE,B223NC,Penn Triangle,B223NC,,B-01,B,"100,037,980",DRINKFTN,I,B223NC,D-Penn Triangle,301,33,90,11249
B223PA-DF0403,Activated,A,1,TRUE,FALSE,Under Tree,TRUE,B223PA,Rodney Park Center,B223PA,,B-01,B,"100,037,914",DRINKFTN,I,B223PA,A-Rodney Park Center,301,34,90,11211
B223PB-DF0402,Activated,A,1,TRUE,TRUE,"Under Tree, In Playground",TRUE,B223PB,Rodney Park North,B223PB,,B-01,B,"100,037,981",DRINKFTN,I,B223PB,A-Rodney Park North,301,34,90,11211
B237-DF0313,Activated,A,1,TRUE,FALSE,Near Ballfield,TRUE,B237,John Hancock Playground,B237,,B-03,B,"100,037,751",DRINKFTN,I,B237,A-John Hancock Playground,303,36,79,11216
B223PC-DF0224,Activated,C,1,FALSE,TRUE,"Under Tree, In Shade",TRUE,B223PC,Rodney Playground South,B223PC,,B-01,B,"100,037,603",DRINKFTN,I,B223PC,C-Rodney Playground South,301,34,90,11211
B223PD-DF0892,Activated,E,1,,FALSE,"In Shade, In Playground",TRUE,B223PD,Rodney Playground Center,B223PD,,B-01,B,"100,040,214",DRINKFTN,I,B223PD,E-Rodney Playground Center,301,34,90,11211
B223PE-DF0893,Activated,A,1,,TRUE,"In Shade, In Playground",TRUE,B223PE,Rodney Playground North,B223PE,,B-01,B,"100,040,215",DRINKFTN,I,B223PE,A-Rodney Playground North,301,34,90,11211
B223R-DF0386,Activated,E,1,TRUE,FALSE,"Under Tree, In Playground",TRUE,B223R,Jaime Campiz Playground,B223R,,B-01,B,"100,037,847",DRINKFTN,I,B223R,E-Jaime Campiz Playground,301,34,90,11211
B223R-DF0797,Activated,E,2,TRUE,FALSE,In Playground,TRUE,B223R,Jaime Campiz Playground,B223R,,B-01,B,"100,039,429",DRINKFTN,I,B223R,E-Jaime Campiz Playground,301,34,90,11211
B224-DF0118,Broken,D,1,TRUE,TRUE,In Playground,TRUE,B224,P.O. Reinaldo Salgado Playground,B224,,B-03,B,"100,037,495",DRINKFTN,I,B224,D-P.O. Reinaldo Salgado Playground,303,41,81,11221
B224-DF0119,Broken,C,1,FALSE,FALSE,Near Ballfield,TRUE,B224,P.O. Reinaldo Salgado Playground,B224,,B-03,B,"100,037,519",DRINKFTN,I,B224,C-P.O. Reinaldo Salgado Playground,303,41,81,11221
B225-DF0142,Activated,A,1,TRUE,FALSE,"Near Ballfield, In Playground",TRUE,B225,St. Andrew's Playground,B225,,B-03,B,"100,037,549",DRINKFTN,I,B225,A-St. Andrew's Playground,303,36,79,11216
B225-DF0143,Activated,A,1,TRUE,FALSE,"Near Ballfield, In Playground",TRUE,B225,St. Andrew's Playground,B225,,B-03,B,"100,037,494",DRINKFTN,I,B225,A-St. Andrew's Playground,303,36,79,11216
B225-DF0144,Activated,A,1,TRUE,FALSE,"Under Tree, In Playground",TRUE,B225,St. Andrew's Playground,B225,,B-03,B,"100,037,517",DRINKFTN,I,B225,A-St. Andrew's Playground,303,36,79,11216
B225-DF0146,Activated,A,1,TRUE,FALSE,"Under Tree, In Playground",TRUE,B225,St. Andrew's Playground,B225,,B-03,B,"100,037,591",DRINKFTN,I,B225,A-St. Andrew's Playground,303,36,79,11216
B228-DF0095,Activated,C,1,TRUE,FALSE,"Under Tree, In Shade, Out in Open, Just Outside Playground",TRUE,B228,Dr. Green Playground,B228,,B-16,B,"100,037,538",DRINKFTN,I,B228,C-Dr. Green Playground,316,41,73,11212
B228-DF0096,Activated,A,1,TRUE,FALSE,Near Ballfield,TRUE,B228,Dr. Green Playground,B228,,B-16,B,"100,037,587",DRINKFTN,I,B228,A-Dr. Green Playground,316,41,73,11212
B228-DF0098,Activated,A,1,TRUE,FALSE,"Under Tree, In Shade, Near Ballfield",TRUE,B228,Dr. Green Playground,B228,,B-16,B,"100,037,557",DRINKFTN,I,B228,A-Dr. Green Playground,316,41,73,11212
B230-DF0246,Activated,CS Metal,1,FALSE,FALSE,Just Outside Playground,TRUE,B230,Nicholas Naquan Heyward Jr. Park,B230,,B-06,B,"100,037,677",DRINKFTN,I,B230,CS Metal-Nicholas Naquan Heyward Jr. Park,306,33,76,11217
B230-DF0247,Activated,C,1,TRUE,FALSE,In Playground,TRUE,B230,Nicholas Naquan Heyward Jr. Park,B230,,B-06,B,"100,037,621",DRINKFTN,I,B230,C-Nicholas Naquan Heyward Jr. Park,306,33,76,11217
B230-DF0248,Activated,Bottle Filler Fountain,2,FALSE,FALSE,Out in Open,TRUE,B230,Nicholas Naquan Heyward Jr. Park,B230,,B-06,B,"100,037,648",DRINKFTN,I,B230,Bottle Filler Fountain-Nicholas Naquan Heyward Jr. Park,306,33,76,11217
B232-DF0448,Activated,A,1,FALSE,TRUE,Out in Open,TRUE,B232,Dean Playground,B232,,B-08,B,"100,038,086",DRINKFTN,I,B232,A-Dean Playground,308,35,78,11217
B232-DF0449,Activated,CS Metal,1,TRUE,FALSE,Out in Open,TRUE,B232,Dean Playground,B232,,B-08,B,"100,038,032",DRINKFTN,I,B232,CS Metal-Dean Playground,308,35,78,11217
B232-DF0450,Activated,D,1,TRUE,FALSE,Out in Open,TRUE,B232,Dean Playground,B232,,B-08,B,"100,038,059",DRINKFTN,I,B232,D-Dean Playground,308,35,78,11217
B232-DF0451,Activated,C,1,TRUE,TRUE,Under Tree,TRUE,B232,Dean Playground,B232,,B-08,B,"100,038,083",DRINKFTN,I,B232,C-Dean Playground,308,35,78,11217
B232-DF0452,Activated,A,1,TRUE,FALSE,"In Playground, Under Tree",TRUE,B232,Dean Playground,B232,,B-08,B,"100,038,029",DRINKFTN,I,B232,A-Dean Playground,308,35,78,11217
B234-DF0501,Activated,CS Concrete,1,FALSE,TRUE,"Out in Open, In Playground",TRUE,B234,Tilden Playground,B234,,B-17,B,"100,038,138",DRINKFTN,I,B234,CS Concrete-Tilden Playground,317,45,67,11203
B234-DF0502,Activated,C,1,FALSE,FALSE,Out in Open,TRUE,B234,Tilden Playground,B234,,B-17,B,"100,038,165",DRINKFTN,I,B234,C-Tilden Playground,317,45,67,11203
B235-DF0689,Activated,A,1,TRUE,FALSE,In Playground,TRUE,B235,Herman Dolgon Playground,B235,,B-15,B,"100,039,013",DRINKFTN,I,B235,A-Herman Dolgon Playground,315,46,61,11229
B235-DF0690,Activated,C,1,TRUE,FALSE,In Playground,TRUE,B235,Herman Dolgon Playground,B235,,B-15,B,"100,039,008",DRINKFTN,I,B235,C-Herman Dolgon Playground,315,46,61,11229
B236-DF0514,Activated,CS Concrete,1,TRUE,FALSE,"Under Tree, Out in Open, Just Outside Playground",TRUE,B236,Glenwood Playground,B236,,B-18,B,"100,038,214",DRINKFTN,I,B236,CS Concrete-Glenwood Playground,318,45,63,11234
B236-DF0515,Activated,C,1,FALSE,FALSE,"Under Tree, Out in Open, In Playground",TRUE,B236,Glenwood Playground,B236,,B-18,B,"100,038,232",DRINKFTN,I,B236,C-Glenwood Playground,318,45,63,11234
B236-DF0516,Activated,F High Low,2,TRUE,FALSE,"Out in Open, Just Outside Playground",TRUE,B236,Glenwood Playground,B236,,B-18,B,"100,038,221",DRINKFTN,I,B236,F High Low-Glenwood Playground,318,45,63,11234
B237-DF0312,Activated,C,1,TRUE,FALSE,In Playground,TRUE,B237,John Hancock Playground,B237,,B-03,B,"100,037,788",DRINKFTN,I,B237,C-John Hancock Playground,303,36,79,11216
B239-DF0693,Activated,D,1,FALSE,TRUE,In Playground,TRUE,B239,Sheepshead Playground,B239,,B-15,B,"100,039,173",DRINKFTN,I,B239,D-Sheepshead Playground,315,48,61,11235
B239-DF0695,Activated,D,1,FALSE,TRUE,In Playground,TRUE,B239,Sheepshead Playground,B239,,B-15,B,"100,039,124",DRINKFTN,I,B239,D-Sheepshead Playground,315,48,61,11235
B240-DF0618,Activated,D,1,FALSE,FALSE,Out in Open,TRUE,B240,Tucker Place,B240,,B-15,B,"100,038,513",DRINKFTN,I,B240,D-Tucker Place,315,48,61,11235
B243-DF0429,Activated,A,1,TRUE,FALSE,"Under Tree, Just Outside Playground",TRUE,B243,Golconda Playground,B243,,B-02,B,"100,037,908",DRINKFTN,I,B243,A-Golconda Playground,302,33,84,11201
B243-DF0430,Activated,C,1,FALSE,FALSE,"Out in Open, In Playground",TRUE,B243,Golconda Playground,B243,,B-02,B,"100,037,931",DRINKFTN,I,B243,C-Golconda Playground,302,33,84,11201
B243-DF0431,Activated,C,1,FALSE,FALSE,"In Shade, Out in Open",TRUE,B243,Golconda Playground,B243,,B-02,B,"100,038,017",DRINKFTN,I,B243,C-Golconda Playground,302,33,84,11201
B244-DF0660,Activated,C,1,TRUE,FALSE,Out in Open,TRUE,B244,McDonald Playground,B244,,B-15,B,"100,039,066",DRINKFTN,I,B244,C-McDonald Playground,315,47,61,11223
B244-DF0661,Activated,A,1,TRUE,FALSE,Out in Open,TRUE,B244,McDonald Playground,B244,,B-15,B,"100,038,996",DRINKFTN,I,B244,A-McDonald Playground,315,47,61,11223
B244-DF0663,Activated,C,1,TRUE,FALSE,In Playground,TRUE,B244,McDonald Playground,B244,,B-15,B,"100,039,077",DRINKFTN,I,B244,C-McDonald Playground,315,47,61,11223
B245-DF0468,Activated,C,1,TRUE,FALSE,"In Playground, Under Tree",TRUE,B245,St. John's Park,B245-02,St. John's Playground,B-08,B,"100,038,002",DRINKFTN,I,B245-02,C-St. John's Park-St. John's Playground,308,36,77,11213
B245-DF0469,Broken,A,1,TRUE,FALSE,"Out in Open, Near Ballfield",TRUE,B245,St. John's Park,B245,,B-08,B,"100,037,993",DRINKFTN,I,B245,A-St. John's Park,308,36,77,11213
B245-DF0471,Broken,A,1,TRUE,FALSE,"Out in Open, Near Ballfield",TRUE,B245,St. John's Park,B245,,B-08,B,"100,038,024",DRINKFTN,I,B245,A-St. John's Park,308,36,77,11213
B245-DF0472,Activated,E,1,FALSE,FALSE,Out in Open,TRUE,B245,St. John's Park,B245,,B-08,B,"100,038,008",DRINKFTN,I,B245,E-St. John's Park,308,36,77,11213
B245-DF0473,Activated,C,1,TRUE,FALSE,Under Tree,TRUE,B245,St. John's Park,B245,,B-08,B,"100,038,031",DRINKFTN,I,B245,C-St. John's Park,308,36,77,11213
B245-DF0474,Activated,C,1,TRUE,FALSE,Under Tree,TRUE,B245,St. John's Park,B245,,B-08,B,"100,038,052",DRINKFTN,I,B245,C-St. John's Park,308,36,77,11213
B245-DF0475,Activated,C,1,TRUE,FALSE,Out in Open,TRUE,B245,St. John's Park,B245,,B-08,B,"100,038,118",DRINKFTN,I,B245,C-St. John's Park,308,36,77,11213
B245-DF0476,Activated,C,1,TRUE,FALSE,Out in Open,TRUE,B245,St. John's Park,B245,,B-08,B,"100,038,146",DRINKFTN,I,B245,C-St. John's Park,308,36,77,11213
B245-DF0477,Activated,E,1,FALSE,FALSE,Under Tree,TRUE,B245,St. John's Park,B245,,B-08,B,"100,038,192",DRINKFTN,I,B245,E-St. John's Park,308,36,77,11213
B245-DF0478,Activated,E,1,FALSE,FALSE,Out in Open,TRUE,B245,St. John's Park,B245,,B-08,B,"100,038,113",DRINKFTN,I,B245,E-St. John's Park,308,36,77,11213
B245-DF0479,Activated,E,1,FALSE,FALSE,Out in Open,TRUE,B245,St. John's Park,B245,,B-08,B,"100,038,188",DRINKFTN,I,B245,E-St. John's Park,308,36,77,11213
B245-DF0480,Activated,E,1,FALSE,FALSE,Out in Open,TRUE,B245,St. John's Park,B245,,B-08,B,"100,038,110",DRINKFTN,I,B245,E-St. John's Park,308,36,77,11213
B245-DF1023,Activated,CS Metal,1,,FALSE,,TRUE,B245,St. John's Park,B245,,B-08,B,"100,043,040",DRINKFTN,I,B245,CS Metal-St. John's Park,308,36,77,11213
B245-DF1086,Activated,Bottle Filler Fountain,2,,FALSE,Indoor,FALSE,B245,St. John's Park,B245,,B-08,B,"100,043,070",DRINKFTN,I,B245-BLG1089,Bottle Filler Fountain-St. John's Recreation Center,308,36,77,11213
B245-DF1087,Activated,Bottle Filler Fountain,2,,FALSE,Indoor,FALSE,B245,St. John's Park,B245,,B-08,B,"100,043,066",DRINKFTN,I,B245-BLG1089,Bottle Filler Fountain-St. John's Recreation Center,308,36,77,11213
B245-DF1088,Activated,Indoor Drinking Fountain,1,,TRUE,Indoor,FALSE,B245,St. John's Park,B245,,B-08,B,"100,043,075",DRINKFTN,I,B245-BLG1089,Indoor Drinking Fountain-St. John's Recreation Center,308,36,77,11213
B245-DF1130,Activated,Food Prep Sink,1,,FALSE,Indoor,FALSE,B245,St. John's Park,B245,,B-08,B,"100,042,463",DRINKFTN,I,B245-BLG1089,Food Prep Sink-St. John's Recreation Center-St. John's Recreation Center,308,36,77,11213
B246-DF0156,Activated,D,1,FALSE,FALSE,Just Outside Playground,TRUE,B246,Jerome Playground,B246,,B-05,B,"100,037,510",DRINKFTN,I,B246,D-Jerome Playground,305,42,75,11207
B246-DF0157,Activated,D,1,FALSE,FALSE,"Out in Open, Just Outside Playground",TRUE,B246,Jerome Playground,B246,,B-05,B,"100,037,534",DRINKFTN,I,B246,D-Jerome Playground,305,42,75,11207
B246-DF0158,Activated,CS Concrete,1,FALSE,FALSE,Just Outside Playground,TRUE,B246,Jerome Playground,B246,,B-05,B,"100,037,581",DRINKFTN,I,B246,CS Concrete-Jerome Playground,305,42,75,11207
B247-DF0433,Broken,D,1,TRUE,FALSE,"Out in Open, In Playground",TRUE,B247,Breukelen Ballfields,B247-01,Breukelen Plgd,B-18,B,"100,038,012",DRINKFTN,I,B247-01,D-Breukelen Ballfields-Breukelen Plgd,318,42,69,11207
B247-DF0434,Activated,A,1,TRUE,FALSE,"Out in Open, In Playground",TRUE,B247,Breukelen Ballfields,B247-01,Breukelen Plgd,B-18,B,"100,038,039",DRINKFTN,I,B247-01,A-Breukelen Ballfields-Breukelen Plgd,318,42,69,11207
,UnderConstruction,CS Concrete,,,,,TRUE,,,,,Q-15,Q,,DRINKFTN,,,,,,,
B247-DF0435,Activated,A,1,TRUE,FALSE,"Out in Open, Near Ballfield",TRUE,B247,Breukelen Ballfields,B247-01,Breukelen Plgd,B-18,B,"100,038,088",DRINKFTN,I,B247-01,A-Breukelen Ballfields-Breukelen Plgd,318,42,69,11207
B247-DF0442,Activated,C,1,FALSE,FALSE,"Out in Open, Near Ballfield",TRUE,B247,Breukelen Ballfields,B247,,B-18,B,"100,038,063",DRINKFTN,I,B247,C-Breukelen Ballfields,318,42,69,11207
B247-DF0443,Activated,C,1,FALSE,FALSE,"Out in Open, Near Ballfield",TRUE,B247,Breukelen Ballfields,B247,,B-18,B,"100,038,030",DRINKFTN,I,B247,C-Breukelen Ballfields,318,42,69,11207
B247-DF0444,Activated,C,1,FALSE,FALSE,"Out in Open, Near Ballfield, Under Tree",TRUE,B247,Breukelen Ballfields,B247,,B-18,B,"100,038,077",DRINKFTN,I,B247,C-Breukelen Ballfields,318,42,69,11207
B247-DF0446,Activated,C,1,FALSE,FALSE,"Out in Open, Near Ballfield",TRUE,B247,Breukelen Ballfields,B247,,B-18,B,"100,038,036",DRINKFTN,I,B247,C-Breukelen Ballfields,318,42,69,11207
B247-DF0447,Activated,C,1,FALSE,FALSE,"Out in Open, Near Ballfield",TRUE,B247,Breukelen Ballfields,B247,,B-18,B,"100,038,064",DRINKFTN,I,B247,C-Breukelen Ballfields,318,42,69,11207
B248-DF0517,Activated,D,1,FALSE,FALSE,"Out in Open, In Playground",TRUE,B248,Fox Playground,B248,,B-18,B,"100,038,204",DRINKFTN,I,B248,D-Fox Playground,318,46,63,11234
B248-DF0518,Activated,CS Metal,1,TRUE,FALSE,"Under Tree, Out in Open, Just Outside Playground",TRUE,B248,Fox Playground,B248,,B-18,B,"100,038,211",DRINKFTN,I,B248,CS Metal-Fox Playground,318,46,63,11234
B248-DF0519,Activated,D,1,FALSE,FALSE,"Under Tree, Out in Open, Just Outside Playground",TRUE,B248,Fox Playground,B248,,B-18,B,"100,038,206",DRINKFTN,I,B248,D-Fox Playground,318,46,63,11234
B249-DF0102,Activated,A,1,TRUE,FALSE,"Under Tree, In Shade",TRUE,B249,Van Dyke Playground,B249,,B-16,B,"100,037,566",DRINKFTN,I,B249,A-Van Dyke Playground,316,41,73,11212
B249-DF0103,Activated,C,1,TRUE,FALSE,In Playground,TRUE,B249,Van Dyke Playground,B249,,B-16,B,"100,037,509",DRINKFTN,I,B249,C-Van Dyke Playground,316,41,73,11212
B249-DF0104,Activated,A,1,TRUE,FALSE,"Under Tree, In Shade",TRUE,B249,Van Dyke Playground,B249,,B-16,B,"100,037,533",DRINKFTN,I,B249,A-Van Dyke Playground,316,41,73,11212
B250-DF0630,Activated,C,1,FALSE,FALSE,"Out in Open, In Playground",TRUE,B250,Nostrand Playground,B250,,B-17,B,"100,038,777",DRINKFTN,I,B250,C-Nostrand Playground,317,45,67,11210
B250-DF0631,Activated,E,1,FALSE,FALSE,"Out in Open, Near Ballfield",TRUE,B250,Nostrand Playground,B250,,B-17,B,"100,038,753",DRINKFTN,I,B250,E-Nostrand Playground,317,45,67,11210
B250-DF0632,Activated,E,1,FALSE,TRUE,"Out in Open, Near Ballfield",TRUE,B250,Nostrand Playground,B250,,B-17,B,"100,038,750",DRINKFTN,I,B250,E-Nostrand Playground,317,45,67,11210
B251-DF0608,Activated,C,1,FALSE,TRUE,In Playground,TRUE,B251,Manhattan Beach Park,B251-04,Pat Parlato Plgd,B-15,B,"100,038,520",DRINKFTN,I,B251-04,C-Manhattan Beach Park-Pat Parlato Plgd,315,48,61,11235
B251-DF0609,Activated,Bottle Filler High Low,3,TRUE,FALSE,In Playground,TRUE,B251,Manhattan Beach Park,B251-04,Pat Parlato Plgd,B-15,B,"100,038,590",DRINKFTN,I,B251-04,Bottle Filler High Low-Manhattan Beach Park-Pat Parlato Plgd,315,48,61,11235
B251-DF0610,Activated,Bottle Filler High Low,3,TRUE,FALSE,In Playground,TRUE,B251,Manhattan Beach Park,B251-04,Pat Parlato Plgd,B-15,B,"100,038,567",DRINKFTN,I,B251-04,Bottle Filler High Low-Manhattan Beach Park-Pat Parlato Plgd,315,48,61,11235
B251-DF0611,UnderConstruction,E,1,TRUE,FALSE,Out in Open,TRUE,B251,Manhattan Beach Park,B251-ZN01,Manhattan Beach Zone 1,B-15,B,"100,038,591",DRINKFTN,I,B251-ZN01,E-Manhattan Beach Park-Manhattan Beach Zone 1,315,48,61,11235
B251-DF0612,UnderConstruction,E,1,TRUE,FALSE,Out in Open,TRUE,B251,Manhattan Beach Park,B251-ZN01,Manhattan Beach Zone 1,B-15,B,"100,038,495",DRINKFTN,I,B251-ZN01,E-Manhattan Beach Park-Manhattan Beach Zone 1,315,48,61,11235
B251-DF0613,Activated,E,1,TRUE,FALSE,Out in Open,TRUE,B251,Manhattan Beach Park,B251-ZN01,Manhattan Beach Zone 1,B-15,B,"100,038,514",DRINKFTN,I,B251-ZN01,E-Manhattan Beach Park-Manhattan Beach Zone 1,315,48,61,11235
B251-DF0614,Activated,E,1,TRUE,FALSE,Out in Open,TRUE,B251,Manhattan Beach Park,B251-ZN01,Manhattan Beach Zone 1,B-15,B,"100,038,537",DRINKFTN,I,B251-ZN01,E-Manhattan Beach Park-Manhattan Beach Zone 1,315,48,61,11235
B251-DF0615,Activated,C,1,FALSE,FALSE,Out in Open,TRUE,B251,Manhattan Beach Park,B251-ZN03,Manhattan Beach Zone 3,B-15,B,"100,038,540",DRINKFTN,I,B251-ZN03,C-Manhattan Beach Park-Manhattan Beach Zone 3,315,48,61,11235
B251-DF0616,Activated,C,1,FALSE,FALSE,In Playground,TRUE,B251,Manhattan Beach Park,B251-08,Manhattan Beach Park Playground,B-15,B,"100,038,566",DRINKFTN,I,B251-08,C-Manhattan Beach Park-Manhattan Beach Park Playground,315,48,61,11235
B251-DF0917,Activated,E,1,TRUE,FALSE,Out in Open,TRUE,B251,Manhattan Beach Park,B251-ZN01,Manhattan Beach Zone 1,B-15,B,"100,040,352",DRINKFTN,I,B251-ZN01,E-Manhattan Beach Park-Manhattan Beach Zone 1,315,48,61,11235
B251-DF0918,Activated,E,1,TRUE,FALSE,Out in Open,TRUE,B251,Manhattan Beach Park,B251-ZN01,Manhattan Beach Zone 1,B-15,B,"100,040,334",DRINKFTN,I,B251-ZN01,E-Manhattan Beach Park-Manhattan Beach Zone 1,315,48,61,11235
B251-DF0919,Activated,E,1,TRUE,FALSE,Out in Open,TRUE,B251,Manhattan Beach Park,B251-ZN01,Manhattan Beach Zone 1,B-15,B,"100,040,372",DRINKFTN,I,B251-ZN01,E-Manhattan Beach Park-Manhattan Beach Zone 1,315,48,61,11235
B251-DF0920,UnderConstruction,E,1,TRUE,FALSE,Out in Open,TRUE,B251,Manhattan Beach Park,B251-ZN01,Manhattan Beach Zone 1,B-15,B,"100,040,374",DRINKFTN,I,B251-ZN01,E-Manhattan Beach Park-Manhattan Beach Zone 1,315,48,61,11235
B251-DF0921,UnderConstruction,E,1,TRUE,FALSE,Out in Open,TRUE,B251,Manhattan Beach Park,B251-ZN01,Manhattan Beach Zone 1,B-15,B,"100,040,296",DRINKFTN,I,B251-ZN01,E-Manhattan Beach Park-Manhattan Beach Zone 1,315,48,61,11235
B251-DF0922,UnderConstruction,E,1,TRUE,FALSE,Out in Open,TRUE,B251,Manhattan Beach Park,B251-ZN01,Manhattan Beach Zone 1,B-15,B,"100,040,323",DRINKFTN,I,B251-ZN01,E-Manhattan Beach Park-Manhattan Beach Zone 1,315,48,61,11235
B251-DF0923,UnderConstruction,E,1,TRUE,FALSE,Out in Open,TRUE,B251,Manhattan Beach Park,B251-ZN01,Manhattan Beach Zone 1,B-15,B,"100,040,354",DRINKFTN,I,B251-ZN01,E-Manhattan Beach Park-Manhattan Beach Zone 1,315,48,61,11235
B251-DF0924,UnderConstruction,E,1,TRUE,FALSE,Out in Open,TRUE,B251,Manhattan Beach Park,B251-ZN01,Manhattan Beach Zone 1,B-15,B,"100,040,375",DRINKFTN,I,B251-ZN01,E-Manhattan Beach Park-Manhattan Beach Zone 1,315,48,61,11235
B251-DF0925,UnderConstruction,E,1,TRUE,FALSE,Out in Open,TRUE,B251,Manhattan Beach Park,B251-ZN01,Manhattan Beach Zone 1,B-15,B,"100,040,297",DRINKFTN,I,B251-ZN01,E-Manhattan Beach Park-Manhattan Beach Zone 1,315,48,61,11235
B251-DF0926,Activated,E,1,TRUE,FALSE,Out in Open,TRUE,B251,Manhattan Beach Park,B251-ZN01,Manhattan Beach Zone 1,B-15,B,"100,040,303",DRINKFTN,I,B251-ZN01,E-Manhattan Beach Park-Manhattan Beach Zone 1,315,48,61,11235
B251-DF0928,Activated,E,1,TRUE,FALSE,Out in Open,TRUE,B251,Manhattan Beach Park,B251-ZN01,Manhattan Beach Zone 1,B-15,B,"100,040,333",DRINKFTN,I,B251-ZN01,E-Manhattan Beach Park-Manhattan Beach Zone 1,315,48,61,11235
B251-DF0929,Activated,E,1,TRUE,FALSE,Out in Open,TRUE,B251,Manhattan Beach Park,B251-ZN01,Manhattan Beach Zone 1,B-15,B,"100,040,293",DRINKFTN,I,B251-ZN01,E-Manhattan Beach Park-Manhattan Beach Zone 1,315,48,61,11235
B251-DF0930,Broken,A,1,,FALSE,Near Ballfield,TRUE,B251,Manhattan Beach Park,B251-ZN02,Manhattan Beach Zone 2,B-15,B,"100,040,319",DRINKFTN,I,B251-ZN02,A-Manhattan Beach Park-Manhattan Beach Zone 2,315,48,61,11235
B251-DF0931,Activated,C,1,FALSE,FALSE,In Playground,TRUE,B251,Manhattan Beach Park,B251-08,Manhattan Beach Park Playground,B-15,B,"100,040,351",DRINKFTN,I,B251-08,C-Manhattan Beach Park-Manhattan Beach Park Playground,315,48,61,11235
B252-DF0367,Activated,A,1,FALSE,TRUE,"Under Tree, In Shade, In Playground",TRUE,B252,West Playground,B252,,B-13,B,"100,037,850",DRINKFTN,I,B252,A-West Playground,313,47,60,11223
B252-DF0368,Activated,C,1,FALSE,FALSE,"Under Tree, In Shade, In Playground",TRUE,B252,West Playground,B252,,B-13,B,"100,037,795",DRINKFTN,I,B252,C-West Playground,313,47,60,11223
B252-DF0369,Activated,E,1,FALSE,FALSE,"Out in Open, Near Ballfield",TRUE,B252,West Playground,B252,,B-13,B,"100,037,818",DRINKFTN,I,B252,E-West Playground,313,47,60,11223
B252-DF0370,Activated,E,1,FALSE,FALSE,"Out in Open, Near Ballfield",TRUE,B252,West Playground,B252,,B-13,B,"100,037,846",DRINKFTN,I,B252,E-West Playground,313,47,60,11223
B253-DF0736,Activated,A,1,TRUE,FALSE,Just Outside Playground,TRUE,B253,Albert J. Parham Playground,B253,,B-02,B,"100,039,130",DRINKFTN,I,B253,A-Albert J. Parham Playground,302,35,88,11205
B253-DF0737,Activated,C,1,FALSE,FALSE,In Playground,TRUE,B253,Albert J. Parham Playground,B253,,B-02,B,"100,039,176",DRINKFTN,I,B253,C-Albert J. Parham Playground,302,35,88,11205
B254-DF0295,Broken,C,1,FALSE,FALSE,"Under Tree, In Shade, In Playground",TRUE,B254,Wingate Park,B254,,B-09,B,"100,037,705",DRINKFTN,I,B254,C-Wingate Park,309,40,71,11203
B254-DF0298,Broken,D,1,TRUE,FALSE,"Under Tree, In Shade",TRUE,B254,Wingate Park,B254,,B-09,B,"100,037,789",DRINKFTN,I,B254,D-Wingate Park,309,40,71,11203
B254-DF0299,Broken,A,1,TRUE,FALSE,Out in Open,TRUE,B254,Wingate Park,B254,,B-09,B,"100,037,737",DRINKFTN,I,B254,A-Wingate Park,309,40,71,11203
B254-DF0301,Activated,A,1,TRUE,FALSE,Out in Open,TRUE,B254,Wingate Park,B254,,B-09,B,"100,037,786",DRINKFTN,I,B254,A-Wingate Park,309,40,71,11203
B254-DF0303,Broken,A,1,TRUE,FALSE,Out in Open,TRUE,B254,Wingate Park,B254,,B-09,B,"100,037,759",DRINKFTN,I,B254,A-Wingate Park,309,40,71,11203
B254-DF0954,Broken,A,1,,FALSE,,TRUE,B254,Wingate Park,B254,,B-09,B,"100,040,478",DRINKFTN,I,B254,A-Wingate Park,309,40,71,11203
B254-DF1089,Activated,Indoor Drinking Fountain,1,,FALSE,Indoor,FALSE,B254,Wingate Park,B254,,B-09,B,"100,043,037",DRINKFTN,I,B254-BLG1097,Indoor Drinking Fountain-Wingate Park-Comfort Station,309,40,71,11203
B255F-DF0535,Activated,D,1,FALSE,FALSE,Out in Open,TRUE,B255F,Detective Joseph Mayrose Park,B255F,,B-07,B,"100,038,269",DRINKFTN,I,B255F,D-Detective Joseph Mayrose Park,307,38,72,11215
B255G-DF0895,Activated,E High Low,2,,FALSE,In Shade,TRUE,B255G,Butterfly Gardens,B255G,,B-07,B,"100,040,265",DRINKFTN,I,B255G,E High Low-Butterfly Gardens,307,38,72,11215
B255H-DF0536,Activated,D,1,TRUE,TRUE,In Playground,TRUE,B255H,Thomas J. Cuite Park,B255H,,B-07,B,"100,038,263",DRINKFTN,I,B255H,D-Thomas J. Cuite Park,307,39,72,11218
B255J-DF0538,Activated,C,1,FALSE,FALSE,In Playground,TRUE,B255J,Seeley Park,B255J,,B-07,B,"100,038,280",DRINKFTN,I,B255J,C-Seeley Park,307,39,72,11218
B255M-DF0553,Activated,A,1,TRUE,FALSE,In Playground,TRUE,B255M,Park,B255M,,B-07,B,"100,038,275",DRINKFTN,I,B255M,A-Park,307,39,72,11218
B257-DF0521,Activated,C,1,FALSE,FALSE,"Under Tree, In Shade, In Playground",TRUE,B257,Frost Playground,B257,,B-01,B,"100,038,208",DRINKFTN,I,B257,C-Frost Playground,301,34,94,11211
B258-DF0123,Activated,E,1,FALSE,FALSE,In Playground,TRUE,B258,Brevoort Playground,B258,,B-03,B,"100,037,556",DRINKFTN,I,B258,E-Brevoort Playground,303,41,81,11233
B258-DF0126,Activated,E,1,TRUE,FALSE,In Playground,TRUE,B258,Brevoort Playground,B258,,B-03,B,"100,037,552",DRINKFTN,I,B258,E-Brevoort Playground,303,41,81,11233
,UnderConstruction,Bottle Filler High Low,,,,,TRUE,,,,,Q-12,Q,,DRINKFTN,,,,,,,
B258-DF1005,Broken,CS Concrete,1,,FALSE,,TRUE,B258,Brevoort Playground,B258,,B-03,B,"100,043,051",DRINKFTN,I,B258,CS Concrete-Brevoort Playground,303,41,81,11233
B259-DF0709,Activated,E,1,TRUE,FALSE,"Just Outside Playground, Out in Open",TRUE,B259,Underwood Park,B259,,B-02,B,"100,039,145",DRINKFTN,I,B259,E-Underwood Park,302,35,88,11205
B259-DF0710,Activated,CS Concrete,1,TRUE,FALSE,Just Outside Playground,TRUE,B259,Underwood Park,B259,,B-02,B,"100,039,169",DRINKFTN,I,B259,CS Concrete-Underwood Park,302,35,88,11205
B260A-DF1090,NotYetActivated,Indoor Drinking Fountain,1,,TRUE,Indoor,FALSE,B260A,Howard Pool,B260A,,B-16,B,"100,043,067",DRINKFTN,I,B260-BLG1189,Indoor Drinking Fountain-Howard Pool-Comfort Station,316,41,73,11212
B260A-DF1091,Activated,Indoor Drinking Fountain,1,,FALSE,Indoor,FALSE,B260A,Howard Pool,B260A,,B-16,B,"100,043,064",DRINKFTN,I,B260-BLG1189,Indoor Drinking Fountain-Howard Pool-Comfort Station,316,41,73,11212
B260A-DF1132,UnderConstruction,Indoor Drinking Fountain,1,,TRUE,"Attached to Building, On Pool Deck",TRUE,B260A,Howard Pool,B260A,,B-16,B,"100,043,049",DRINKFTN,I,B260A,Indoor Drinking Fountain-Howard Pool,316,41,73,11212
B260A-DF1133,UnderConstruction,Indoor Drinking Fountain,1,,FALSE,"Attached to Building, On Pool Deck",TRUE,B260A,Howard Pool,B260A,,B-16,B,"100,043,077",DRINKFTN,I,B260A,Indoor Drinking Fountain-Howard Pool,316,41,73,11212
B260A-DF1134,Activated,Drinking Fountain Sink Combination,2,,FALSE,Indoor,FALSE,B260A,Howard Pool,B260A,,B-16,B,"100,043,056",DRINKFTN,I,B260-BLG1189,Drinking Fountain Sink Combination-Howard Pool-Comfort Station,316,41,73,11212
B260A-DF1135,Activated,Water Cooler,1,,FALSE,Indoor,FALSE,B260A,Howard Pool,B260A,,B-16,B,"100,043,038",DRINKFTN,I,B260-BLG1189,Water Cooler-Howard Pool-Comfort Station,316,41,73,11212
B260A-DF1136,Activated,Drinking Fountain Sink Combination,2,,FALSE,Indoor,FALSE,B260A,Howard Pool,B260A,,B-16,B,"100,043,068",DRINKFTN,I,B260-BLG1189,Drinking Fountain Sink Combination-Howard Pool-Comfort Station,316,41,73,11212
B260-DF0173,Activated,A,1,TRUE,FALSE,"Under Tree, In Playground",TRUE,B260,Howard Playground,B260,,B-16,B,"100,037,521",DRINKFTN,I,B260,A-Howard Playground,316,41,73,11212
B260-DF0174,Activated,A,1,TRUE,FALSE,"Under Tree, In Shade",TRUE,B260,Howard Playground,B260,,B-16,B,"100,037,548",DRINKFTN,I,B260,A-Howard Playground,316,41,73,11212
B261-DF0181,Activated,A,1,TRUE,FALSE,In Playground,TRUE,B261,Sankofa Park,B261,,B-05,B,"100,037,573",DRINKFTN,I,B261,A-Schenck Playground,305,42,75,11207
B262-DF0423,Activated,C,1,TRUE,FALSE,"In Playground, Under Tree",TRUE,B262,Potomac Playground,B262,,B-03,B,"100,037,951",DRINKFTN,I,B262,C-Potomac Playground,303,36,79,11216
B262-DF0425,Activated,CS Concrete,1,TRUE,FALSE,In Playground,TRUE,B262,Potomac Playground,B262,,B-03,B,"100,037,897",DRINKFTN,I,B262,CS Concrete-Potomac Playground,303,36,79,11216
B262-DF0427,Activated,A,1,TRUE,FALSE,"Under Tree, In Playground",TRUE,B262,Potomac Playground,B262,,B-03,B,"100,037,902",DRINKFTN,I,B262,A-Potomac Playground,303,36,79,11216
B263-DF1006,Activated,F High Low,2,,TRUE,,TRUE,B263,Sumner Playground,B263,,B-03,B,"100,042,339",DRINKFTN,I,B263,F High Low-Sumner Playground,303,36,79,11206
B263-DF981,Activated,F High Low,2,,FALSE,,TRUE,B263,Sumner Playground,B263,,B-03,B,"100,043,052",DRINKFTN,I,B263,F High Low-Sumner Playground,303,36,79,11206
B263-DF982,Activated,F High Low,2,,FALSE,,TRUE,B263,Sumner Playground,B263,,B-03,B,"100,043,081",DRINKFTN,I,B263,F High Low-Sumner Playground,303,36,79,11206
B263-DF983,Activated,F High Low,2,,FALSE,,TRUE,B263,Sumner Playground,B263,,B-03,B,"100,043,060",DRINKFTN,I,B263,F High Low-Sumner Playground,303,36,79,11206
B264-DF0328,Activated,CS Concrete,1,TRUE,FALSE,"Just Outside Playground, Out in Open",TRUE,B264,Roebling Playground,B264,,B-01,B,"100,037,858",DRINKFTN,I,B264,CS Concrete-Roebling Playground,301,33,90,11211
B264-DF0329,Activated,A,1,TRUE,FALSE,"Under Tree, In Shade",TRUE,B264,Roebling Playground,B264,,B-01,B,"100,037,881",DRINKFTN,I,B264,A-Roebling Playground,301,33,90,11211
B265-DF0522,Activated,D,1,,FALSE,In Playground,TRUE,B265,Rainbow Playground,B265,,B-07,B,"100,038,195",DRINKFTN,I,B265,D-Rainbow Playground,307,38,72,11220
B266-DF0079,Activated,C,1,,FALSE,Near Ballfield,TRUE,B266,Star Spangled Playground,B266,,B-03,B,"100,037,464",DRINKFTN,I,B266,C-Star Spangled Playground,303,33,79,11205
B266-DF0080,Activated,CS Concrete,1,,FALSE,In Playground,TRUE,B266,Star Spangled Playground,B266,,B-03,B,"100,037,475",DRINKFTN,I,B266,CS Concrete-Star Spangled Playground,303,33,79,11205
B266-DF0081,Activated,E,1,TRUE,FALSE,Under Tree,TRUE,B266,Star Spangled Playground,B266,,B-03,B,"100,037,451",DRINKFTN,I,B266,E-Star Spangled Playground,303,33,79,11205
B267-DF0310,Activated,D,1,FALSE,FALSE,In Playground,TRUE,B267,Winthrop Playground,B267,,B-09,B,"100,037,749",DRINKFTN,I,B267,D-Winthrop Playground,309,40,71,11225
B267-DF0311,Activated,CS Concrete,1,TRUE,FALSE,Just Outside Playground,TRUE,B267,Winthrop Playground,B267,,B-09,B,"100,037,772",DRINKFTN,I,B267,CS Concrete-Winthrop Playground,309,40,71,11225
B267-DF0896,Activated,D,1,,FALSE,"Out in Open, Just Outside Playground",TRUE,B267,Winthrop Playground,B267,,B-09,B,"100,040,288",DRINKFTN,I,B267,D-Winthrop Playground,309,40,71,11225
B268-DF0353,Activated,C,1,FALSE,FALSE,"Under Tree, In Shade, In Playground",TRUE,B268,Nautilus Playground,B268,,B-13,B,"100,037,816",DRINKFTN,I,B268,C-Nautilus Playground,313,47,60,11224
B268-DF0354,Activated,C,1,FALSE,FALSE,"Out in Open, Near Ballfield, In Playground",TRUE,B268,Nautilus Playground,B268,,B-13,B,"100,037,843",DRINKFTN,I,B268,C-Nautilus Playground,313,47,60,11224
B269-DF0995,Activated,CS Metal,1,,FALSE,,TRUE,B269,Jesse Owens Playground,B269,,B-03,B,"100,043,047",DRINKFTN,I,B269,CS Metal-Jesse Owens Playground,303,36,81,11221
B269-DF0996,Activated,F,1,,FALSE,,TRUE,B269,Jesse Owens Playground,B269,,B-03,B,"100,043,069",DRINKFTN,I,B269,F-Jesse Owens Playground,303,36,81,11221
B269-DF0997,Activated,Other,1,,FALSE,,TRUE,B269,Jesse Owens Playground,B269,,B-03,B,"100,043,050",DRINKFTN,I,B269,Other-Jesse Owens Playground,303,36,81,11221
B270-DF0124,Activated,C,1,FALSE,FALSE,"Under Tree, In Shade, Just Outside Playground",TRUE,B270,Brownsville Playground,B270,,B-16,B,"100,037,578",DRINKFTN,I,B270,C-Brownsville Playground,316,42,73,11212
B270-DF0125,Activated,D,1,FALSE,FALSE,Near Ballfield,TRUE,B270,Brownsville Playground,B270,,B-16,B,"100,037,502",DRINKFTN,I,B270,D-Brownsville Playground,316,42,73,11212
B270-DF0127,Activated,D,1,FALSE,FALSE,"Near Ballfield, Out in Open",TRUE,B270,Brownsville Playground,B270,,B-16,B,"100,037,574",DRINKFTN,I,B270,D-Brownsville Playground,316,42,73,11212
B270-DF1092,Activated,Indoor Drinking Fountain,1,,FALSE,Indoor,FALSE,B270,Brownsville Playground,B270,,B-16,B,"100,043,071",DRINKFTN,I,B270-BLG1185,Indoor Drinking Fountain-Brownsville Playground-Recreation Center,316,42,73,11212
B270-DF1093,Activated,Indoor Drinking Fountain,1,,FALSE,Indoor,FALSE,B270,Brownsville Playground,B270,,B-16,B,"100,043,082",DRINKFTN,I,B270-BLG1185,Indoor Drinking Fountain-Brownsville Playground-Recreation Center,316,42,73,11212
B270-DF1094,Activated,Indoor Drinking Fountain,1,,FALSE,Indoor,FALSE,B270,Brownsville Playground,B270,,B-16,B,"100,043,048",DRINKFTN,I,B270-BLG1185,Indoor Drinking Fountain-Brownsville Playground-Recreation Center,316,42,73,11212
B270-DF1095,Activated,Indoor Drinking Fountain,1,,FALSE,Indoor,FALSE,B270,Brownsville Playground,B270,,B-16,B,"100,043,057",DRINKFTN,I,B270-BLG1185,Indoor Fountain-Brownsville Playground-Recreation Center,316,42,73,11212
B270-DF1096,NotYetActivated,Indoor Drinking Fountain,1,,TRUE,Indoor,FALSE,B270,Brownsville Playground,B270,,B-16,B,"100,042,336",DRINKFTN,I,B270-BLG1185,Indoor Drinking Fountain-Brownsville Playground-Recreation Center,316,42,73,11212
B270-DF1097,Activated,Indoor Drinking Fountain,1,,FALSE,Indoor,FALSE,B270,Brownsville Playground,B270,,B-16,B,"100,043,083",DRINKFTN,I,B270-BLG1185,Indoor Fountain-Brownsville Playground-Recreation Center,316,42,73,11212
B270-DF1098,Activated,Bathroom Sink,1,,FALSE,Indoor,FALSE,B270,Brownsville Playground,B270,,B-16,B,"100,043,061",DRINKFTN,I,B270-BLG1185,Bathroom Sink-Brownsville Playground-Recreation Center,316,42,73,11212
B270-DF1099,Activated,Indoor Drinking Fountain,1,,FALSE,Indoor,FALSE,B270,Brownsville Playground,B270,,B-16,B,"100,043,046",DRINKFTN,I,B270-BLG1185,Indoor Drinking Fountain-Brownsville Playground-Recreation Center,316,42,73,11212
B271-DF0277,Activated,CS Concrete,1,TRUE,FALSE,"Out in Open, In Playground",TRUE,B271,Railroad Playground,B271,,B-17,B,"100,037,732",DRINKFTN,I,B271,CS Concrete-Railroad Playground,317,42,67,11236
B271-DF0278,Activated,B,1,TRUE,FALSE,"Under Tree, In Shade, Out in Open, In Playground",TRUE,B271,Railroad Playground,B271,,B-17,B,"100,037,758",DRINKFTN,I,B271,B-Railroad Playground,317,42,67,11236
B271-DF0279,Activated,C,1,TRUE,TRUE,"Out in Open, In Playground",TRUE,B271,Railroad Playground,B271,,B-17,B,"100,037,782",DRINKFTN,I,B271,C-Railroad Playground,317,42,67,11236
B271-DF0642,Activated,A,1,TRUE,FALSE,"Out in Open, Near Ballfield",TRUE,B271,Railroad Playground,B271,,B-17,B,"100,038,897",DRINKFTN,I,B271,A-Railroad Playground,317,42,67,11236
B271-DF0643,Activated,A,1,TRUE,FALSE,"Out in Open, Near Ballfield",TRUE,B271,Railroad Playground,B271,,B-17,B,"100,038,919",DRINKFTN,I,B271,A-Railroad Playground,317,42,67,11236
B272-DF0285,Broken,C,1,FALSE,FALSE,"Out in Open, In Playground",TRUE,B272,Marlboro Playground,B272,,B-13,B,"100,037,771",DRINKFTN,I,B272,C-Marlboro Playground,313,47,60,11223
B274-DF0635,Activated,C,1,FALSE,TRUE,"Under Tree, Out in Open, In Playground",TRUE,B274,Bayview Playground,B274,,B-18,B,"100,038,814",DRINKFTN,I,B274,C-Bayview Playground,318,46,69,11236
B274-DF0658,Activated,A,1,FALSE,FALSE,"Under Tree, Out in Open, In Playground",TRUE,B274,Bayview Playground,B274,,B-18,B,"100,039,022",DRINKFTN,I,B274,A-Bayview Playground,318,46,69,11236
B275-DF0747,Activated,C,1,FALSE,FALSE,"In Playground, Under Tree, In Shade",TRUE,B275,Grady Playground,B275,,B-13,B,"100,039,252",DRINKFTN,I,B275,C-Grady Playground,313,48,60,11235
B277-DF0787,Activated,CS Concrete,1,FALSE,FALSE,In Shade,TRUE,B277,Benson Playground,B277,,B-11,B,"100,039,453",DRINKFTN,I,B277,CS Concrete-Benson Playground,311,43,62,11214
B277-DF0788,Activated,F High Low,2,FALSE,TRUE,Just Outside Playground,TRUE,B277,Benson Playground,B277,,B-11,B,"100,039,483",DRINKFTN,I,B277,F High Low-Benson Playground,311,43,62,11214
B282-DF0758,Activated,F High Low,2,FALSE,FALSE,In Playground,TRUE,B282,Patrick O'Rourke Playground,B282,,B-10,B,"100,039,193",DRINKFTN,I,B282,F High Low-Patrick O'Rourke Playground,310,43,68,11228
B283-DF0059,Activated,C,1,FALSE,TRUE,In Playground,TRUE,B283,Belmont Playground,B283,,B-05,B,"100,037,466",DRINKFTN,I,B283,C-Belmont Playground,305,37,75,11208
B284-DF0314,Activated,A,1,TRUE,FALSE,"Near Ballfield, Out in Open",TRUE,B284,Marc And Jason's Playground,B284,,B-09,B,"100,037,773",DRINKFTN,I,B284,A-Marc And Jason's Playground,309,40,71,11225
B285-DF0280,Activated,E High Low,2,FALSE,FALSE,"Out in Open, In Playground",TRUE,B285,Harry Maze Playground,B285,,B-17,B,"100,037,756",DRINKFTN,I,B285,E High Low-Harry Maze Playground,317,45,67,11203
B285-DF0281,Activated,C,1,TRUE,FALSE,"Out in Open, In Playground",TRUE,B285,Harry Maze Playground,B285,,B-17,B,"100,037,778",DRINKFTN,I,B285,C-Harry Maze Playground,317,45,67,11203
B285-DF0282,Activated,E High Low,2,FALSE,FALSE,"Out in Open, Near Ballfield",TRUE,B285,Harry Maze Playground,B285,,B-17,B,"100,037,703",DRINKFTN,I,B285,E High Low-Harry Maze Playground,317,45,67,11203
B285-DF0283,Activated,E,1,FALSE,FALSE,"Out in Open, Near Ballfield",TRUE,B285,Harry Maze Playground,B285,,B-17,B,"100,037,752",DRINKFTN,I,B285,E-Harry Maze Playground,317,45,67,11203
B286-DF0398,Activated,A,1,TRUE,FALSE,Just Outside Playground,TRUE,B286,Bartlett Playground,B286,,B-01,B,"100,037,939",DRINKFTN,I,B286,A-Bartlett Playground,301,33,90,11206
B286-DF0399,Activated,A,1,TRUE,FALSE,"Under Tree, Just Outside Playground",TRUE,B286,Bartlett Playground,B286,,B-01,B,"100,037,988",DRINKFTN,I,B286,A-Bartlett Playground,301,33,90,11206
B287-DF0384,Activated,D,1,FALSE,TRUE,"Out in Open, In Playground",TRUE,B287,Andries Playground,B287,,B-14,B,"100,037,874",DRINKFTN,I,B287,D-Andries Playground,314,45,70,11210
B287-DF0387,Activated,D,1,TRUE,TRUE,"Under Tree, In Playground",TRUE,B287,Andries Playground,B287,,B-14,B,"100,037,802",DRINKFTN,I,B287,D-Andries Playground,314,45,70,11210
B288-DF0532,Broken,D,1,FALSE,FALSE,In Playground,TRUE,B288,Slope Park Playground,B288,,B-07,B,"100,038,244",DRINKFTN,I,B288,D-Slope Park Playground,307,38,72,11215
B288-DF0533,Broken,A,1,TRUE,TRUE,In Playground,TRUE,B288,Slope Park Playground,B288,,B-07,B,"100,038,251",DRINKFTN,I,B288,A-Slope Park Playground-Comfort Station,307,38,72,11215
B288-DF0534,Broken,D,1,FALSE,TRUE,In Playground,TRUE,B288,Slope Park Playground,B288,,B-07,B,"100,038,292",DRINKFTN,I,B288,D-Slope Park Playground,307,38,72,11215
B291-DF0633,Activated,C,1,FALSE,FALSE,"Under Tree, Out in Open, In Playground",TRUE,B291,Power Playground,B291,,B-18,B,"100,038,759",DRINKFTN,I,B291,C-Power Playground,318,46,63,11234
B292-DF0216,Activated,A,1,TRUE,FALSE,"In Playground, Under Tree",TRUE,B292,Pratt Playground,B292,,B-02,B,"100,037,595",DRINKFTN,I,B292,A-Pratt Playground,302,35,88,11205
B292-DF0218,Activated,C,1,FALSE,FALSE,"Under Tree, In Playground, Out in Open",TRUE,B292,Pratt Playground,B292,,B-02,B,"100,037,683",DRINKFTN,I,B292,C-Pratt Playground,302,35,88,11205
B293-DF0220,Activated,C,1,FALSE,FALSE,"Under Tree, Out in Open, In Playground",TRUE,B293,Classon Playground,B293,,B-02,B,"100,037,678",DRINKFTN,I,B293,C-Classon Playground,302,35,88,11205
B294-DF0131,Activated,A,1,TRUE,FALSE,In Playground,TRUE,B294,Jackie Robinson Park Playground,B294,,B-03,B,"100,037,503",DRINKFTN,I,B294,A-Jackie Robinson Park Playground,303,36,81,11233
B294-DF0132,Activated,A,1,TRUE,FALSE,"In Playground, Under Tree",TRUE,B294,Jackie Robinson Park Playground,B294,,B-03,B,"100,037,526",DRINKFTN,I,B294,A-Jackie Robinson Park Playground,303,36,81,11233
B294-DF0134,Activated,A,1,TRUE,FALSE,"Under Tree, In Playground",TRUE,B294,Jackie Robinson Park Playground,B294,,B-03,B,"100,037,497",DRINKFTN,I,B294,A-Jackie Robinson Park Playground,303,36,81,11233
B294-DF0135,Activated,A,1,TRUE,FALSE,"Under Tree, In Playground",TRUE,B294,Jackie Robinson Park Playground,B294,,B-03,B,"100,037,520",DRINKFTN,I,B294,A-Jackie Robinson Park Playground,303,36,81,11233
B294-DF0138,Activated,A,1,TRUE,FALSE,"Under Tree, In Playground",TRUE,B294,Jackie Robinson Park Playground,B294,,B-03,B,"100,037,537",DRINKFTN,I,B294,A-Jackie Robinson Park Playground,303,36,81,11233
B295-DF0231,Activated,E,1,TRUE,FALSE,"Under Tree, In Shade, Out in Open, In Playground",TRUE,B295,Oxport Playground,B295,,B-02,B,"100,037,637",DRINKFTN,I,B295,E-Oxport Playground,302,35,88,11205
B295-DF0232,Activated,C,1,TRUE,FALSE,"Out in Open, Just Outside Playground",TRUE,B295,Oxport Playground,B295,,B-02,B,"100,037,665",DRINKFTN,I,B295,C-Oxport Playground,302,35,88,11205
B295-DF0233,Activated,C,1,FALSE,FALSE,"Out in Open, Just Outside Playground",TRUE,B295,Oxport Playground,B295,,B-02,B,"100,037,598",DRINKFTN,I,B295,C-Oxport Playground,302,35,88,11205
B296-DF0360,Broken,C,1,FALSE,FALSE,In Playground,TRUE,B296,Luna Playground,B296,,B-13,B,"100,037,821",DRINKFTN,I,B296,C-Luna Playground,313,48,60,11224
B296-DF0361,Broken,A,1,TRUE,FALSE,"Near Ballfield, Out in Open",TRUE,B296,Luna Playground,B296,,B-13,B,"100,037,872",DRINKFTN,I,B296,A-Luna Playground,313,48,60,11224
B296-DF0362,Broken,A,1,TRUE,FALSE,"In Playground, Out in Open",TRUE,B296,Luna Playground,B296,,B-13,B,"100,037,793",DRINKFTN,I,B296,A-Luna Playground,313,48,60,11224
B297-DF0509,Activated,A,1,FALSE,TRUE,In Playground,TRUE,B297,Albemarle Playground,B297,,B-12,B,"100,038,155",DRINKFTN,I,B297,A-Albemarle Playground,312,39,66,11218
B297-DF0510,Activated,D,1,FALSE,FALSE,"In Playground, Out in Open",TRUE,B297,Albemarle Playground,B297,,B-12,B,"100,038,178",DRINKFTN,I,B297,D-Albemarle Playground,312,39,66,11218
B297-DF1020,Activated,Other,1,,FALSE,,TRUE,B297,Albemarle Playground,B297,,B-12,B,"100,043,039",DRINKFTN,I,B297,Other-Albemarle Playground,312,39,66,11218
B298-DF0437,Activated,F,1,TRUE,FALSE,"Under Tree, In Playground",TRUE,B298,Stockton Playground,B298,,B-03,B,"100,038,081",DRINKFTN,I,B298,F-Stockton Playground,303,36,79,11206
,Activated,Bottle Filler,,,,,TRUE,,,,,Q-12,Q,,DRINKFTN,,,,,,,
B298-DF0859,Activated,CS Metal,1,,FALSE,Just Outside Playground,TRUE,B298,Stockton Playground,B298,,B-03,B,"100,040,014",DRINKFTN,I,B298,CS Metal-Stockton Playground,303,36,79,11206
B298-DF1024,Activated,Bottle Filler High Low,3,,FALSE,,TRUE,B298,Stockton Playground,B298,,B-03,B,"100,043,080",DRINKFTN,I,B298,Bottle Filler High Low-Stockton Playground,303,36,79,11206
B300-DF0223,Activated,E,1,TRUE,FALSE,"In Playground, Out in Open",TRUE,B300,Oracle Playground,B300,,B-02,B,"100,037,679",DRINKFTN,I,B300,E-Oracle Playground,302,35,88,11205
B301-DF0711,Activated,H,1,FALSE,FALSE,In Playground,TRUE,B301,Greene Playground,B301,,B-02,B,"100,039,094",DRINKFTN,I,B301,H-Greene Playground,302,35,88,11238
B301-DF0714,Activated,A,1,TRUE,FALSE,In Playground,TRUE,B301,Greene Playground,B301,,B-02,B,"100,039,188",DRINKFTN,I,B301,A-Greene Playground,302,35,88,11238
B302-DF0897,Activated,C,1,,FALSE,"In Shade, In Playground",TRUE,B302,Charlie's Place,B302,,B-03,B,"100,040,304",DRINKFTN,I,B302,C-Charlie's Place,303,36,79,11206
B304-DF0500,Activated,C,1,FALSE,TRUE,"Out in Open, In Playground, In Shade",TRUE,B304,Kennedy King Playground,B304,,B-17,B,"100,038,106",DRINKFTN,I,B304,C-Kennedy King Playground,317,41,67,11212
B304-DF0898,Activated,C,1,,TRUE,In Playground,TRUE,B304,Kennedy King Playground,B304,,B-17,B,"100,040,356",DRINKFTN,I,B304,C-Kennedy King Playground,317,41,67,11212
B305-DF0636,Activated,C,1,TRUE,FALSE,"Out in Open, In Playground",TRUE,B305,P.S. 279 Playground,B305,,B-18,B,"100,038,841",DRINKFTN,I,B305,C-P.S. 279 Playground,318,46,69,11236
B307-DF0040,Activated,D,1,FALSE,FALSE,Out in Open,TRUE,B307,Tiger Playground,B307,,B-04,B,"100,037,437",DRINKFTN,I,B307,D-Tiger Playground,304,37,83,11207
B308-DF0691,Activated,A,1,TRUE,FALSE,In Playground,TRUE,B308,Yak Playground,B308,,B-15,B,"100,039,079",DRINKFTN,I,B308,A-Yak Playground,315,48,61,11235
B308-DF0692,Activated,Other,1,FALSE,FALSE,In Playground,TRUE,B308,Yak Playground,B308,,B-15,B,"100,039,009",DRINKFTN,I,B308,Other-Yak Playground,315,48,61,11235
B309-DF0051,Activated,C,1,,FALSE,In Playground,TRUE,B309,Pink Playground,B309,,B-05,B,"100,037,462",DRINKFTN,I,B309,C-Pink Playground,305,42,75,11208
B309-DF0052,Activated,C,1,FALSE,FALSE,In Playground,TRUE,B309,Pink Playground,B309,,B-05,B,"100,037,483",DRINKFTN,I,B309,C-Pink Playground,305,42,75,11208
B310-DF0462,Activated,Other,1,,FALSE,"Under Tree, Just Outside Playground",TRUE,B310,Bushwick Playground,B310,,B-01,B,"100,038,089",DRINKFTN,I,B310,Other-Bushwick Playground,301,34,90,11206
B310-DF0464,Activated,B,1,,FALSE,"Under Tree, In Shade, Just Outside Playground",TRUE,B310,Bushwick Playground,B310,,B-01,B,"100,038,051",DRINKFTN,I,B310,B-Bushwick Playground,301,34,90,11206
B310-DF0465,Activated,C,1,FALSE,FALSE,"In Shade, Just Outside Playground",TRUE,B310,Bushwick Playground,B310,,B-01,B,"100,038,074",DRINKFTN,I,B310,C-Bushwick Playground,301,34,90,11206
B310-DF1010,Activated,B,1,,FALSE,,TRUE,B310,Bushwick Playground,B310,,B-01,B,"100,043,043",DRINKFTN,I,B310,B-Bushwick Playground,301,34,90,11206
B310-DF1100,NotYetActivated,Indoor Drinking Fountain,1,,TRUE,Indoor,FALSE,B310,Bushwick Playground,B310,,B-01,B,"100,043,767",DRINKFTN,I,B310-BLG0992,Indoor Drinking Fountain-Bushwick Playground-Pool Building,301,34,90,11206
B310-DF1101,NotYetActivated,Indoor Drinking Fountain,1,,TRUE,Indoor,FALSE,B310,Bushwick Playground,B310,,B-01,B,"100,043,771",DRINKFTN,I,B310-BLG0992,Indoor Drinking Fountain-Bushwick Playground-Pool Building,301,34,90,11206
B310-DF1137,UnderConstruction,A,1,,TRUE,"Attached to Building, On Pool Deck",TRUE,B310,Bushwick Playground,B310,,B-01,B,"100,043,044",DRINKFTN,I,B310,A-Bushwick Playground,301,34,90,11206
B310-DF1138,Activated,Water Cooler,1,,FALSE,Indoor,FALSE,B310,Bushwick Playground,B310,,B-01,B,"100,043,765",DRINKFTN,I,B310-BLG0992,Water Cooler-Bushwick Playground-Bushwick Plg,301,34,90,11206
B310-DF1139,Activated,Drinking Fountain Sink Combination,2,,FALSE,Indoor,FALSE,B310,Bushwick Playground,B310,,B-01,B,"100,043,768",DRINKFTN,I,B310-BLG0992,Drinking Fountain Sink Combination-Bushwick Playground-Bushwick Plg,301,34,90,11206
B310-DF1140,UnderConstruction,A,1,,FALSE,"Attached to Building, On Pool Deck",TRUE,B310,Bushwick Playground,B310,,B-01,B,"100,043,054",DRINKFTN,I,B310,A-Bushwick Playground,301,34,90,11206
B311-DF0998,Activated,Other,1,,FALSE,,TRUE,B311,Ten Eyck Playground,B311,,B-01,B,"100,043,036",DRINKFTN,I,B311,Other-Ten Eyck Playground,301,34,90,11206
B311-DF0999,Activated,Other,1,,FALSE,,TRUE,B311,Ten Eyck Playground,B311,,B-01,B,"100,043,055",DRINKFTN,I,B311,Other-Ten Eyck Playground,301,34,90,11206
B313-DF0348,Broken,A,1,TRUE,FALSE,In Playground,TRUE,B313,El Shabazz Playground,B313,,B-03,B,"100,037,796",DRINKFTN,I,B313,A-El Shabazz Playground,303,36,81,11233
B313-DF0899,Activated,A,1,,FALSE,In Playground,TRUE,B313,El Shabazz Playground,B313,,B-03,B,"100,040,292",DRINKFTN,I,B313,A-El Shabazz Playground,303,36,81,11233
B315-DF0326,Activated,A,1,FALSE,FALSE,"Out in Open, In Playground",TRUE,B315,Surf Playground,B315,,B-13,B,"100,037,812",DRINKFTN,I,B315,A-Surf Playground,313,47,60,11224
B315-DF0327,Activated,C,1,TRUE,FALSE,"Out in Open, In Playground",TRUE,B315,Surf Playground,B315,,B-13,B,"100,037,839",DRINKFTN,I,B315,C-Surf Playground,313,47,60,11224
B316-DF0958,Activated,Bottle Filler High Low,3,,FALSE,,TRUE,B316,DiGilio Playground,B316,,B-14,B,"100,043,076",DRINKFTN,I,B316,Bottle Filler High Low-DiGilio Playground,314,44,70,11218
B316-DF0959,Activated,F High Low,2,,FALSE,,TRUE,B316,DiGilio Playground,B316,,B-14,B,"100,043,045",DRINKFTN,I,B316,F High Low-DiGilio Playground,314,44,70,11218
B317-DF0082,Activated,A,1,TRUE,FALSE,"Under Tree, In Playground",TRUE,B317,Lafayette Gardens Playground,B317,,B-03,B,"100,037,473",DRINKFTN,I,B317,A-Lafayette Gardens Playground,303,35,79,11205
B317-DF0083,Activated,A,1,TRUE,FALSE,"Under Tree, In Playground",TRUE,B317,Lafayette Gardens Playground,B317,,B-03,B,"100,037,449",DRINKFTN,I,B317,A-Lafayette Gardens Playground,303,35,79,11205
B320-DF0260,Activated,D,1,FALSE,FALSE,In Playground,TRUE,B320,Park Slope Playground,B320,,B-06,B,"100,037,651",DRINKFTN,I,B320,D-Park Slope Playground,306,39,78,11217
B320-DF0261,Activated,A,1,FALSE,FALSE,In Playground,TRUE,B320,Park Slope Playground,B320,,B-06,B,"100,037,717",DRINKFTN,I,B320,A-Park Slope Playground,306,39,78,11217
B321-DF0222,Activated,C,1,FALSE,FALSE,"Out in Open, In Playground",TRUE,B321,Edmonds Playground,B321,,B-02,B,"100,037,674",DRINKFTN,I,B321,C-Edmonds Playground,302,35,88,11205
B321-DF0738,Activated,A,1,FALSE,FALSE,In Playground,TRUE,B321,Edmonds Playground,B321,,B-02,B,"100,039,100",DRINKFTN,I,B321,A-Edmonds Playground,302,35,88,11205
B322-DF0112,Activated,C,1,FALSE,FALSE,"In Playground, Near Ballfield",TRUE,B322,Pulaski Playground,B322,,B-03,B,"100,037,585",DRINKFTN,I,B322,C-Pulaski Playground,303,36,79,11206
B322-DF0113,Activated,F High Low,2,FALSE,FALSE,"In Playground, Near Ballfield",TRUE,B322,Pulaski Playground,B322,,B-03,B,"100,037,531",DRINKFTN,I,B322,F High Low-Pulaski Playground,303,36,79,11206
B322-DF0114,Activated,E High Low,2,FALSE,FALSE,"In Playground, Near Ballfield",TRUE,B322,Pulaski Playground,B322,,B-03,B,"100,037,558",DRINKFTN,I,B322,E High Low-Pulaski Playground,303,36,79,11206
B323-DF0097,Activated,C,1,TRUE,FALSE,"Under Tree, In Playground",TRUE,B323,Hattie Carthan Playground,B323,,B-03,B,"100,037,508",DRINKFTN,I,B323,C-Hattie Carthan Playground,303,36,79,11216
B323-DF0099,Activated,C,1,TRUE,FALSE,"Near Ballfield, In Playground",TRUE,B323,Hattie Carthan Playground,B323,,B-03,B,"100,037,580",DRINKFTN,I,B323,C-Hattie Carthan Playground,303,36,79,11216
B324-DF0550,Activated,D,1,FALSE,FALSE,"Out in Open, Just Outside Playground",TRUE,B324,Jacob Joffe Fields,B324,,B-18,B,"100,038,265",DRINKFTN,I,B324,D-Jacob Joffe Fields,318,46,63,11234
B324-DF0551,Activated,A,1,TRUE,FALSE,"Out in Open, Near Ballfield",TRUE,B324,Jacob Joffe Fields,B324,,B-18,B,"100,038,260",DRINKFTN,I,B324,A-Jacob Joffe Fields,318,46,63,11234
B324-DF0552,Activated,A,1,FALSE,FALSE,"Out in Open, Near Ballfield",TRUE,B324,Jacob Joffe Fields,B324,,B-18,B,"100,038,256",DRINKFTN,I,B324,A-Jacob Joffe Fields,318,46,63,11234
B325-DF0154,Activated,C,1,TRUE,FALSE,"Under Tree, In Shade",TRUE,B325,Fish Playground,B325,,B-16,B,"100,037,540",DRINKFTN,I,B325,C-Fish Playground,316,41,73,11233
B325-DF0155,Activated,A,1,TRUE,FALSE,Out in Open,TRUE,B325,Fish Playground,B325,,B-16,B,"100,037,567",DRINKFTN,I,B325,A-Fish Playground,316,41,73,11233
B326-DF0648,Activated,B,1,FALSE,FALSE,In Playground,TRUE,B326,Cobble Hill Park,B326,,B-06,B,"100,038,902",DRINKFTN,I,B326,B-Cobble Hill Park,306,39,76,11201
B326-DF0900,Activated,B,1,,FALSE,"In Shade, In Playground",TRUE,B326,Cobble Hill Park,B326,,B-06,B,"100,040,307",DRINKFTN,I,B326,B-Cobble Hill Park,306,39,76,11201
B329-DF0650,Activated,C,1,FALSE,TRUE,"Under Tree, Near Ballfield",TRUE,B329,Lindower Park,B329,,B-18,B,"100,039,072",DRINKFTN,I,B329,C-Lindower Park,318,46,63,11234
B329-DF0818,Activated,A,1,FALSE,FALSE,"Near Ballfield, Out in Open",TRUE,B329,Lindower Park,B329,,B-18,B,"100,039,806",DRINKFTN,I,B329,A-Lindower Park,318,46,63,11234
B329-DF0819,Activated,E,1,TRUE,FALSE,"In Playground, Out in Open",TRUE,B329,Lindower Park,B329-01,Lindower Park Playground,B-18,B,"100,039,794",DRINKFTN,I,B329-01,E-Lindower Park-Lindower Park Playground,318,46,63,11234
B329-DF0820,Activated,E High Low,2,TRUE,FALSE,"Out in Open, Just Outside Playground",TRUE,B329,Lindower Park,B329-01,Lindower Park Playground,B-18,B,"100,039,832",DRINKFTN,I,B329-01,E High Low-Lindower Park-Lindower Park Playground,318,46,63,11234
B330-DF0557,Activated,D,1,FALSE,FALSE,"Out in Open, Near Ballfield",TRUE,B330,Hickman Playground,B330,,B-18,B,"100,038,324",DRINKFTN,I,B330,D-Hickman Playground,318,46,63,11234
B330-DF0558,Activated,D,1,FALSE,FALSE,"Out in Open, Near Ballfield",TRUE,B330,Hickman Playground,B330,,B-18,B,"100,038,327",DRINKFTN,I,B330,D-Hickman Playground,318,46,63,11234
B330-DF0559,Activated,D,1,FALSE,FALSE,"Out in Open, Just Outside Playground",TRUE,B330,Hickman Playground,B330,,B-18,B,"100,038,342",DRINKFTN,I,B330,D-Hickman Playground,318,46,63,11234
B330-DF0901,Activated,A,1,,FALSE,In Playground,TRUE,B330,Hickman Playground,B330,,B-18,B,"100,040,299",DRINKFTN,I,B330,A-Hickman Playground,318,46,63,11234
B331-DF0286,Activated,C,1,TRUE,FALSE,"Under Tree, Out in Open, In Shade, In Playground",TRUE,B331,Neptune Playground,B331,,B-13,B,"100,037,694",DRINKFTN,I,B331,C-Neptune Playground,313,47,60,11224
B332-DF0038,Broken,C,1,FALSE,FALSE,"Under Tree, In Shade, Near Ballfield",TRUE,B332,Evergreen Playground,B332,,B-04,B,"100,037,442",DRINKFTN,I,B332,C-Evergreen Playground,304,37,83,11207
B332-DF0039,Broken,C,1,TRUE,FALSE,Out in Open,TRUE,B332,Evergreen Playground,B332,,B-04,B,"100,037,422",DRINKFTN,I,B332,C-Evergreen Playground,304,37,83,11207
B334-DF0019,Activated,A,1,FALSE,TRUE,Near Ballfield,TRUE,B334,Fermi Playground,B334,,B-04,B,"100,037,419",DRINKFTN,I,B334,A-Fermi Playground,304,34,83,11221
B334-DF0020,Activated,C,1,TRUE,TRUE,Out in Open,TRUE,B334,Fermi Playground,B334,,B-04,B,"100,037,435",DRINKFTN,I,B334,C-Fermi Playground,304,34,83,11221
B334-DF0021,Broken,C,1,TRUE,FALSE,"In Playground, Under Tree, In Shade",TRUE,B334,Fermi Playground,B334,,B-04,B,"100,037,415",DRINKFTN,I,B334,C-Fermi Playground,304,34,83,11221
B335-DF0390,UnderConstruction,A,1,TRUE,FALSE,"Under Tree, Out in Open, In Playground",TRUE,B335,Bildersee Playground,B335,,B-18,B,"100,037,824",DRINKFTN,I,B335,A-Bildersee Playground,318,46,69,11236
B335-DF0391,UnderConstruction,A,1,TRUE,FALSE,"Out in Open, In Playground",TRUE,B335,Bildersee Playground,B335,,B-18,B,"100,037,808",DRINKFTN,I,B335,A-Bildersee Playground,318,46,69,11236
B335-DF0392,UnderConstruction,A,1,TRUE,FALSE,"Out in Open, Just Outside Playground",TRUE,B335,Bildersee Playground,B335,,B-18,B,"100,037,831",DRINKFTN,I,B335,A-Bildersee Playground,318,46,69,11236
B337-DF0365,Activated,E,1,FALSE,FALSE,"In Playground, Out in Open",TRUE,B337,Century Playground,B337,,B-13,B,"100,037,799",DRINKFTN,I,B337,E-Century Playground,313,48,60,11224
B337-DF0366,Broken,C,1,FALSE,FALSE,"Out in Open, In Playground",TRUE,B337,Century Playground,B337,,B-13,B,"100,037,823",DRINKFTN,I,B337,C-Century Playground,313,48,60,11224
B340-DF0026,Activated,C,1,FALSE,FALSE,"Just Outside Playground, Near Ballfield, Out in Open",TRUE,B340,Garden Playground,B340,,B-04,B,"100,037,426",DRINKFTN,I,B340,C-Garden Playground,304,34,83,11206
B342-DF0274,Activated,A,1,TRUE,FALSE,"Under Tree, Out in Open, In Shade, Near Ballfield",TRUE,B342,100% Playground,B342,,B-18,B,"100,037,736",DRINKFTN,I,B342,A-100% Playground,318,46,69,11236
B342-DF0655,Activated,A,1,TRUE,FALSE,"Out in Open, Just Outside Playground",TRUE,B342,100% Playground,B342,,B-18,B,"100,039,023",DRINKFTN,I,B342,A-100% Playground,318,46,69,11236
B343-DF0120,Activated,A,1,TRUE,FALSE,"Under Tree, In Shade, In Playground",TRUE,B343,Osborn Playground,B343,,B-16,B,"100,037,560",DRINKFTN,I,B343,A-Osborn Playground,316,42,73,11212
B343-DF0121,Activated,D,1,TRUE,TRUE,Out in Open,TRUE,B343,Osborn Playground,B343,,B-16,B,"100,037,583",DRINKFTN,I,B343,D-Osborn Playground,316,42,73,11212
B343-DF0122,Activated,A,1,TRUE,FALSE,"Under Tree, Near Ballfield, In Shade",TRUE,B343,Osborn Playground,B343,,B-16,B,"100,037,505",DRINKFTN,I,B343,A-Osborn Playground,316,42,73,11212
B345-DF0159,Activated,D,1,FALSE,TRUE,Under Tree,TRUE,B345,Ethan Allen Playground,B345,,B-05,B,"100,037,504",DRINKFTN,I,B345,D-Ethan Allen Playground,305,42,75,11207
B345-DF0161,Activated,CS Concrete,1,TRUE,FALSE,In Playground,TRUE,B345,Ethan Allen Playground,B345,,B-05,B,"100,037,568",DRINKFTN,I,B345,CS Concrete-Ethan Allen Playground,305,42,75,11207
B345-DF0163,Activated,A,1,TRUE,FALSE,Under Tree,TRUE,B345,Ethan Allen Playground,B345,,B-05,B,"100,037,536",DRINKFTN,I,B345,A-Ethan Allen Playground,305,42,75,11207
B346-DF0786,Broken,A,1,FALSE,FALSE,Out in Open,TRUE,B346,Ericsson Playground,B346,,B-01,B,"100,039,431",DRINKFTN,I,B346,A-Ericsson Playground,301,33,94,11222
B347-DF0128,Activated,C,1,FALSE,FALSE,"Near Ballfield, In Playground",TRUE,B347,Carver Playground,B347,,B-03,B,"100,037,515",DRINKFTN,I,B347,C-Carver Playground,303,41,81,11233
B347-DF0129,Activated,C,1,FALSE,FALSE,"In Playground, Near Ballfield",TRUE,B347,Carver Playground,B347,,B-03,B,"100,037,542",DRINKFTN,I,B347,C-Carver Playground,303,41,81,11233
B347-DF0130,Activated,C,1,FALSE,FALSE,"In Playground, Under Tree",TRUE,B347,Carver Playground,B347,,B-03,B,"100,037,579",DRINKFTN,I,B347,C-Carver Playground,303,41,81,11233
B348-DF0084,Activated,A,1,TRUE,FALSE,In Playground,TRUE,B348,Willoughby Playground,B348,,B-03,B,"100,037,471",DRINKFTN,I,B348,A-Willoughby Playground,303,36,79,11206
B349-DF0075,Activated,D,1,TRUE,FALSE,Out in Open,TRUE,B349,Bath Playground,B349,,B-11,B,"100,037,446",DRINKFTN,I,B349,D-Bath Playground,311,47,62,11214
B349-DF0076,Activated,C,1,TRUE,FALSE,"Out in Open, Under Tree",TRUE,B349,Bath Playground,B349,,B-11,B,"100,037,468",DRINKFTN,I,B349,C-Bath Playground,311,47,62,11214
B350-DF0956,Activated,Bottle Filler High Low,3,,FALSE,,TRUE,B350,Stroud Playground,B350,,B-08,B,"100,043,073",DRINKFTN,I,B350,Bottle Filler High Low-Stroud Playground,308,35,77,11238
B350-DF0957,Activated,F High Low,2,,FALSE,,TRUE,B350,Stroud Playground,B350,,B-08,B,"100,043,053",DRINKFTN,I,B350,F High Low-Stroud Playground,308,35,77,11238
B351-DF1113,Activated,Indoor Drinking Fountain,1,,FALSE,Indoor,FALSE,B351,Kosciuszko Pool,B351,,B-03,B,"100,043,079",DRINKFTN,I,B351-BLG1047,Indoor Drinking Fountain-Kosciuszko Pool,303,36,79,11216
B351-DF1114,Activated,Indoor Drinking Fountain,1,,FALSE,Indoor,FALSE,B351,Kosciuszko Pool,B351,,B-03,B,"100,043,058",DRINKFTN,I,B351-BLG1047,Indoor Drinking Fountain-Kosciuszko Pool,303,36,79,11216
B351-DF1115,Activated,Indoor Drinking Fountain,1,,FALSE,Indoor,FALSE,B351,Kosciuszko Pool,B351,,B-03,B,"100,043,065",DRINKFTN,I,B351-BLG1047,Indoor Drinking Fountain-Kosciuszko Pool,303,36,79,11216
B351-DF1116,Activated,Indoor Drinking Fountain,1,,FALSE,Indoor,FALSE,B351,Kosciuszko Pool,B351,,B-03,B,"100,043,078",DRINKFTN,I,B351-BLG1047,Indoor Drinking Fountain-Kosciuszko Pool,303,36,79,11216
B352-DF0393,Activated,E,1,TRUE,FALSE,"Out in Open, In Playground",TRUE,B352,Curtis Playground,B352,,B-18,B,"100,037,852",DRINKFTN,I,B352,E-Curtis Playground,318,46,69,11236
B380-DF0196,Activated,A,1,TRUE,FALSE,Just Outside Playground,TRUE,B380,Robert E. Venable Park,B380,,B-05,B,"100,037,687",DRINKFTN,I,B380,A-Robert E. Venable Park,305,42,75,11208
B352-DF0394,Activated,E,1,TRUE,FALSE,"Under Tree, In Shade, In Playground",TRUE,B352,Curtis Playground,B352,,B-18,B,"100,037,917",DRINKFTN,I,B352,E-Curtis Playground,318,46,69,11236
B353-DF1001,Activated,Bottle Filler High Low,3,,FALSE,,TRUE,B353,Bergen Beach Playground,B353,,B-18,B,"100,043,074",DRINKFTN,I,B353,Bottle Filler High Low-Bergen Beach Playground,318,46,63,11234
B356-DF0445,Activated,D,1,TRUE,FALSE,"Out in Open, In Playground",TRUE,B356,North Pacific Playground,B356,,B-02,B,"100,038,000",DRINKFTN,I,B356,D-North Pacific Playground,302,33,84,11217
B357-DF0315,Broken,A,1,TRUE,FALSE,Out in Open,TRUE,B357,Jackie Robinson Playground,B357,,B-09,B,"100,037,697",DRINKFTN,I,B357,A-Jackie Robinson Playground,309,35,71,11225
B357-DF0316,Broken,E,1,TRUE,FALSE,"Under Tree, Out in Open, In Shade, In Playground",TRUE,B357,Jackie Robinson Playground,B357,,B-09,B,"100,037,747",DRINKFTN,I,B357,E-Jackie Robinson Playground,309,35,71,11225
B357-DF0317,Broken,Other,1,TRUE,FALSE,Out in Open,TRUE,B357,Jackie Robinson Playground,B357,,B-09,B,"100,037,702",DRINKFTN,I,B357,Other-Jackie Robinson Playground,309,35,71,11225
B358-DF0400,Activated,C,1,FALSE,FALSE,"Out in Open, In Playground",TRUE,B358,De Hostos Playground,B358,,B-01,B,"100,037,909",DRINKFTN,I,B358,C-De Hostos Playground,301,33,90,11206
B358-DF0401,Activated,A,1,TRUE,FALSE,Just Outside Playground,TRUE,B358,De Hostos Playground,B358,,B-01,B,"100,037,958",DRINKFTN,I,B358,A-De Hostos Playground,301,33,90,11206
B358-DF0773,Activated,A,1,FALSE,FALSE,"Out in Open, In Playground",TRUE,B358,De Hostos Playground,B358,,B-01,B,"100,039,397",DRINKFTN,I,B358,A-De Hostos Playground,301,33,90,11206
B359-DF0115,Activated,Bottle Filler High Low,3,FALSE,FALSE,In Playground,TRUE,B359,Eleanor Roosevelt Playground,B359,,B-03,B,"100,037,582",DRINKFTN,I,B359,Bottle Filler High Low-Eleanor Roosevelt Playground,303,36,81,11221
B360-DF0273,Activated,A,1,TRUE,FALSE,"Out in Open, In Playground",TRUE,B360,Remsen Playground,B360,,B-18,B,"100,037,700",DRINKFTN,I,B360,A-Remsen Playground,318,46,69,11236
B361-DF0262,Activated,D,1,FALSE,FALSE,In Playground,TRUE,B361,Boerum Park,B361,,B-06,B,"100,037,745",DRINKFTN,I,B361,D-Boerum Park,306,33,76,11201
B361-DF0263,Activated,D,1,,FALSE,In Playground,TRUE,B361,Boerum Park,B361,,B-06,B,"100,037,790",DRINKFTN,I,B361,D-Boerum Park,306,33,76,11201
B362-DF0093,Activated,D,1,FALSE,FALSE,"Under Tree, In Shade, Out in Open, Near Ballfield, Just Outside Playground",TRUE,B362,Chester Playground,B362,,B-16,B,"100,037,590",DRINKFTN,I,B362,D-Chester Playground,316,41,73,11212
B362-DF0094,Activated,D,1,TRUE,FALSE,Out in Open,TRUE,B362,Chester Playground,B362,,B-16,B,"100,037,511",DRINKFTN,I,B362,D-Chester Playground,316,41,73,11212
B363-DF0177,Activated,C,1,FALSE,FALSE,"Out in Open, Under Tree, In Shade",TRUE,B363,Houston Playground,B363,,B-16,B,"100,037,543",DRINKFTN,I,B363,C-Houston Playground,316,37,73,11212
B364-DF0484,Activated,C,1,TRUE,FALSE,"Just Outside Playground, Under Tree",TRUE,B364,Woods Playground,B364,,B-08,B,"100,038,186",DRINKFTN,I,B364,C-Woods Playground,308,36,77,11213
B367-DF0101,Activated,A,1,TRUE,FALSE,"Under Tree, In Shade",TRUE,B367,Livonia Park,B367,,B-16,B,"100,037,539",DRINKFTN,I,B367,A-Livonia Park,316,42,73,11212
B369-DF0601,Activated,Bottle Filler High Low,3,FALSE,FALSE,Out in Open,TRUE,B369,Steeplechase Park,B369-01,Steeplechase Park,B-13,B,"100,038,432",DRINKFTN,I,B369-01,Bottle Filler High Low-Steeplechase Park-Steeplechase Park,313,47,60,11224
B369-DF0858,UnderConstruction,E,1,FALSE,FALSE,"Out in Open, Just Outside Playground",TRUE,B369,Steeplechase Park,B369-01,Steeplechase Park,B-13,B,"100,039,950",DRINKFTN,I,B369-01,E-Steeplechase Park-Steeplechase Park,313,47,60,11224
B371-DF0110,Activated,E High Low,2,TRUE,FALSE,Near Ballfield,TRUE,B371,Spring Creek Park,B371-ZN01,Spring Creek Park Zone 1,B-05,B,"100,037,535",DRINKFTN,I,B371-ZN01,E High Low-Spring Creek Park-Spring Creek Park Zone 1,305,42,75,11239
B371-DF0111,Activated,E,1,TRUE,FALSE,Near Ballfield,TRUE,B371,Spring Creek Park,B371-ZN01,Spring Creek Park Zone 1,B-05,B,"100,037,563",DRINKFTN,I,B371-ZN01,E-Spring Creek Park-Spring Creek Park Zone 1,305,42,75,11239
B372-DF0255,Activated,A,1,FALSE,FALSE,Just Outside Playground,TRUE,B372,Friends Field,B372,,B-12,B,"100,037,673",DRINKFTN,I,B372,A-Friends Field,312,44,66,11230
B372-DF0256,Activated,C,1,,FALSE,"In Playground, Out in Open, Near Ballfield",TRUE,B372,Friends Field,B372,,B-12,B,"100,037,596",DRINKFTN,I,B372,C-Friends Field,312,44,66,11230
B372-DF0257,Activated,A,1,TRUE,TRUE,Near Ballfield,TRUE,B372,Friends Field,B372,,B-12,B,"100,037,646",DRINKFTN,I,B372,A-Friends Field,312,44,66,11230
B372-DF0258,Activated,C,1,FALSE,FALSE,In Playground,TRUE,B372,Friends Field,B372,,B-12,B,"100,037,601",DRINKFTN,I,B372,C-Friends Field,312,44,66,11230
B375-DF0629,Broken,C,1,FALSE,FALSE,"Out in Open, In Playground",TRUE,B375,Chiarantano Playground,B375,,B-17,B,"100,038,756",DRINKFTN,I,B375,C-Chiarantano Playground,317,45,67,11203
B377-DF0106,Activated,C,1,TRUE,FALSE,Near Ballfield,TRUE,B377,Floyd Patterson Ballfields,B377,,B-16,B,"100,037,506",DRINKFTN,I,B377,C-Floyd Patterson Ballfields,316,42,73,11212
B377-DF0107,Activated,C,1,TRUE,FALSE,"Near Ballfield, Under Tree, In Shade",TRUE,B377,Floyd Patterson Ballfields,B377,,B-16,B,"100,037,529",DRINKFTN,I,B377,C-Floyd Patterson Ballfields,316,42,73,11212
B380-DF0195,Activated,C,1,FALSE,FALSE,In Playground,TRUE,B380,Robert E. Venable Park,B380,,B-05,B,"100,037,638",DRINKFTN,I,B380,C-Robert E. Venable Park,305,42,75,11208
B380-DF0197,Activated,C,1,TRUE,TRUE,Just Outside Playground,TRUE,B380,Robert E. Venable Park,B380,,B-05,B,"100,037,608",DRINKFTN,I,B380,C-Robert E. Venable Park,305,42,75,11208
B381-DF0033,Activated,Bottle Filler High Low,3,FALSE,FALSE,Out in Open,TRUE,B381,Thomas Boyland Park,B381,,B-04,B,"100,037,413",DRINKFTN,I,B381,Bottle Filler High Low-Thomas Boyland Park,304,37,83,11207
B381-DF0034,Activated,Bottle Filler High Low,3,FALSE,FALSE,"Just Outside Playground, Near Ballfield, Out in Open",TRUE,B381,Thomas Boyland Park,B381,,B-04,B,"100,037,438",DRINKFTN,I,B381,Bottle Filler High Low-Thomas Boyland Park,304,37,83,11207
B382A-DF0408,Activated,A,1,FALSE,FALSE,Near Ballfield,TRUE,B382A,Roberto Clemente Ballfield,B382A,,B-01,B,"100,037,963",DRINKFTN,I,B382A,A-Roberto Clemente Ballfield,301,33,90,11249
B382A-DF0409,Activated,A,1,FALSE,FALSE,Near Ballfield,TRUE,B382A,Roberto Clemente Ballfield,B382A,,B-01,B,"100,037,907",DRINKFTN,I,B382A,A-Roberto Clemente Ballfield,301,33,90,11249
B382A-DF0770,Activated,D,1,FALSE,FALSE,"Under Tree, In Shade, Near Ballfield",TRUE,B382A,Roberto Clemente Ballfield,B382A,,B-01,B,"100,039,473",DRINKFTN,I,B382A,D-Roberto Clemente Ballfield,301,33,90,11249
B385-DF0204,Activated,Trough,1,,FALSE,"Out in Open, Just Outside Playground",TRUE,B385,WNYC Transmitter Park,B385,,B-01,B,"100,037,633",DRINKFTN,I,B385,Trough-WNYC Transmitter Park,301,33,94,11222
B387-DF0145,Activated,F,1,TRUE,FALSE,Just Outside Playground,TRUE,B387,Hilltop Playground,B387,,B-16,B,"100,037,545",DRINKFTN,I,B387,F-Hilltop Playground,316,41,73,11233
B387-DF0147,Activated,F,1,TRUE,FALSE,Just Outside Playground,TRUE,B387,Hilltop Playground,B387,,B-16,B,"100,037,512",DRINKFTN,I,B387,F-Hilltop Playground,316,41,73,11233
B387-DF0148,Activated,Bottle Filler High Low,3,TRUE,FALSE,Out in Open,TRUE,B387,Hilltop Playground,B387,,B-16,B,"100,037,561",DRINKFTN,I,B387,Bottle Filler High Low-Hilltop Playground,316,41,73,11233
B390-DF0241,Activated,A,1,FALSE,FALSE,In Playground,TRUE,B390,Mother Cabrini Park,B390,,B-06,B,"100,037,659",DRINKFTN,I,B390,A-Mother Cabrini Park,306,39,76,11231
B392-DF0276,Broken,C,1,FALSE,FALSE,Out in Open,TRUE,B392,Lott Park,B392,,B-17,B,"100,037,785",DRINKFTN,I,B392,C-Lott Park,317,40,67,11226
B395-DF0023,Activated,C,1,TRUE,FALSE,"Out in Open, Near Ballfield",TRUE,B395,Green Central Knoll,B395,,B-04,B,"100,037,412",DRINKFTN,I,B395,C-Green Central Knoll,304,34,83,11206
B395-DF0024,Activated,A,1,FALSE,FALSE,"Out in Open, Near Ballfield",TRUE,B395,Green Central Knoll,B395,,B-04,B,"100,037,429",DRINKFTN,I,B395,A-Green Central Knoll,304,34,83,11206
B395-DF0916,Activated,C,1,,FALSE,In Playground,TRUE,B395,Green Central Knoll,B395,,B-04,B,"100,040,320",DRINKFTN,I,B395,C-Green Central Knoll,304,34,83,11206
B396-DF0105,Activated,C,1,TRUE,FALSE,"Under Tree, In Shade",TRUE,B396,Nehemiah Park,B396,,B-16,B,"100,037,562",DRINKFTN,I,B396,C-Nehemiah Park,316,42,73,11212
B397-DF0100,Activated,C,1,TRUE,FALSE,Out in Open,TRUE,B397,Carter G. Woodson Children's Park,B397,,B-16,B,"100,037,513",DRINKFTN,I,B397,C-Carter G. Woodson Children's Park,316,41,73,11212
B401-DF0537,Activated,E,1,TRUE,FALSE,"Under Tree, In Shade",TRUE,B401,Grand Ferry Park,B401,,B-01,B,"100,038,262",DRINKFTN,I,B401,E-Grand Ferry Park,301,33,90,11249
B402-DF0073,Activated,C,1,FALSE,FALSE,In Playground,TRUE,B402,George Walker Jr. Park,B402,,B-05,B,"100,037,448",DRINKFTN,I,B402,C-George Walker Jr. Park,305,37,75,11207
B402-DF0074,Activated,C,1,FALSE,FALSE,In Playground,TRUE,B402,George Walker Jr. Park,B402,,B-05,B,"100,037,470",DRINKFTN,I,B402,C-George Walker Jr. Park,305,37,75,11207
B404-DF0499,Activated,C,1,FALSE,FALSE,"Out in Open, In Playground",TRUE,B404,East Flatbush Children's Playground,B404,,B-17,B,"100,038,136",DRINKFTN,I,B404,C-East Flatbush Children's Playground,317,41,67,11212
B405-DF0388,Activated,A,1,FALSE,FALSE,"Under Tree, In Shade, Just Outside Playground",TRUE,B405,Epiphany Playground,B405,,B-01,B,"100,037,792",DRINKFTN,I,B405,A-Epiphany Playground,301,33,90,11249
B407-DF0719,Activated,E,1,TRUE,FALSE,"Out in Open, Just Outside Playground",TRUE,B407,South Oxford Park,B407,,B-02,B,"100,039,167",DRINKFTN,I,B407,E-South Oxford Park,302,35,88,11217
B418-DF0275,Activated,C,1,TRUE,FALSE,Out in Open,TRUE,B418,Valentino Pier,B418,,B-06,B,"100,037,763",DRINKFTN,I,B418,C-Valentino Pier,306,38,76,11231
B419-DF0182,Activated,C,1,FALSE,FALSE,"Out in Open, Near Ballfield",TRUE,B419,Sutter Ballfields,B419,,B-05,B,"100,037,496",DRINKFTN,I,B419,C-Sutter Ballfields,305,42,75,11207
B419-DF0183,Activated,A,1,TRUE,FALSE,"Near Ballfield, Out in Open",TRUE,B419,Sutter Ballfields,B419,,B-05,B,"100,037,546",DRINKFTN,I,B419,A-Sutter Ballfields,305,42,75,11207
B419-DF0902,Activated,A,1,,FALSE,Near Ballfield,TRUE,B419,Sutter Ballfields,B419,,B-05,B,"100,040,326",DRINKFTN,I,B419,A-Sutter Ballfields,305,42,75,11207
B430-DF0085,Activated,D,1,FALSE,FALSE,In Playground,TRUE,B430,Lewis Playground,B430,,B-03,B,"100,037,447",DRINKFTN,I,B430,D-Lewis Playground,303,36,81,11206
B431-DF0946,NotYetActivated,Bottle Filler Fountain,2,,FALSE,,TRUE,B431,Brooklyn Bridge Park,B431-01,Brooklyn Bridge Park Playground,B-02,B,"100,040,397",DRINKFTN,I,B431-01,Bottle Filler Fountain-Brooklyn Bridge Park-Brooklyn Bridge Park Playground,302,33,84,11201
B431-DF0947,NotYetActivated,CS Metal,1,,FALSE,Out in Open,TRUE,B431,Brooklyn Bridge Park,B431,,B-02,B,"100,040,421",DRINKFTN,I,B431,CS Metal-Brooklyn Bridge Park,302,33,84,11201
,Activated,A,,,,,TRUE,,,,,Q-12,Q,,DRINKFTN,,,,,,,
B431-DF0948,NotYetActivated,CS Metal,1,,FALSE,Out in Open,TRUE,B431,Brooklyn Bridge Park,B431-ZN06,Brooklyn Bridge Park Zone 6,B-02,B,"100,040,451",DRINKFTN,I,B431-ZN06,CS Metal-Brooklyn Bridge Park-Brooklyn Bridge Park Zone 6,302,1,84,
B431-DF0949,NotYetActivated,Bottle Filler Fountain,2,,FALSE,Out in Open,FALSE,B431,Brooklyn Bridge Park,B431-ZN06,Brooklyn Bridge Park Zone 6,B-02,B,"100,040,480",DRINKFTN,I,B431-ZN06-BLG7706,Bottle Filler Fountain-Brooklyn Bridge Park-Brooklyn Bridge Park Zone 6,302,1,84,
B431-DF0950,NotYetActivated,Bottle Filler Fountain,2,,FALSE,Out in Open,TRUE,B431,Brooklyn Bridge Park,B431-ZN06,Brooklyn Bridge Park Zone 6,B-02,B,"100,040,485",DRINKFTN,I,B431-ZN06,Bottle Filler Fountain-Brooklyn Bridge Park-Brooklyn Bridge Park Zone 6,302,33,76,11201
B431-DF0951,NotYetActivated,Bottle Filler Fountain,2,,FALSE,Out in Open,FALSE,B431,Brooklyn Bridge Park,B431-ZN06,Brooklyn Bridge Park Zone 6,B-02,B,"100,040,444",DRINKFTN,I,B431-ZN06-BLG7706,Bottle Filler Fountain-Brooklyn Bridge Park-Brooklyn Bridge Park Zone 6,302,1,84,
B431-DF0952,NotYetActivated,Bottle Filler Fountain,2,,FALSE,"In Shade, Just Outside Playground",TRUE,B431,Brooklyn Bridge Park,B431-ZN06,Brooklyn Bridge Park Zone 6,B-02,B,"100,040,475",DRINKFTN,I,B431-ZN06,Bottle Filler Fountain-Brooklyn Bridge Park-Brooklyn Bridge Park Zone 6,302,33,84,11201
B431-DF0953,NotYetActivated,Bottle Filler Fountain,2,,FALSE,"In Playground, Out in Open",TRUE,B431,Brooklyn Bridge Park,B431-ZN06,Brooklyn Bridge Park Zone 6,B-02,B,"100,040,489",DRINKFTN,I,B431-ZN06,Bottle Filler Fountain-Brooklyn Bridge Park-Brooklyn Bridge Park Zone 6,302,33,84,11201
B433-DF1002,Activated,Trough,1,,TRUE,,TRUE,B433,Hendrick I. Lott House,B433,,B-18,B,"100,042,332",DRINKFTN,I,B433,Trough-Hendrick Lott House,318,46,63,11234
B529-DF0028,Activated,Trough,1,FALSE,FALSE,"Under Tree, In Shade, Near Ballfield",TRUE,B529,Bushwick Inlet Park,B529,,B-01,B,"100,037,441",DRINKFTN,I,B529,Trough-Bushwick Inlet Park,301,33,94,11249
B529-DF0029,Activated,Trough,1,FALSE,FALSE,"Near Ballfield, Under Tree",TRUE,B529,Bushwick Inlet Park,B529,,B-01,B,"100,037,420",DRINKFTN,I,B529,Trough-Bushwick Inlet Park,301,33,94,11249
B529-DF0030,Activated,E High Low,2,TRUE,FALSE,"Near Ballfield, Out in Open",TRUE,B529,Bushwick Inlet Park,B529,,B-01,B,"100,037,436",DRINKFTN,I,B529,E High Low-Bushwick Inlet Park,301,33,94,11249
B529-DF1011,Activated,Pedestal High Low and Dog,3,,FALSE,,TRUE,B529,Bushwick Inlet Park,B529,,B-01,B,"100,043,084",DRINKFTN,I,B529,Pedestal High Low and Dog-Bushwick Inlet Park,301,33,94,11249
B529-DF1110,Activated,Indoor Drinking Fountain,1,,FALSE,Indoor,FALSE,B529,Bushwick Inlet Park,B529,,B-01,B,"100,043,062",DRINKFTN,I,B529-BLG1627,Indoor Drinking Fountain-Bushwick Inlet Park-Headquarters,301,33,94,11249
B529-DF1117,Activated,Indoor Drinking Fountain,1,,FALSE,Indoor,FALSE,B529,Bushwick Inlet Park,B529,,B-01,B,"100,043,063",DRINKFTN,I,B529-BLG1627,Indoor Drinking Fountain-Bushwick Inlet Park-Headquarters,301,33,94,11249
B529-DF1119,Activated,Indoor Drinking Fountain,1,,FALSE,Indoor,FALSE,B529,Bushwick Inlet Park,B529,,B-01,B,"100,043,107",DRINKFTN,I,B529-BLG1627,Indoor Drinking Fountain-Bushwick Inlet Park-Headquarters,301,33,94,11249
B529-DF1120,Activated,Food Prep Sink,1,,FALSE,Indoor,FALSE,B529,Bushwick Inlet Park,B529,,B-01,B,"100,043,105",DRINKFTN,I,B529-BLG1627,Food Prep Sink-Bushwick Inlet Park-Bushwick Inlet Park Headquarters,301,33,94,11249
BT07-DF0903,NotYetActivated,C,1,,FALSE,In Playground,TRUE,BT07,,BT07,,B-06,B,"100,040,357",DRINKFTN,I,BT07,C-Neighborhood Parks,306,39,76,11201
BT07-DF0904,NotYetActivated,C,1,,FALSE,In Playground,TRUE,BT07,,BT07,,B-06,B,"100,040,378",DRINKFTN,I,BT07,C-Neighborhood Parks,306,39,76,11201
BT07-DF0905,NotYetActivated,C,1,,FALSE,Out in Open,TRUE,BT07,,BT07,,B-06,B,"100,040,302",DRINKFTN,I,BT07,C-Neighborhood Parks,306,39,76,11201
BT10-DF0617,Activated,E,1,TRUE,FALSE,Out in Open,TRUE,BT10,Holocaust Memorial Park,BT10,,B-15,B,"100,038,562",DRINKFTN,I,BT10,E-Holocaust Memorial Park,315,48,61,11235
BT13-DF0906,NotYetActivated,Pedestal,1,,FALSE,Out in Open,TRUE,BT13,,BT13,,B-06,B,"100,040,329",DRINKFTN,I,BT13,Pedestal-Whole Foods PAA,306,39,78,11215
BT13-DF0907,NotYetActivated,Pedestal,1,,FALSE,Out in Open,TRUE,BT13,,BT13,,B-06,B,"100,040,294",DRINKFTN,I,BT13,Pedestal-Whole Foods PAA,306,39,78,11215
BT15-DF0739,Activated,CS Metal,1,FALSE,FALSE,Near Ballfield,TRUE,BT15,Bush Terminal Park,BT15,,B-07,B,"100,039,179",DRINKFTN,I,BT15,CS Metal-Bush Terminal Park,307,38,72,11232
BT15-DF0740,Activated,E,1,TRUE,FALSE,Near Ballfield,TRUE,BT15,Bush Terminal Park,BT15,,B-07,B,"100,039,102",DRINKFTN,I,BT15,E-Bush Terminal Park,307,38,72,11232
BT15-DF0741,Activated,E,1,TRUE,FALSE,Near Ballfield,TRUE,BT15,Bush Terminal Park,BT15,,B-07,B,"100,039,128",DRINKFTN,I,BT15,E-Bush Terminal Park,307,38,72,11232
BT15-DF0742,Activated,E,1,TRUE,FALSE,Near Ballfield,TRUE,BT15,Bush Terminal Park,BT15,,B-07,B,"100,039,183",DRINKFTN,I,BT15,E-Bush Terminal Park,307,38,72,11232
BT15-DF0743,Activated,E,1,TRUE,FALSE,Near Ballfield,TRUE,BT15,Bush Terminal Park,BT15,,B-07,B,"100,039,175",DRINKFTN,I,BT15,E-Bush Terminal Park,307,38,72,11232
BT15-DF0744,Activated,E,1,TRUE,FALSE,Near Ballfield,TRUE,BT15,Bush Terminal Park,BT15,,B-07,B,"100,039,125",DRINKFTN,I,BT15,E-Bush Terminal Park,307,38,72,11232
BT15-DF0745,Activated,E,1,TRUE,FALSE,Near Ballfield,TRUE,BT15,Bush Terminal Park,BT15,,B-07,B,"100,039,101",DRINKFTN,I,BT15,E-Bush Terminal Park,307,38,72,11232
,Activated,E,,,,,TRUE,,,,,Q-12,Q,,DRINKFTN,,,,,,,
BT15-DF0746,Activated,E,1,TRUE,FALSE,Near Ballfield,TRUE,BT15,Bush Terminal Park,BT15,,B-07,B,"100,039,213",DRINKFTN,I,BT15,E-Bush Terminal Park,307,38,72,11232
BT16-DF0467,Activated,D,1,TRUE,FALSE,"In Playground, Out in Open",TRUE,BT16,St. Mark's Playground,BT16,,B-08,B,"100,038,047",DRINKFTN,I,BT16,D-St. Mark's Playground,308,36,77,11213
BT17-DF0908,NotYetActivated,F and Dog,2,,FALSE,Out in Open,TRUE,BT17,,BT17,,B-11,B,"100,040,321",DRINKFTN,I,BT17,F and Dog-Brooklyn Bay Center,311,43,62,11214
BZ08-DF1018,Activated,B,1,,FALSE,,TRUE,BZ08,,BZ08,,B-02,B,"100,043,108",DRINKFTN,I,BZ08,B-WEINBURG TRIANGLE,302,33,84,11201
BZ10-DF0284,Activated,B,1,FALSE,TRUE,"Under Tree, Out in Open, In Playground",TRUE,BZ10,,BZ10,,B-13,B,"100,037,727",DRINKFTN,I,BZ10,B-Babi Yar Triangle,313,48,60,11235
M001-DF0112,Activated,E,1,TRUE,FALSE,Under Tree,TRUE,M001,Abingdon Square,M001,,M-02,M,"100,039,393",DRINKFTN,I,M001,E-Abingdon Square,102,3,6,10014
M003-DF0490,Activated,J,1,FALSE,FALSE,"Near Ballfield, Just Outside Playground",TRUE,M003,Annunciation Playground,M003,,M-09,M,"100,040,012",DRINKFTN,I,M003,J-Annunciation Playground,109,9,26,10031
M004-DF0447,Activated,F and Dog,2,TRUE,FALSE,Out in Open,TRUE,M004,Allen Mall One,M004,,M-03,M,"100,040,084",DRINKFTN,I,M004,F and Dog-Allen Mall One,103,1,5,10002
M004-DF0450,Activated,F and Dog,2,TRUE,FALSE,Out in Open,TRUE,M004,Allen Mall One,M004,,M-03,M,"100,040,064",DRINKFTN,I,M004,F and Dog-Allen Mall One,103,1,7,10002
M005-DF0278,Activated,E and Dog,2,TRUE,FALSE,Under Tree,TRUE,M005,The Battery,M005-ZN01,Battery Park Zone 1,M-01,M,"100,039,802",DRINKFTN,I,M005-ZN01,E and Dog-The Battery-Battery Park Zone 1,101,1,1,10004
M005-DF0279,Activated,E and Dog,2,TRUE,FALSE,Under Tree,TRUE,M005,The Battery,M005-ZN01,Battery Park Zone 1,M-01,M,"100,039,828",DRINKFTN,I,M005-ZN01,E and Dog-The Battery-Battery Park Zone 1,101,1,1,10004
M005-DF0280,Activated,E and Dog,2,TRUE,FALSE,Under Tree,TRUE,M005,The Battery,M005-ZN01,Battery Park Zone 1,M-01,M,"100,039,853",DRINKFTN,I,M005-ZN01,E and Dog-The Battery-Battery Park Zone 1,101,1,1,10004
M005-DF0281,Activated,E,1,TRUE,FALSE,Under Tree,TRUE,M005,The Battery,M005-ZN02,Battery Park Zone 2,M-01,M,"100,039,821",DRINKFTN,I,M005-ZN02,E-The Battery-Battery Park Zone 2,101,1,1,10004
M005-DF0282,Activated,E,1,TRUE,FALSE,Under Tree,TRUE,M005,The Battery,M005-ZN01,Battery Park Zone 1,M-01,M,"100,039,814",DRINKFTN,I,M005-ZN01,E-The Battery-Battery Park Zone 1,101,1,1,10004
M005-DF0283,Activated,E,1,TRUE,FALSE,Under Tree,TRUE,M005,The Battery,M005-ZN02,Battery Park Zone 2,M-01,M,"100,039,822",DRINKFTN,I,M005-ZN02,E-The Battery-Battery Park Zone 2,101,1,1,10004
M005-DF0284,Activated,E,1,TRUE,FALSE,Under Tree,TRUE,M005,The Battery,M005-ZN01,Battery Park Zone 1,M-01,M,"100,039,848",DRINKFTN,I,M005-ZN01,E-The Battery-Battery Park Zone 1,101,1,1,10004
M005-DF0285,Activated,E,1,TRUE,FALSE,Under Tree,TRUE,M005,The Battery,M005-ZN02,Battery Park Zone 2,M-01,M,"100,039,875",DRINKFTN,I,M005-ZN02,E-The Battery-Battery Park Zone 2,101,1,1,10004
M005-DF0597,Activated,E and Dog,2,TRUE,TRUE,"Under Tree, In Shade",TRUE,M005,The Battery,M005-ZN01,Battery Park Zone 1,M-01,M,"100,040,216",DRINKFTN,I,M005-ZN01,E and Dog-The Battery-Battery Park Zone 1,101,1,1,10004
M005-DF0899,Activated,Other,1,,FALSE,under ferry overhang,TRUE,M005,The Battery,M005-06,Peter Minuit Plaza,M-01,M,"100,043,128",DRINKFTN,I,M005-06,Other-The Battery-Peter Minuit Plaza,101,1,1,10004
M005-DF0900,Activated,Other,1,,FALSE,north east corner of plaza,TRUE,M005,The Battery,M005-06,Peter Minuit Plaza,M-01,M,"100,043,110",DRINKFTN,I,M005-06,Other-The Battery-Peter Minuit Plaza,101,1,1,10004
M005-DF1035,Activated,Indoor Drinking Fountain,1,,FALSE,Indoor,FALSE,M005,The Battery,M005-02,Battery Park Playground,M-01,M,"100,043,617",DRINKFTN,I,M005-02-BLG0635,Indoor Fountain-The Battery-DIST HQ,101,1,1,10004
M005-DF1036,Activated,Indoor Drinking Fountain,1,,FALSE,Indoor,FALSE,M005,The Battery,M005-02,Battery Park Playground,M-01,M,"100,043,624",DRINKFTN,I,M005-02-BLG0635,Indoor Drinking Fountain-The Battery-DIST HQ,101,1,1,10004
M006-DF0348,Activated,E,1,TRUE,FALSE,Under Tree,TRUE,M006,Tribeca Park,M006,,M-01,M,"100,039,920",DRINKFTN,I,M006,E-Tribeca Park,101,1,1,10013
M009-DF0245,Activated,E,1,TRUE,FALSE,Under Tree,TRUE,M009,Bennett Park,M009,,M-12,M,"100,039,729",DRINKFTN,I,M009,E-Bennett Park,112,10,34,10033
M009-DF0246,Activated,A,1,TRUE,FALSE,In Playground,TRUE,M009,Bennett Park,M009,,M-12,M,"100,039,719",DRINKFTN,I,M009,A-Bennett Park,112,10,34,10033
M010-DF0011,Activated,C,1,FALSE,FALSE,"Near Ballfield, Out in Open",TRUE,M010,Central Park,M010-ZN10&11,Sheep Meadow,M-13,M,"100,038,727",DRINKFTN,I,M010-ZN10+11,C-Central Park-Sheep Meadow,164,6,22,83
M010-DF0012,Activated,B,1,FALSE,FALSE,In Playground,TRUE,M010,Central Park,M010-031,Heckscher Plgd,M-13,M,"100,039,238",DRINKFTN,I,M010-031,B-Central Park-Heckscher Plgd,164,6,22,83
M010-DF0013,Activated,B,1,FALSE,FALSE,Under Tree,TRUE,M010,Central Park,M010-ZN07,Central Park South,M-13,M,"100,039,247",DRINKFTN,I,M010-ZN07,B-Central Park-Central Park South,164,6,22,83
M010-DF0074,Activated,B,1,FALSE,FALSE,Out in Open,TRUE,M010,Central Park,M010-ZN36,North Meadow Recreation Center,M-13,M,"100,039,310",DRINKFTN,I,M010-ZN36,B-Central Park-North Meadow Recreation Center,164,6,22,83
M010-DF0122,Activated,Bottle Filler High Low,3,,FALSE,In Shade,FALSE,M010,Central Park,M010-ZN01,Wien Walk And Arsenal,M-13,M,"100,039,412",DRINKFTN,I,M010-ZN01-BLG0707,Bottle Filler High Low-Central Park-ARSENAL,164,6,22,83
M010-DF0271,Activated,E High Low,2,TRUE,FALSE,In Playground,TRUE,M010,Central Park,M010-167,Mariner's Gate Plgd,M-13,M,"100,039,795",DRINKFTN,I,M010-167,E High Low-Central Park-Mariner's Gate Plgd,164,6,22,83
M010-DF0272,Activated,B,1,TRUE,FALSE,In Playground,TRUE,M010,Central Park,M010-164,Diana Ross Plgd,M-13,M,"100,039,815",DRINKFTN,I,M010-164,B-Central Park-Diana Ross Plgd,164,6,22,83
M010-DF0273,Activated,Monument,1,TRUE,TRUE,Just Outside Playground,TRUE,M010,Central Park,M010-ZN29,79th St Yard And Summit Rock,M-13,M,"100,039,824",DRINKFTN,I,M010-ZN29,Monument-Central Park-79th St Yard And Summit Rock,164,6,22,83
M010-DF0274,Activated,E High Low,2,TRUE,FALSE,In Playground,TRUE,M010,Central Park,M010-090,The Tarr-Coyne Tots Playground,M-13,M,"100,039,826",DRINKFTN,I,M010-090,E High Low-Central Park-The Tarr-Coyne Tots Playground,164,6,22,83
M010-DF0275,Activated,E High Low,2,TRUE,FALSE,In Playground,TRUE,M010,Central Park,M010-089,Adventure Playground,M-13,M,"100,039,850",DRINKFTN,I,M010-089,E High Low-Central Park-Adventure Playground,164,6,22,83
M010-DF0276,Activated,E,1,TRUE,FALSE,Just Outside Playground,TRUE,M010,Central Park,M010-ZN15,Wallach Walk And East Green,M-13,M,"100,039,877",DRINKFTN,I,M010-ZN15,E-Central Park-Wallach Walk And East Green,164,6,22,83
M010-DF0277,Activated,E and Dog,2,TRUE,FALSE,Just Outside Playground,TRUE,M010,Central Park,M010-ZN15,Wallach Walk And East Green,M-13,M,"100,039,800",DRINKFTN,I,M010-ZN15,E and Dog-Central Park-Wallach Walk And East Green,164,6,22,83
M010-DF0328,Activated,Pedestal Wall,1,TRUE,FALSE,In Playground,TRUE,M010,Central Park,M010-145,Ancient Plgd,M-13,M,"100,039,948",DRINKFTN,I,M010-145,Pedestal Wall-Central Park-Ancient Plgd,164,6,22,83
M010-DF0329,Activated,E High Low,2,TRUE,FALSE,In Playground,TRUE,M010,Central Park,M010-143,Pat Hoffman Friedman Plgd,M-13,M,"100,039,973",DRINKFTN,I,M010-143,E High Low-Central Park-Pat Hoffman Friedman Plgd,164,6,22,83
M010-DF0330,NotYetActivated,E,1,TRUE,FALSE,Just Outside Playground,TRUE,M010,Central Park,M010-ZN17,Cedar Hill,M-13,M,"100,039,903",DRINKFTN,I,M010-ZN17,E-Central Park-Cedar Hill,164,6,22,83
M010-DF0453,Activated,E,1,TRUE,FALSE,In Playground,TRUE,M010,Central Park,M010-187,Safari Plgd,M-13,M,"100,040,043",DRINKFTN,I,M010-187,E-Central Park-Safari Plgd,164,6,22,83
M010-DF0553,Activated,B,1,FALSE,FALSE,Out in Open,TRUE,M010,Central Park,M010-ZN42&43,Frawleys' Run,M-13,M,"100,040,235",DRINKFTN,I,M010-ZN42+43,B-Central Park-Frawleys' Run,164,6,22,83
M010-DF0554,Activated,E,1,TRUE,FALSE,In Playground,TRUE,M010,Central Park,M010-241,110th St Plgd,M-13,M,"100,040,244",DRINKFTN,I,M010-241,E-Central Park-110th St Plgd,164,6,22,83
M010-DF0555,Activated,B,1,TRUE,FALSE,Out in Open,TRUE,M010,Central Park,M010-ZN44,Northwest Corner,M-13,M,"100,040,285",DRINKFTN,I,M010-ZN44,B-Central Park-Northwest Corner,164,6,22,83
M010-DF0556,Activated,A,1,FALSE,FALSE,"Under Tree, In Shade",TRUE,M010,Central Park,M010-ZN14,North Of The Arsenal,M-13,M,"100,040,202",DRINKFTN,I,M010-ZN14,A-Central Park-North Of The Arsenal,164,6,22,83
M010-DF0557,Activated,B,1,FALSE,FALSE,"Under Tree, In Shade, Just Outside Playground",TRUE,M010,Central Park,M010-ZN14,North Of The Arsenal,M-13,M,"100,040,229",DRINKFTN,I,M010-ZN14,B-Central Park-North Of The Arsenal,164,6,22,83
M010-DF0558,Activated,E and Dog,2,TRUE,FALSE,"In Shade, Out in Open, Under Tree",TRUE,M010,Central Park,M010-ZN15,Wallach Walk And East Green,M-13,M,"100,040,253",DRINKFTN,I,M010-ZN15,E and Dog-Central Park-Wallach Walk And East Green,164,6,22,83
M010-DF0559,Activated,B,1,FALSE,FALSE,Out in Open,TRUE,M010,Central Park,M010-ZN15,Wallach Walk And East Green,M-13,M,"100,040,279",DRINKFTN,I,M010-ZN15,B-Central Park-Wallach Walk And East Green,164,6,22,83
M010-DF0560,Activated,Monument,1,FALSE,FALSE,Out in Open,TRUE,M010,Central Park,M010-ZN14,North Of The Arsenal,M-13,M,"100,040,221",DRINKFTN,I,M010-ZN14,Monument-Central Park-North Of The Arsenal,164,6,22,83
M010-DF0561,Activated,E,1,TRUE,FALSE,"In Shade, Under Tree",TRUE,M010,Central Park,M010-ZN12&13,The Mall And Rumsey Playfield,M-13,M,"100,040,238",DRINKFTN,I,M010-ZN12+13,E-Central Park-The Mall And Rumsey Playfield,164,6,22,83
M010-DF0562,Activated,B,1,FALSE,FALSE,"Under Tree, In Shade",TRUE,M010,Central Park,M010-ZN10&11,Sheep Meadow,M-13,M,"100,040,248",DRINKFTN,I,M010-ZN10+11,B-Central Park-Sheep Meadow,164,6,22,83
M010-DF0564,Activated,E and Dog,2,TRUE,FALSE,"In Shade, Out in Open",TRUE,M010,Central Park,M010-ZN21,Strawberry Fields,M-13,M,"100,040,198",DRINKFTN,I,M010-ZN21,E and Dog-Central Park-Strawberry Fields,164,6,22,83
M010-DF0565,Activated,B,1,FALSE,FALSE,"Under Tree, Out in Open",TRUE,M010,Central Park,M010-ZN01,Wien Walk And Arsenal,M-13,M,"100,040,226",DRINKFTN,I,M010-ZN01,B-Central Park-Wien Walk And Arsenal,164,6,22,83
M010-DF0566,Activated,B,1,FALSE,FALSE,"Under Tree, In Shade, Out in Open",TRUE,M010,Central Park,M010-ZN01,Wien Walk And Arsenal,M-13,M,"100,040,249",DRINKFTN,I,M010-ZN01,B-Central Park-Wien Walk And Arsenal,164,6,22,83
M010-DF0567,Activated,B,1,FALSE,FALSE,"Under Tree, In Shade, Out in Open",TRUE,M010,Central Park,M010-ZN01,Wien Walk And Arsenal,M-13,M,"100,040,251",DRINKFTN,I,M010-ZN01,B-Central Park-Wien Walk And Arsenal,164,6,22,83
M010-DF0568,Activated,E,1,TRUE,FALSE,"Under Tree, Out in Open",TRUE,M010,Central Park,M010-ZN12&13,The Mall And Rumsey Playfield,M-13,M,"100,040,277",DRINKFTN,I,M010-ZN12+13,E-Central Park-The Mall And Rumsey Playfield,164,6,22,83
M010-DF0569,Activated,Monument,1,FALSE,FALSE,"Under Tree, In Shade, Out in Open",TRUE,M010,Central Park,M010-ZN05,"Dairy, Chess & Checkers House, Carousel",M-13,M,"100,040,201",DRINKFTN,I,M010-ZN05,Monument-Central Park-Dairy,164,6,22,83
M037-DF0029,Activated,C,1,FALSE,FALSE,Out in Open,TRUE,M037,Highbridge Park,M037,,M-12A,M,"100,039,230",DRINKFTN,I,M037,C-Highbridge Park,112,10,33,10032
M010-DF0570,Activated,B,1,FALSE,FALSE,"Under Tree, Out in Open",TRUE,M010,Central Park,M010-ZN05,"Dairy, Chess & Checkers House, Carousel",M-13,M,"100,040,271",DRINKFTN,I,M010-ZN05,"B-Central Park-Dairy, Chess & Checkers House, Carousel",164,6,22,83
M010-DF0571,Activated,B,1,FALSE,FALSE,Out in Open,TRUE,M010,Central Park,M010-ZN02&4,Hallett Nature Sanctuary And Pond,M-13,M,"100,040,237",DRINKFTN,I,M010-ZN02+4,B-Central Park-Hallett Nature Sanctuary And Pond,164,6,22,83
M010-DF0572,Activated,E,1,TRUE,FALSE,"Under Tree, In Shade",TRUE,M010,Central Park,M010-ZN02&4,Hallett Nature Sanctuary And Pond,M-13,M,"100,040,273",DRINKFTN,I,M010-ZN02+4,E-Central Park-Hallett Nature Sanctuary And Pond,164,6,22,83
M010-DF0573,Activated,E,1,TRUE,FALSE,Under Tree,TRUE,M010,Central Park,M010-ZN02&4,Hallett Nature Sanctuary And Pond,M-13,M,"100,040,196",DRINKFTN,I,M010-ZN02+4,E-Central Park-Hallett Nature Sanctuary And Pond,164,6,22,83
M010-DF0574,Activated,B,1,FALSE,FALSE,Out in Open,TRUE,M010,Central Park,M010-ZN02&4,Hallett Nature Sanctuary And Pond,M-13,M,"100,040,224",DRINKFTN,I,M010-ZN02+4,B-Central Park-Hallett Nature Sanctuary And Pond,164,6,22,83
M010-DF0575,Activated,B,1,FALSE,FALSE,Out in Open,TRUE,M010,Central Park,M010-ZN07,Central Park South,M-13,M,"100,040,247",DRINKFTN,I,M010-ZN07,B-Central Park-Central Park South,164,6,22,83
M010-DF0576,Activated,E and Dog,2,TRUE,FALSE,"Under Tree, In Shade",TRUE,M010,Central Park,M010-ZN06,Heckscher Ballfields & Playground,M-13,M,"100,040,274",DRINKFTN,I,M010-ZN06,E and Dog-Central Park-Heckscher Ballfields & Playground,164,6,22,83
M010-DF0577,Activated,B,1,FALSE,FALSE,"Out in Open, In Playground",TRUE,M010,Central Park,M010-031,Heckscher Plgd,M-13,M,"100,040,197",DRINKFTN,I,M010-031,B-Central Park-Heckscher Plgd,164,6,22,83
M010-DF0578,Activated,E and Dog,2,TRUE,FALSE,"Under Tree, Out in Open",TRUE,M010,Central Park,M010-ZN06,Heckscher Ballfields & Playground,M-13,M,"100,040,225",DRINKFTN,I,M010-ZN06,E and Dog-Central Park-Heckscher Ballfields & Playground,164,6,22,83
M010-DF0579,Activated,E,1,TRUE,FALSE,"Near Ballfield, Under Tree, Out in Open",TRUE,M010,Central Park,M010-ZN06,Heckscher Ballfields & Playground,M-13,M,"100,040,261",DRINKFTN,I,M010-ZN06,E-Central Park-Heckscher Ballfields & Playground,164,6,22,83
M010-DF0580,Activated,E,1,TRUE,FALSE,"Near Ballfield, In Shade, Under Tree",TRUE,M010,Central Park,M010-ZN06,Heckscher Ballfields & Playground,M-13,M,"100,040,192",DRINKFTN,I,M010-ZN06,E-Central Park-Heckscher Ballfields & Playground,164,6,22,83
M010-DF0581,Activated,E,1,TRUE,FALSE,"Near Ballfield, Out in Open",TRUE,M010,Central Park,M010-ZN06,Heckscher Ballfields & Playground,M-13,M,"100,040,262",DRINKFTN,I,M010-ZN06,E-Central Park-Heckscher Ballfields & Playground,164,6,22,83
M010-DF0582,Activated,E and Dog,2,TRUE,FALSE,"Under Tree, Near Ballfield, In Shade",TRUE,M010,Central Park,M010-ZN06,Heckscher Ballfields & Playground,M-13,M,"100,040,194",DRINKFTN,I,M010-ZN06,E and Dog-Central Park-Heckscher Ballfields & Playground,164,6,22,83
M010-DF0583,Activated,E and Dog,2,TRUE,FALSE,Near Ballfield,TRUE,M010,Central Park,M010-ZN06,Heckscher Ballfields & Playground,M-13,M,"100,040,222",DRINKFTN,I,M010-ZN06,E and Dog-Central Park-Heckscher Ballfields & Playground,164,6,22,83
M010-DF0584,Activated,E,1,TRUE,FALSE,Under Tree,TRUE,M010,Central Park,M010-ZN07,Central Park South,M-13,M,"100,040,245",DRINKFTN,I,M010-ZN07,E-Central Park-Central Park South,164,6,22,83
M010-DF0585,Activated,B,1,FALSE,FALSE,"Under Tree, In Shade, Out in Open",TRUE,M010,Central Park,M010-ZN08,Central Park West,M-13,M,"100,040,272",DRINKFTN,I,M010-ZN08,B-Central Park-Central Park West,164,6,22,83
M010-DF0586,Activated,E,1,TRUE,FALSE,"Under Tree, Out in Open",TRUE,M010,Central Park,M010-ZN10&11,Sheep Meadow,M-13,M,"100,040,195",DRINKFTN,I,M010-ZN10+11,E-Central Park-Sheep Meadow,164,6,22,83
M010-DF0587,Activated,E,1,TRUE,FALSE,"Under Tree, Out in Open, In Shade",TRUE,M010,Central Park,M010-ZN20,Bethesda Terrace,M-13,M,"100,040,259",DRINKFTN,I,M010-ZN20,E-Central Park-Bethesda Terrace,164,6,22,83
M010-DF0588,Activated,E and Dog,2,TRUE,FALSE,"Out in Open, Under Tree",TRUE,M010,Central Park,M010-ZN20,Bethesda Terrace,M-13,M,"100,040,220",DRINKFTN,I,M010-ZN20,E and Dog-Central Park-Bethesda Terrace,164,6,22,83
M010-DF0589,Activated,E,1,TRUE,FALSE,"Under Tree, In Shade",TRUE,M010,Central Park,M010-ZN24&25,"Belvdre. Cstl., Turtle Pond, Shkspr Grdn",M-13,M,"100,040,243",DRINKFTN,I,M010-ZN24+25,"E-Central Park-Belvdre. Cstl., Turtle Pond, Shkspr Grdn",164,6,22,83
M010-DF0590,Activated,E and Dog,2,TRUE,FALSE,"Under Tree, In Shade",TRUE,M010,Central Park,M010-ZN17,Cedar Hill,M-13,M,"100,040,241",DRINKFTN,I,M010-ZN17,E and Dog-Central Park-Cedar Hill,164,6,22,83
M010-DF0591,Activated,E and Dog,2,TRUE,FALSE,"Under Tree, In Shade",TRUE,M010,Central Park,M010-ZN16,Pilgrim Hill & Conservatory Water,M-13,M,"100,040,266",DRINKFTN,I,M010-ZN16,E and Dog-Central Park-Pilgrim Hill & Conservatory Water,164,6,22,83
M010-DF0592,Activated,E,1,TRUE,FALSE,"Under Tree, In Shade",TRUE,M010,Central Park,M010-ZN16,Pilgrim Hill & Conservatory Water,M-13,M,"100,040,189",DRINKFTN,I,M010-ZN16,E-Central Park-Pilgrim Hill & Conservatory Water,164,6,22,83
M010-DF0593,Activated,B,1,FALSE,FALSE,"Under Tree, In Shade",TRUE,M010,Central Park,M010-ZN16,Pilgrim Hill & Conservatory Water,M-13,M,"100,040,217",DRINKFTN,I,M010-ZN16,B-Central Park-Pilgrim Hill & Conservatory Water,164,6,22,83
M010-DF0594,Activated,E and Dog,2,TRUE,FALSE,"Under Tree, In Shade",TRUE,M010,Central Park,M010-ZN17,Cedar Hill,M-13,M,"100,040,242",DRINKFTN,I,M010-ZN17,E and Dog-Central Park-Cedar Hill,164,6,22,83
M010-DF0595,Activated,E High Low,2,TRUE,FALSE,In Playground,TRUE,M010,Central Park,M010-103,James Michael Levin Plgd,M-13,M,"100,040,267",DRINKFTN,I,M010-103,E High Low-Central Park-James Michael Levin Plgd,164,6,22,83
,Activated,E,,,,,TRUE,,,,,Q-12,Q,,DRINKFTN,,,,,,,
M010-DF0596,Activated,E High Low,2,TRUE,TRUE,In Playground,TRUE,M010,Central Park,M010-103,James Michael Levin Plgd,M-13,M,"100,040,190",DRINKFTN,I,M010-103,E High Low-Central Park-James Michael Levin Plgd,164,6,22,83
M010-DF0598,Activated,E,1,TRUE,FALSE,"Just Outside Playground, Under Tree, In Shade",TRUE,M010,Central Park,M010-ZN28,Ross Pinetum,M-13,M,"100,040,264",DRINKFTN,I,M010-ZN28,E-Central Park-Ross Pinetum,164,6,22,83
M010-DF0599,Activated,E,1,TRUE,FALSE,"In Playground, Under Tree",TRUE,M010,Central Park,M010-151,Great Lawn Plgd,M-13,M,"100,040,286",DRINKFTN,I,M010-151,E-Central Park-Great Lawn Plgd,164,6,22,83
M010-DF0600,Activated,E and Dog,2,TRUE,TRUE,Out in Open,TRUE,M010,Central Park,M010-ZN28,Ross Pinetum,M-13,M,"100,040,268",DRINKFTN,I,M010-ZN28,E and Dog-Central Park-Ross Pinetum,164,6,22,83
M010-DF0601,Activated,E,1,TRUE,FALSE,"Under Tree, In Shade",TRUE,M010,Central Park,M010-ZN27,Great Lawn And Cleopatra's Needle,M-13,M,"100,040,228",DRINKFTN,I,M010-ZN27,E-Central Park-Great Lawn And Cleopatra's Needle,164,6,22,83
M010-DF0602,Activated,E,1,TRUE,FALSE,"Under Tree, In Shade, Near Ballfield",TRUE,M010,Central Park,M010-ZN28,Ross Pinetum,M-13,M,"100,040,331",DRINKFTN,I,M010-ZN28,E-Central Park-Ross Pinetum,164,6,22,83
M010-DF0603,Activated,E,1,TRUE,FALSE,"Under Tree, Out in Open",TRUE,M010,Central Park,M010-ZN24&25,"Belvdre. Cstl., Turtle Pond, Shkspr Grdn",M-13,M,"100,040,360",DRINKFTN,I,M010-ZN24+25,"E-Central Park-Belvdre. Cstl., Turtle Pond, Shkspr Grdn",164,6,22,83
M010-DF0604,Activated,B,1,FALSE,FALSE,"Under Tree, In Shade",TRUE,M010,Central Park,M010-ZN28,Ross Pinetum,M-13,M,"100,040,382",DRINKFTN,I,M010-ZN28,B-Central Park-Ross Pinetum,164,6,22,83
M010-DF0605,Activated,E,1,TRUE,FALSE,"Under Tree, In Shade, Out in Open",TRUE,M010,Central Park,M010-ZN29,79th St Yard And Summit Rock,M-13,M,"100,040,305",DRINKFTN,I,M010-ZN29,E-Central Park-79th St Yard And Summit Rock,164,6,22,83
M010-DF0610,Activated,E,1,TRUE,FALSE,Out in Open,TRUE,M010,Central Park,M010-ZN26,The Metropolitan Museum Of Art,M-13,M,"100,040,344",DRINKFTN,I,M010-ZN26,E-Central Park-The Metropolitan Museum Of Art,164,6,22,83
M010-DF0611,Activated,E and Dog,2,TRUE,FALSE,Out in Open,TRUE,M010,Central Park,M010-ZN26,The Metropolitan Museum Of Art,M-13,M,"100,040,358",DRINKFTN,I,M010-ZN26,E and Dog-Central Park-The Metropolitan Museum Of Art,164,6,22,83
M010-DF0612,Activated,E and Dog,2,TRUE,FALSE,"Under Tree, In Shade",TRUE,M010,Central Park,M010-ZN27,Great Lawn And Cleopatra's Needle,M-13,M,"100,040,379",DRINKFTN,I,M010-ZN27,E and Dog-Central Park-Great Lawn And Cleopatra's Needle,164,6,22,83
M010-DF0618,Activated,D,1,FALSE,FALSE,"Under Tree, In Shade",TRUE,M010,Central Park,M010-ZN02&4,Hallett Nature Sanctuary And Pond,M-13,M,"100,040,306",DRINKFTN,I,M010-ZN02+4,D-Central Park-Hallett Nature Sanctuary And Pond,164,6,22,83
M010-DF0619,Activated,B,1,FALSE,FALSE,"In Playground, Out in Open",TRUE,M010,Central Park,M010-193,Rudin Plgd,M-13,M,"100,040,371",DRINKFTN,I,M010-193,B-Central Park-Rudin Plgd,164,6,22,83
M010-DF0620,Activated,E,1,TRUE,FALSE,"Under Tree, Out in Open",TRUE,M010,Central Park,M010-ZN30,Central Park West,M-13,M,"100,040,373",DRINKFTN,I,M010-ZN30,E-Central Park-Central Park West,164,6,22,83
M010-DF0621,Activated,E and Dog,2,TRUE,FALSE,"Under Tree, Out in Open",TRUE,M010,Central Park,M010-ZN34,Reservoir (Northwest),M-13,M,"100,040,295",DRINKFTN,I,M010-ZN34,E and Dog-Central Park-Reservoir (Northwest),164,6,22,83
M010-DF0622,Activated,E,1,TRUE,FALSE,"Under Tree, Out in Open",TRUE,M010,Central Park,M010-ZN31,Reservoir Running Track & Landscape,M-13,M,"100,040,322",DRINKFTN,I,M010-ZN31,E-Central Park-Reservoir Running Track & Landscape,164,6,22,83
M010-DF0623,Activated,E,1,TRUE,FALSE,"Under Tree, Out in Open",TRUE,M010,Central Park,M010-ZN30,Central Park West,M-13,M,"100,040,289",DRINKFTN,I,M010-ZN30,E-Central Park-Central Park West,164,6,22,83
M010-DF0624,Activated,E and Dog,2,TRUE,FALSE,"Under Tree, Out in Open",TRUE,M010,Central Park,M010-ZN30,Central Park West,M-13,M,"100,040,314",DRINKFTN,I,M010-ZN30,E and Dog-Central Park-Central Park West,164,6,22,83
M010-DF0625,Activated,E,1,TRUE,FALSE,Out in Open,TRUE,M010,Central Park,M010-ZN30,Central Park West,M-13,M,"100,040,291",DRINKFTN,I,M010-ZN30,E-Central Park-Central Park West,164,6,22,83
M010-DF0626,Activated,E and Dog,2,TRUE,FALSE,Out in Open,TRUE,M010,Central Park,M010-ZN30,Central Park West,M-13,M,"100,040,317",DRINKFTN,I,M010-ZN30,E and Dog-Central Park-Central Park West,164,6,22,83
M010-DF0627,Activated,E High Low,2,TRUE,FALSE,In Playground,TRUE,M010,Central Park,M010-188,Wild West Plgd,M-13,M,"100,040,349",DRINKFTN,I,M010-188,E High Low-Central Park-Wild West Plgd,164,6,22,83
M010-DF0628,Activated,Monument,1,FALSE,FALSE,Out in Open,TRUE,M010,Central Park,M010-ZN30,Central Park West,M-13,M,"100,040,369",DRINKFTN,I,M010-ZN30,Monument-Central Park-Central Park West,164,6,22,83
M010-DF0629,Activated,E,1,TRUE,FALSE,Out in Open,TRUE,M010,Central Park,M010-ZN32,Reservoir (Southeast),M-13,M,"100,040,388",DRINKFTN,I,M010-ZN32,E-Central Park-Reservoir (Southeast),164,6,22,83
M010-DF0631,Activated,E,1,TRUE,FALSE,Out in Open,TRUE,M010,Central Park,M010-ZN33,Reservoir (Northeast),M-13,M,"100,040,350",DRINKFTN,I,M010-ZN33,E-Central Park-Reservoir (Northeast),164,6,22,83
M010-DF0632,Activated,E,1,TRUE,FALSE,Out in Open,TRUE,M010,Central Park,M010-ZN33,Reservoir (Northeast),M-13,M,"100,040,343",DRINKFTN,I,M010-ZN33,E-Central Park-Reservoir (Northeast),164,6,22,83
M010-DF0633,Activated,Monument,1,FALSE,FALSE,Out in Open,TRUE,M010,Central Park,M010-ZN33,Reservoir (Northeast),M-13,M,"100,040,313",DRINKFTN,I,M010-ZN33,Monument-Central Park-Reservoir (Northeast),164,6,22,83
M010-DF0670,Activated,E and Dog,2,TRUE,FALSE,"Under Tree, In Shade",TRUE,M010,Central Park,M010-ZN42&43,Frawleys' Run,M-13,M,"100,040,429",DRINKFTN,I,M010-ZN42+43,E and Dog-Central Park-Frawleys' Run,164,6,22,83
M010-DF0634,Activated,E High Low,2,TRUE,FALSE,"In Playground, Out in Open",TRUE,M010,Central Park,M010-176,East 96th St Plgd,M-13,M,"100,040,346",DRINKFTN,I,M010-176,E High Low-Central Park-East 96th St Plgd,164,6,22,83
M010-DF0635,Activated,E,1,TRUE,FALSE,"Under Tree, In Shade",TRUE,M010,Central Park,M010-ZN08,Central Park West,M-13,M,"100,040,465",DRINKFTN,I,M010-ZN08,E-Central Park-Central Park West,164,6,22,83
M010-DF0641,Activated,D,1,FALSE,FALSE,"In Playground, Under Tree",TRUE,M010,Central Park,M010-195,Bendheim Plgd,M-13,M,"100,040,438",DRINKFTN,I,M010-195,D-Central Park-Bendheim Plgd,164,6,22,83
M010-DF0642,Activated,D,1,TRUE,FALSE,"Just Outside Playground, Out in Open",TRUE,M010,Central Park,M010-ZN38,East Meadow,M-13,M,"100,040,499",DRINKFTN,I,M010-ZN38,D-Central Park-East Meadow,164,6,22,83
M010-DF0643,Activated,E and Dog,2,TRUE,FALSE,Out in Open,TRUE,M010,Central Park,M010-ZN38,East Meadow,M-13,M,"100,040,440",DRINKFTN,I,M010-ZN38,E and Dog-Central Park-East Meadow,164,6,22,83
M010-DF0644,Activated,E,1,TRUE,FALSE,"Near Ballfield, Under Tree, In Shade",TRUE,M010,Central Park,M010-ZN37,North Meadow,M-13,M,"100,040,470",DRINKFTN,I,M010-ZN37,E-Central Park-North Meadow,164,6,22,83
M010-DF0645,Activated,E,1,TRUE,FALSE,"Out in Open, Near Ballfield",TRUE,M010,Central Park,M010-ZN37,North Meadow,M-13,M,"100,040,504",DRINKFTN,I,M010-ZN37,E-Central Park-North Meadow,164,6,22,83
M010-DF0646,Activated,E,1,TRUE,FALSE,"Near Ballfield, Out in Open",TRUE,M010,Central Park,M010-ZN37,North Meadow,M-13,M,"100,040,412",DRINKFTN,I,M010-ZN37,E-Central Park-North Meadow,164,6,22,83
M010-DF0647,Activated,E,1,TRUE,FALSE,"Near Ballfield, Out in Open",TRUE,M010,Central Park,M010-ZN37,North Meadow,M-13,M,"100,040,441",DRINKFTN,I,M010-ZN37,E-Central Park-North Meadow,164,6,22,83
M010-DF0648,Activated,E,1,TRUE,FALSE,"Near Ballfield, Under Tree, In Shade",TRUE,M010,Central Park,M010-ZN37,North Meadow,M-13,M,"100,040,471",DRINKFTN,I,M010-ZN37,E-Central Park-North Meadow,164,6,22,83
M010-DF0649,Activated,E,1,TRUE,FALSE,"Under Tree, In Shade, Near Ballfield",TRUE,M010,Central Park,M010-ZN37,North Meadow,M-13,M,"100,040,389",DRINKFTN,I,M010-ZN37,E-Central Park-North Meadow,164,6,22,83
M010-DF0650,Activated,B,1,FALSE,FALSE,"Under Tree, Out in Open",TRUE,M010,Central Park,M010-ZN36,North Meadow Recreation Center,M-13,M,"100,040,413",DRINKFTN,I,M010-ZN36,B-Central Park-North Meadow Recreation Center,164,6,22,83
M010-DF0651,Activated,B,1,FALSE,FALSE,"In Playground, Out in Open",TRUE,M010,Central Park,M010-ZN36,North Meadow Recreation Center,M-13,M,"100,040,466",DRINKFTN,I,M010-ZN36,B-Central Park-North Meadow Recreation Center,164,6,22,83
M010-DF0652,Activated,B,1,FALSE,FALSE,"Near Ballfield, Under Tree, In Shade",TRUE,M010,Central Park,M010-ZN37,North Meadow,M-13,M,"100,040,500",DRINKFTN,I,M010-ZN37,B-Central Park-North Meadow,164,6,22,83
M010-DF0653,Activated,E,1,TRUE,FALSE,"Under Tree, In Shade, Near Ballfield",TRUE,M010,Central Park,M010-ZN37,North Meadow,M-13,M,"100,040,468",DRINKFTN,I,M010-ZN37,E-Central Park-North Meadow,164,6,22,83
M010-DF0654,Activated,E,1,TRUE,FALSE,"Near Ballfield, Under Tree, In Shade",TRUE,M010,Central Park,M010-ZN37,North Meadow,M-13,M,"100,040,502",DRINKFTN,I,M010-ZN37,E-Central Park-North Meadow,164,6,22,83
M010-DF0655,Activated,E,1,TRUE,FALSE,Out in Open,TRUE,M010,Central Park,M010-ZN48,The Pool,M-13,M,"100,040,410",DRINKFTN,I,M010-ZN48,E-Central Park-The Pool,164,6,22,83
M010-DF0656,Activated,E and Dog,2,TRUE,FALSE,"Under Tree, Out in Open",TRUE,M010,Central Park,M010-ZN39,Conservatory Gardens West Landscape,M-13,M,"100,040,409",DRINKFTN,I,M010-ZN39,E and Dog-Central Park-Conservatory Gardens West Landscape,164,6,22,83
M010-DF0660,Activated,E,1,TRUE,FALSE,"In Shade, Under Tree",TRUE,M010,Central Park,M010-ZN30,Central Park West,M-13,M,"100,040,495",DRINKFTN,I,M010-ZN30,E-Central Park-Central Park West,164,6,22,83
M010-DF0661,Activated,B,1,,FALSE,Out in Open,TRUE,M010,Central Park,M010-ZN31,Reservoir Running Track & Landscape,M-13,M,"100,040,434",DRINKFTN,I,M010-ZN31,B-Central Park-Reservoir Running Track & Landscape,164,6,22,83
M010-DF0662,NotYetActivated,B,1,,FALSE,Out in Open,TRUE,M010,Central Park,M010-ZN31,Reservoir Running Track & Landscape,M-13,M,"100,040,460",DRINKFTN,I,M010-ZN31,B-Central Park-Reservoir Running Track & Landscape,164,6,22,83
M010-DF0663,Activated,E High Low,2,TRUE,FALSE,"Under Tree, In Playground",TRUE,M010,Central Park,M010-059,East 72nd St Plgd,M-13,M,"100,040,492",DRINKFTN,I,M010-059,E High Low-Central Park-East 72nd St Plgd,164,6,22,83
M010-DF0664,Activated,B,1,FALSE,FALSE,In Playground,TRUE,M010,Central Park,M010-169,Spector Plgd,M-13,M,"100,040,393",DRINKFTN,I,M010-169,B-Central Park-Spector Plgd,164,6,22,83
M010-DF0665,Activated,E,1,TRUE,FALSE,"Under Tree, Out in Open",TRUE,M010,Central Park,M010-ZN18&19,The Ramble,M-13,M,"100,040,453",DRINKFTN,I,M010-ZN18+19,E-Central Park-The Ramble,164,6,22,83
M010-DF0666,Activated,B,1,FALSE,FALSE,"Under Tree, In Shade, Just Outside Playground",TRUE,M010,Central Park,M010-ZN42&43,Frawleys' Run,M-13,M,"100,040,458",DRINKFTN,I,M010-ZN42+43,B-Central Park-Frawleys' Run,164,6,22,83
M010-DF0667,NotYetActivated,Pedestal Wall,2,FALSE,FALSE,In Playground,TRUE,M010,Central Park,M010-247,110th St & Lenox Ave Plgd,M-13,M,"100,040,456",DRINKFTN,I,M010-247,Pedestal Wall-Central Park-110th St & Lenox Ave Plgd,164,6,22,83
M010-DF0668,Activated,Pedestal Wall,2,FALSE,FALSE,In Playground,TRUE,M010,Central Park,M010-247,110th St & Lenox Ave Plgd,M-13,M,"100,040,424",DRINKFTN,I,M010-247,Pedestal Wall-Central Park-110th St & Lenox Ave Plgd,164,6,22,83
M010-DF0669,NotYetActivated,E,1,TRUE,FALSE,"Under Tree, In Shade",TRUE,M010,Central Park,M010-ZN42&43,Frawleys' Run,M-13,M,"100,040,430",DRINKFTN,I,M010-ZN42+43,E-Central Park-Frawleys' Run,164,6,22,83
M010-DF0671,Activated,E High Low,2,TRUE,FALSE,In Playground,TRUE,M010,Central Park,M010-207,Bernard Plgd,M-13,M,"100,040,445",DRINKFTN,I,M010-207,E High Low-Central Park-Bernard Plgd,164,6,22,83
M010-DF0672,Activated,B,1,FALSE,FALSE,Out in Open,TRUE,M010,Central Park,M010-ZN42&43,Frawleys' Run,M-13,M,"100,040,432",DRINKFTN,I,M010-ZN42+43,B-Central Park-Frawleys' Run,164,6,22,83
M010-DF0673,Activated,E,1,TRUE,FALSE,Out in Open,TRUE,M010,Central Park,M010-ZN39,Conservatory Gardens West Landscape,M-13,M,"100,040,491",DRINKFTN,I,M010-ZN39,E-Central Park-Conservatory Gardens West Landscape,164,6,22,83
M010-DF0674,Activated,E,1,TRUE,FALSE,"Under Tree, In Shade",TRUE,M010,Central Park,M010-ZN39,Conservatory Gardens West Landscape,M-13,M,"100,040,462",DRINKFTN,I,M010-ZN39,E-Central Park-Conservatory Gardens West Landscape,164,6,22,83
M010-DF0675,NotYetActivated,A,1,TRUE,TRUE,Out in Open,TRUE,M010,Central Park,M010,,M-13,M,"100,040,443",DRINKFTN,I,M010,A-Central Park,164,6,22,83
M010-DF0676,NotYetActivated,A,1,TRUE,FALSE,Out in Open,TRUE,M010,Central Park,M010,,M-13,M,"100,040,474",DRINKFTN,I,M010,A-Central Park,164,6,22,83
M010-DF0677,NotYetActivated,A,1,TRUE,FALSE,Out in Open,TRUE,M010,Central Park,M010,,M-13,M,"100,040,392",DRINKFTN,I,M010,A-Central Park,164,6,22,83
M010-DF0678,Activated,E High Low,2,TRUE,FALSE,In Playground,TRUE,M010,Central Park,M010-202,West 100th St Plgd,M-13,M,"100,040,399",DRINKFTN,I,M010-202,E High Low-Central Park-West 100th St Plgd,164,6,22,83
M010-DF0679,Activated,CS Concrete,1,FALSE,FALSE,Out in Open,TRUE,M010,Central Park,M010-ZN46,The Great Hill,M-13,M,"100,040,408",DRINKFTN,I,M010-ZN46,CS Concrete-Central Park-The Great Hill,164,6,22,83
M010-DF0680,Activated,E and Dog,2,TRUE,FALSE,"Out in Open, Under Tree",TRUE,M010,Central Park,M010-ZN46,The Great Hill,M-13,M,"100,040,428",DRINKFTN,I,M010-ZN46,E and Dog-Central Park-The Great Hill,164,6,22,83
M010-DF0884,Activated,E and Dog,2,,FALSE,,TRUE,M010,Central Park,M010-ZN38,East Meadow,M-13,M,"100,043,109",DRINKFTN,I,M010-ZN38,E and Dog-Central Park-East Meadow,164,6,22,83
M010-DF0885,Activated,E and Dog,2,,FALSE,,TRUE,M010,Central Park,M010-ZN12&13,The Mall And Rumsey Playfield,M-13,M,"100,043,127",DRINKFTN,I,M010-ZN12+13,E and Dog-Central Park-The Mall And Rumsey Playfield,164,6,22,83
M010-DF0886,Activated,E and Dog,2,,FALSE,,TRUE,M010,Central Park,M010-ZN12&13,The Mall And Rumsey Playfield,M-13,M,"100,043,115",DRINKFTN,I,M010-ZN12+13,E and Dog-Central Park-The Mall And Rumsey Playfield,164,6,22,83
M010-DF0888,Activated,E,1,,FALSE,,TRUE,M010,Central Park,M010-ZN12&13,The Mall And Rumsey Playfield,M-13,M,"100,043,094",DRINKFTN,I,M010-ZN12+13,E-Central Park-The Mall And Rumsey Playfield,164,6,22,83
M010-DF0889,Activated,Other,1,,FALSE,,TRUE,M010,Central Park,M010-ZN12&13,The Mall And Rumsey Playfield,M-13,M,"100,043,120",DRINKFTN,I,M010-ZN12+13,Other-Central Park-The Mall And Rumsey Playfield,164,6,22,83
M010-DF0891,Activated,E and Dog,2,,FALSE,,TRUE,M010,Central Park,M010-ZN05,"Dairy, Chess & Checkers House, Carousel",M-13,M,"100,043,100",DRINKFTN,I,M010-ZN05,"E and Dog-Central Park-Dairy, Chess & Checkers House, Carousel",164,6,22,83
M010-DF0901,Activated,CS Metal,1,,FALSE,,TRUE,M010,Central Park,M010-145,Ancient Plgd,M-13,M,"100,043,130",DRINKFTN,I,M010-145,CS Metal-Central Park-Ancient Plgd,164,6,22,83
M010-DF0902,Activated,B,1,,FALSE,,TRUE,M010,Central Park,M010-ZN12&13,The Mall And Rumsey Playfield,M-13,M,"100,043,112",DRINKFTN,I,M010-ZN12+13,B-Central Park-The Mall And Rumsey Playfield,164,6,22,83
M010-DF0903,Activated,E and Dog,2,,FALSE,,TRUE,M010,Central Park,M010-ZN20,Bethesda Terrace,M-13,M,"100,043,090",DRINKFTN,I,M010-ZN20,E and Dog-Central Park-Bethesda Terrace,164,6,22,83
M010-DF0904,Activated,Other,1,,FALSE,,TRUE,M010,Central Park,M010-ZN27,Great Lawn And Cleopatra's Needle,M-13,M,"100,043,122",DRINKFTN,I,M010-ZN27,Other-Central Park-Great Lawn And Cleopatra's Needle,164,6,22,83
M010-DF0927,Activated,B,1,,FALSE,Under Tree,TRUE,M010,Central Park,M010-ZN17,Cedar Hill,M-13,M,"100,043,102",DRINKFTN,I,M010-ZN17,B-Central Park-Cedar Hill,164,6,22,83
M010-DF0936,Activated,Bottle Filler Fountain,2,,FALSE,Indoor,FALSE,M010,Central Park,M010-ZN29,79th St Yard And Summit Rock,M-13,M,"100,043,642",DRINKFTN,I,M010-ZN29-BLG0728,Bottle Filler Fountain-Central Park-79TH ST. YARD,164,6,22,83
M010-DF0937,Activated,Water Cooler,1,,FALSE,Indoor,FALSE,M010,Central Park,M010-ZN29,79th St Yard And Summit Rock,M-13,M,"100,043,639",DRINKFTN,I,M010-ZN29-BLG0728,Water Cooler-Central Park-79TH ST. YARD,164,6,22,83
M010-DF0938,Activated,Indoor Drinking Fountain,1,,FALSE,Indoor,FALSE,M010,Central Park,M010-ZN36,North Meadow Recreation Center,M-13,M,"100,043,086",DRINKFTN,I,M010-ZN36-BLG0730,Indoor Drinking Fountain-Central Park-North Meadow Recreation Center,164,6,22,83
M010-DF0939,Activated,Indoor Drinking Fountain,1,,FALSE,Indoor,FALSE,M010,Central Park,M010-ZN36,North Meadow Recreation Center,M-13,M,"100,043,132",DRINKFTN,I,M010-ZN36-BLG0730,Indoor Drinking Fountain-Central Park-North Meadow Recreation Center,164,6,22,83
M010-DF0940,Activated,Indoor Drinking Fountain,1,,FALSE,Indoor,FALSE,M010,Central Park,M010-ZN36,North Meadow Recreation Center,M-13,M,"100,043,114",DRINKFTN,I,M010-ZN36-BLG0730,Indoor Drinking Fountain-Central Park-North Meadow Recreation Center,164,6,22,83
M010-DF0941,Activated,Indoor Drinking Fountain,1,,FALSE,Indoor,FALSE,M010,Central Park,M010-ZN36,North Meadow Recreation Center,M-13,M,"100,043,093",DRINKFTN,I,M010-ZN36-BLG0730,Indoor Drinking Fountain-Central Park-North Meadow Recreation Center,164,6,22,83
,Activated,Bottle Filler High Low,,,,,TRUE,,,,,Q-11,Q,,DRINKFTN,,,,,,,
M010-DF0942,Activated,Water Cooler,1,,FALSE,Indoor,FALSE,M010,Central Park,M010-ZN36,North Meadow Recreation Center,M-13,M,"100,043,126",DRINKFTN,I,M010-ZN36-BLG0730,Water Cooler-Central Park-North Meadow Recreation Center,164,6,22,83
M010-DF0943,Activated,Indoor Drinking Fountain,1,,FALSE,Indoor,FALSE,M010,Central Park,M010-ZN39,Conservatory Gardens West Landscape,M-13,M,"100,043,106",DRINKFTN,I,M010-ZN40-BLG0736,Indoor Drinking Fountain-Central Park-CONSERVATORY GARDEN,164,6,22,83
M010-DF0944,Activated,Indoor Drinking Fountain,1,,FALSE,Indoor,FALSE,M010,Central Park,M010-ZN39,Conservatory Gardens West Landscape,M-13,M,"100,043,133",DRINKFTN,I,M010-ZN40-BLG0737,Indoor Drinking Fountain-Central Park-CONSERVATORY GARDEN,164,6,22,83
M010-DF1037,Activated,Water Cooler,1,,FALSE,Indoor,FALSE,M010,Central Park,M010-031,Heckscher Plgd,M-13,M,"100,043,116",DRINKFTN,I,M010-031-BLG0688,Water Cooler-Central Park-HECKSCHER Comfort,164,6,22,83
M010-DF1038,Activated,Bottle Filler Fountain,2,,FALSE,Indoor,FALSE,M010,Central Park,M010-031,Heckscher Plgd,M-13,M,"100,043,096",DRINKFTN,I,M010-031-BLG0688,Bottle Filler Fountain-Central Park-HECKSCHER Comfort,164,6,22,83
M010-DF1039,Activated,Water Cooler,1,,FALSE,Indoor,FALSE,M010,Central Park,M010-ZN05,"Dairy, Chess & Checkers House, Carousel",M-13,M,"100,043,123",DRINKFTN,I,M010-BLG0687,Water Cooler-Central Park-DAIRY,164,6,22,83
M010-DF1040,Activated,Water Cooler,1,,FALSE,Indoor,FALSE,M010,Central Park,M010-ZN42&43,Frawleys' Run,M-13,M,"100,043,103",DRINKFTN,I,M010-BLG0743,Water Cooler-Central Park-Dana Discovery Center,164,6,22,83
M010-DF1041,Activated,Food Prep Sink,1,,FALSE,Indoor,FALSE,M010,Central Park,M010-ZN42&43,Frawleys' Run,M-13,M,"100,043,087",DRINKFTN,I,M010-BLG0743,Food Prep Sink-Central Park-Dana Discovery Center,164,6,22,83
M010-DF1042,Activated,Water Cooler,1,,FALSE,Indoor,FALSE,M010,Central Park,M010-ZN42&43,Frawleys' Run,M-13,M,"100,043,088",DRINKFTN,I,M010-BLG0743,Water Cooler-Central Park-Dana Discovery Center,164,6,22,83
M010-DF1043,Activated,Bottle Filler Fountain,2,,FALSE,Indoor,FALSE,M010,Central Park,M010-ZN01,Wien Walk And Arsenal,M-13,M,"100,043,085",DRINKFTN,I,M010-ZN01-BLG0707,Bottle Filler Fountain-Central Park-ARSENAL,164,6,22,83
M010-DF1045,Activated,Water Cooler,1,,FALSE,Indoor,FALSE,M010,Central Park,M010-ZN01,Wien Walk And Arsenal,M-13,M,"100,043,099",DRINKFTN,I,M010-ZN01-BLG0707,Water Cooler-Central Park-ARSENAL,164,6,22,83
M010-DF1046,Activated,Indoor Drinking Fountain,1,,FALSE,Indoor,FALSE,M010,Central Park,M010-ZN01,Wien Walk And Arsenal,M-13,M,"100,043,129",DRINKFTN,I,M010-ZN01-BLG0707,Indoor Drinking Fountain-Central Park-ARSENAL,164,6,22,83
M010-DF1047,Activated,Food Prep Sink,1,,FALSE,Indoor,FALSE,M010,Central Park,M010-ZN01,Wien Walk And Arsenal,M-13,M,"100,043,111",DRINKFTN,I,M010-ZN01-BLG0707,Food Prep Sink-Central Park-ARSENAL,164,6,22,83
M010-DF1048,Activated,Indoor Drinking Fountain,1,,FALSE,Indoor,FALSE,M010,Central Park,M010-ZN01,Wien Walk And Arsenal,M-13,M,"100,043,089",DRINKFTN,I,M010-ZN01-BLG0707,Indoor Drinking Fountain-Central Park-ARSENAL,164,6,22,83
M010-DF1049,Activated,Water Cooler,1,,FALSE,Indoor,FALSE,M010,Central Park,M010-ZN01,Wien Walk And Arsenal,M-13,M,"100,043,117",DRINKFTN,I,M010-ZN01-BLG0707,Water Cooler-Central Park-ARSENAL,164,6,22,83
M010-DF1050,Activated,Food Prep Sink,1,,FALSE,Indoor,FALSE,M010,Central Park,M010-ZN01,Wien Walk And Arsenal,M-13,M,"100,043,097",DRINKFTN,I,M010-ZN01-BLG0707,Food Prep Sink-Central Park-ARSENAL,164,6,22,83
M010-DF1051,Activated,Food Prep Sink,1,,FALSE,Indoor,FALSE,M010,Central Park,M010-ZN01,Wien Walk And Arsenal,M-13,M,"100,043,125",DRINKFTN,I,M010-ZN01-BLG0707,Food Prep Sink-Central Park-ARSENAL,164,6,22,83
M010-DF1052,Activated,Food Prep Sink,1,,FALSE,Indoor,FALSE,M010,Central Park,M010-ZN01,Wien Walk And Arsenal,M-13,M,"100,043,104",DRINKFTN,I,M010-ZN01-BLG0707,Food Prep Sink-Central Park-ARSENAL,164,6,22,83
M010-DF1054,Activated,Water Cooler,1,,FALSE,Indoor,FALSE,M010,Central Park,M010-ZN05,"Dairy, Chess & Checkers House, Carousel",M-13,M,"100,043,633",DRINKFTN,I,M010-ZN05-BLG0739,Water Cooler-Central Park-CHESS HOUSE,164,6,22,83
M010-DF1055,Activated,Water Cooler,1,,FALSE,Indoor,FALSE,M010,Central Park,M010-ZN10&11,Sheep Meadow,M-13,M,"100,043,118",DRINKFTN,I,M010-ZN10+11-BLG0715,Water Cooler-Central Park-MINERAL SPRINGS,164,6,22,83
M010-DF1056,Activated,Water Cooler,1,,FALSE,Indoor,FALSE,M010,Central Park,M010-ZN27,Great Lawn And Cleopatra's Needle,M-13,M,"100,043,134",DRINKFTN,I,M010-ZN27-BLG0682,Water Cooler-Central Park-86TH Street Shops,164,6,22,83
M010-DF1057,Activated,Bottle Filler Fountain,2,,FALSE,Indoor,FALSE,M010,Central Park,M010-ZN27,Great Lawn And Cleopatra's Needle,M-13,M,"100,043,092",DRINKFTN,I,M010-ZN27-BLG0682,Bottle Filler Fountain-Central Park-86TH Street Shops,164,6,22,83
M010-DF1058,Activated,Indoor Drinking Fountain,1,,FALSE,Indoor,FALSE,M010,Central Park,M010-ZN27,Great Lawn And Cleopatra's Needle,M-13,M,"100,043,124",DRINKFTN,I,M010-ZN27-BLG0682,Indoor Drinking Fountain-Central Park-86TH Street Shops,164,6,22,83
M010-DF1059,Activated,Indoor Drinking Fountain,1,,FALSE,Indoor,FALSE,M010,Central Park,M010-ZN27,Great Lawn And Cleopatra's Needle,M-13,M,"100,043,113",DRINKFTN,I,M010-ZN27-BLG0682,Indoor Drinking Fountain-Central Park-86TH Street Shops,164,6,22,83
M010-DF1060,Activated,Slop Sink,1,,FALSE,Indoor,FALSE,M010,Central Park,M010-ZN27,Great Lawn And Cleopatra's Needle,M-13,M,"100,043,091",DRINKFTN,I,M010-ZN27-BLG0682,Slop Sink-Central Park-86th Street Shops,164,6,22,83
M010-DF1061,Activated,Slop Sink,1,,FALSE,Indoor,FALSE,M010,Central Park,M010-ZN27,Great Lawn And Cleopatra's Needle,M-13,M,"100,043,098",DRINKFTN,I,M010-ZN27-BLG0682,Slop Sink-Central Park-86th Street Shops,164,6,22,83
M010-DF1062,Activated,Indoor Drinking Fountain,1,,FALSE,Indoor,FALSE,M010,Central Park,M010-ZN27,Great Lawn And Cleopatra's Needle,M-13,M,"100,043,121",DRINKFTN,I,M010-ZN27-BLG0682,Indoor Drinking Fountain-Central Park-86TH Street Shops,164,6,22,83
M010-DF1063,Activated,Food Prep Sink,1,,FALSE,Indoor,FALSE,M010,Central Park,M010-ZN27,Great Lawn And Cleopatra's Needle,M-13,M,"100,043,131",DRINKFTN,I,M010-ZN27-BLG0682,Food Prep Sink-Central Park-86TH Street Shops,164,6,22,83
M010-DF1064,Activated,Water Cooler,1,,FALSE,Indoor,FALSE,M010,Central Park,M010-ZN27,Great Lawn And Cleopatra's Needle,M-13,M,"100,043,095",DRINKFTN,I,M010-ZN27-BLG0682,Water Cooler-Central Park-86TH Street Shops,164,6,22,83
M010-DF1065,Activated,Water Cooler,1,,FALSE,Indoor,FALSE,M010,Central Park,M010-ZN27,Great Lawn And Cleopatra's Needle,M-13,M,"100,043,101",DRINKFTN,I,M010-ZN27-BLG0682,Water Cooler-Central Park-86TH Street Shops,164,6,22,83
M010-DF1066,Activated,Water Cooler,1,,FALSE,Indoor,FALSE,M010,Central Park,M010-ZN27,Great Lawn And Cleopatra's Needle,M-13,M,"100,043,119",DRINKFTN,I,M010-ZN27-BLG0682,Water Cooler-Central Park-86TH Street Shops,164,6,22,83
M010-DF1067,Activated,Indoor Drinking Fountain,1,,FALSE,Indoor,FALSE,M010,Central Park,M010-ZN34,Reservoir (Northwest),M-13,M,"100,043,172",DRINKFTN,I,M010-ZN34-BLG0697,Indoor Drinking Fountain-Central Park-C.P. TENNIS,164,6,22,83
M010-DF1104,Activated,Water Cooler,1,,FALSE,Indoor,FALSE,M010,Central Park,M010-ZN29,79th St Yard And Summit Rock,M-13,M,"100,043,635",DRINKFTN,I,M010-ZN29-BLG0728,Water Cooler-Central Park-79TH ST. YARD,164,6,22,83
M010-DF1105,Activated,Food Prep Sink,1,,FALSE,Indoor,FALSE,M010,Central Park,M010-ZN10&11,Sheep Meadow,M-13,M,"100,043,150",DRINKFTN,I,M010-ZN10+11-BLG0715,Food Prep Sink-Central Park-MINERAL SPRINGS,164,6,22,83
M010-DF1106,Activated,Indoor Drinking Fountain,1,,FALSE,Indoor,FALSE,M010,Central Park,M010-ZN34,Reservoir (Northwest),M-13,M,"100,043,149",DRINKFTN,I,M010-ZN34-BLG0697,Indoor Drinking Fountain-Central Park-C.P. TENNIS,164,6,22,83
M010-DF1109,Activated,Water Cooler,1,,FALSE,Indoor,FALSE,M010,Central Park,M010-ZN18&19,The Ramble,M-13,M,"100,043,138",DRINKFTN,I,M010-ZN18+19-BLG0720,Water Cooler-Central Park-RAMBLE SHED,164,6,22,83
M011-DF0207,Activated,C,1,FALSE,FALSE,"Under Tree, Near Ballfield, Just Outside Playground",TRUE,M011,Chelsea Park,M011,,M-04,M,"100,039,678",DRINKFTN,I,M011,C-Chelsea Park,104,3,10,10001
M011-DF0208,Activated,C,1,FALSE,FALSE,Near Ballfield,TRUE,M011,Chelsea Park,M011,,M-04,M,"100,039,604",DRINKFTN,I,M011,C-Chelsea Park,104,3,10,10001
M011-DF0209,Activated,D,1,TRUE,FALSE,"Under Tree, Near Ballfield, Just Outside Playground",TRUE,M011,Chelsea Park,M011,,M-04,M,"100,039,632",DRINKFTN,I,M011,D-Chelsea Park,104,3,10,10001
M011-DF0945,Activated,Indoor Drinking Fountain,1,,FALSE,Indoor,FALSE,M011,Chelsea Park,M011,,M-04,M,"100,043,159",DRINKFTN,I,M011-BLG0652,Indoor Drinking Fountain-Chelsea Park-Chelsea Park,104,3,10,10001
M011-DF1072,Activated,Bathroom Sink,1,,FALSE,Indoor,FALSE,M011,Chelsea Park,M011,,M-04,M,"100,042,472",DRINKFTN,I,M011-BLG0652,Bathroom Sink-Chelsea Park-Admin Building,104,3,10,10001
M011-DF868,Activated,A,1,,FALSE,,TRUE,M011,Chelsea Park,M011,,M-04,M,"100,043,169",DRINKFTN,I,M011,A-Chelsea Park,104,3,10,10001
M013-DF0343,Activated,E,1,TRUE,FALSE,Under Tree,TRUE,M013,City Hall Park,M013,,M-01,M,"100,039,976",DRINKFTN,I,M013,E-City Hall Park,101,1,1,10007
M013-DF0344,Activated,E,1,TRUE,FALSE,Under Tree,TRUE,M013,City Hall Park,M013,,M-01,M,"100,039,891",DRINKFTN,I,M013,E-City Hall Park,101,1,1,10007
M014-DF0474,Activated,A,1,TRUE,FALSE,"Near Ballfield, In Playground",TRUE,M014,Jackie Robinson Park,M014-02,Plgd One Fifty Two CLII,M-10,M,"100,040,015",DRINKFTN,I,M014-02,A-Jackie Robinson Park-Plgd One Fifty Two CLII,110,9,30,10039
M014-DF0475,Activated,A,1,TRUE,FALSE,"In Playground, Under Tree",TRUE,M014,Jackie Robinson Park,M014-02,Plgd One Fifty Two CLII,M-10,M,"100,040,035",DRINKFTN,I,M014-02,A-Jackie Robinson Park-Plgd One Fifty Two CLII,110,9,30,10039
M014-DF0476,Activated,C,1,FALSE,FALSE,"Under Tree, In Playground",TRUE,M014,Jackie Robinson Park,M014,,M-10,M,"100,040,058",DRINKFTN,I,M014,C-Jackie Robinson Park,110,9,30,10039
M014-DF0477,Activated,B,1,FALSE,FALSE,"In Playground, Under Tree",TRUE,M014,Jackie Robinson Park,M014-03,"Playground One Forty Nine, CIL",M-10,M,"100,040,087",DRINKFTN,I,M014-03,"B-Jackie Robinson Park-Playground One Forty Nine, CIL",110,9,30,10039
M014-DF0478,Activated,A,1,TRUE,FALSE,"In Shade, In Playground",TRUE,M014,Jackie Robinson Park,M014,,M-10,M,"100,040,016",DRINKFTN,I,M014,A-Jackie Robinson Park,110,9,30,10039
M014-DF0479,Activated,A,1,TRUE,TRUE,"In Shade, Just Outside Playground",TRUE,M014,Jackie Robinson Park,M014,,M-10,M,"100,040,036",DRINKFTN,I,M014,A-Jackie Robinson Park,110,9,30,10039
M014-DF0905,NotYetActivated,Monument,1,,FALSE,attached to display fountain,TRUE,M014,Jackie Robinson Park,M014,,M-10,M,"100,043,135",DRINKFTN,I,M014,Monument-Jackie Robinson Park,109,9,30,10039
M014-DF0913,Activated,A,1,,TRUE,,TRUE,M014,Jackie Robinson Park,M014,,M-10,M,"100,042,344",DRINKFTN,I,M014,A-Jackie Robinson Park,110,9,30,10039
M014-DF0946,Activated,Indoor Drinking Fountain,1,,FALSE,Indoor,FALSE,M014,Jackie Robinson Park,M014,,M-10,M,"100,043,156",DRINKFTN,I,M014-BLG0677,Indoor Drinking Fountain-Jackie Robinson Park-Recreation Center,110,9,30,10039
M014-DF0947,Activated,Indoor Drinking Fountain,1,,FALSE,Indoor,FALSE,M014,Jackie Robinson Park,M014,,M-10,M,"100,043,170",DRINKFTN,I,M014-BLG0677,Indoor Drinking Fountain-Jackie Robinson Park-Recreation Center,110,9,30,10039
M014-DF0948,Activated,Indoor Drinking Fountain,1,,FALSE,Indoor,FALSE,M014,Jackie Robinson Park,M014,,M-10,M,"100,043,177",DRINKFTN,I,M014-BLG0677,Indoor Drinking Fountain-Jackie Robinson Park-Recreation Center,110,9,30,10039
M014-DF0949,Activated,Indoor Drinking Fountain,1,,FALSE,Indoor,FALSE,M014,Jackie Robinson Park,M014,,M-10,M,"100,043,157",DRINKFTN,I,M014-BLG0677,Indoor Drinking Fountain-Jackie Robinson Park-Recreation Center,110,9,30,10039
M014-DF0950,Activated,Slop Sink,1,,FALSE,Indoor,FALSE,M014,Jackie Robinson Park,M014,,M-10,M,"100,043,171",DRINKFTN,I,M014-BLG0677,Slop Sink-Jackie Robinson Park-Recreation Center,110,9,30,10039
M015-DF0438,Activated,A,1,TRUE,FALSE,"Under Tree, Near Ballfield, Just Outside Playground",TRUE,M015,Columbus Park,M015,,M-01,M,"100,039,995",DRINKFTN,I,M015,A-Columbus Park,103,1,5,10013
M015-DF0439,Activated,A,1,TRUE,FALSE,"Under Tree, Near Ballfield, Just Outside Playground",TRUE,M015,Columbus Park,M015,,M-01,M,"100,040,023",DRINKFTN,I,M015,A-Columbus Park,103,1,5,10013
M015-DF0440,Activated,D,1,TRUE,FALSE,"Under Tree, Near Ballfield, Just Outside Playground",TRUE,M015,Columbus Park,M015,,M-01,M,"100,040,044",DRINKFTN,I,M015,D-Columbus Park,103,1,5,10013
M015-DF0441,Activated,C,1,FALSE,FALSE,Near Ballfield,TRUE,M015,Columbus Park,M015,,M-01,M,"100,040,066",DRINKFTN,I,M015,C-Columbus Park,103,1,5,10013
M015-DF0442,Activated,C,1,FALSE,FALSE,"Near Ballfield, Under Tree",TRUE,M015,Columbus Park,M015,,M-01,M,"100,039,996",DRINKFTN,I,M015,C-Columbus Park,103,1,5,10013
M015-DF0443,Activated,E High Low,2,TRUE,FALSE,"Under Tree, Near Ballfield",TRUE,M015,Columbus Park,M015,,M-01,M,"100,040,024",DRINKFTN,I,M015,E High Low-Columbus Park,103,1,5,10013
M015-DF0444,Activated,E High Low,2,TRUE,FALSE,"Under Tree, Near Ballfield",TRUE,M015,Columbus Park,M015,,M-01,M,"100,040,004",DRINKFTN,I,M015,E High Low-Columbus Park,103,1,5,10013
M016-DF0302,Broken,Trough,1,FALSE,FALSE,Out in Open,TRUE,M016,Cooper Triangle,M016,,M-03,M,"100,039,793",DRINKFTN,I,M016,Trough-Cooper Triangle,103,2,9,10003
M017-DF0345,UnderConstruction,C,1,FALSE,FALSE,"Under Tree, Near Ballfield, Just Outside Playground",TRUE,M017,Corlears Hook Park,M017,,M-03,M,"100,039,981",DRINKFTN,I,M017,C-Corlears Hook Park,103,2,7,10002
M017-DF0346,UnderConstruction,C,1,FALSE,FALSE,"Under Tree, Near Ballfield, Just Outside Playground",TRUE,M017,Corlears Hook Park,M017,,M-03,M,"100,039,892",DRINKFTN,I,M017,C-Corlears Hook Park,103,2,7,10002
M018-DF0497,Activated,CS Metal,1,FALSE,FALSE,"In Playground, Near Ballfield",TRUE,M018,Carmansville Playground,M018,,M-09,M,"100,040,053",DRINKFTN,I,M018,CS Metal-Carmansville Playground,109,7,30,10031
M019-DF0430,Activated,A,1,TRUE,FALSE,"Under Tree, In Playground",TRUE,M019,Coleman Playground,M019,,M-03,M,"100,040,025",DRINKFTN,I,M019,A-Coleman Playground,103,1,5,10002
M019-DF0431,Activated,A,1,TRUE,FALSE,"Under Tree, In Shade, Near Ballfield, Just Outside Playground",TRUE,M019,Coleman Playground,M019,,M-03,M,"100,040,046",DRINKFTN,I,M019,A-Coleman Playground,103,1,5,10002
M019-DF0432,Broken,A,1,TRUE,FALSE,Near Ballfield,TRUE,M019,Coleman Playground,M019,,M-03,M,"100,040,068",DRINKFTN,I,M019,A-Coleman Playground,103,1,5,10002
M022-DF0236,Activated,D,1,FALSE,FALSE,Near Ballfield,TRUE,M022,De Witt Clinton Park,M022,,M-04,M,"100,039,726",DRINKFTN,I,M022,D-De Witt Clinton Park,104,3,18,10019
M022-DF0238,Activated,A,1,TRUE,FALSE,Near Ballfield,TRUE,M022,De Witt Clinton Park,M022,,M-04,M,"100,039,709",DRINKFTN,I,M022,A-De Witt Clinton Park,104,3,18,10019
M022-DF0239,Activated,D,1,FALSE,FALSE,Near Ballfield,TRUE,M022,De Witt Clinton Park,M022,,M-04,M,"100,039,691",DRINKFTN,I,M022,D-De Witt Clinton Park,104,3,18,10019
M022-DF0240,Activated,D,1,FALSE,FALSE,"Near Ballfield, Just Outside Playground",TRUE,M022,De Witt Clinton Park,M022,,M-04,M,"100,039,738",DRINKFTN,I,M022,D-De Witt Clinton Park,104,3,18,10019
M022-DF0241,Activated,E,1,TRUE,FALSE,"Under Tree, Near Ballfield, Just Outside Playground",TRUE,M022,De Witt Clinton Park,M022,,M-04,M,"100,039,716",DRINKFTN,I,M022,E-De Witt Clinton Park,104,3,18,10019
M022-DF0242,Activated,D,1,FALSE,FALSE,"Near Ballfield, Just Outside Playground",TRUE,M022,De Witt Clinton Park,M022,,M-04,M,"100,039,698",DRINKFTN,I,M022,D-De Witt Clinton Park,104,3,18,10019
M022-DF0243,Activated,D,1,FALSE,TRUE,"Under Tree, Near Ballfield",TRUE,M022,De Witt Clinton Park,M022,,M-04,M,"100,039,727",DRINKFTN,I,M022,D-De Witt Clinton Park,104,3,18,10019
M022-DF0244,Activated,D,1,FALSE,FALSE,Near Ballfield,TRUE,M022,De Witt Clinton Park,M022,,M-04,M,"100,039,697",DRINKFTN,I,M022,D-De Witt Clinton Park,104,3,18,10019
M022-DF0951,Activated,Indoor Drinking Fountain,1,,FALSE,Indoor,FALSE,M022,De Witt Clinton Park,M022,,M-04,M,"100,043,166",DRINKFTN,I,M022-BLG0649,Indoor Drinking Fountain-De Witt Clinton Park-Comfort Station,104,3,18,10019
M027-DF0613,Activated,D,1,TRUE,FALSE,"Under Tree, In Shade, In Playground",TRUE,M027,Downing Street Playground,M027,,M-02,M,"100,040,339",DRINKFTN,I,M027,D-Downing Street Playground,102,3,6,10014
M028-DF0044,Activated,C,1,FALSE,FALSE,"Out in Open, Near Ballfield",TRUE,M028,Fort Washington Park,M028-ZN01A,Fort Washington Park Zone 1A,M-12,M,"100,039,277",DRINKFTN,I,M028-ZN01A,C-Fort Washington Park-Fort Washington Park Zone 1A,112,10,33,10032
M028-DF0045,Activated,C,1,FALSE,FALSE,"Out in Open, Near Ballfield",TRUE,M028,Fort Washington Park,M028-ZN01A,Fort Washington Park Zone 1A,M-12,M,"100,039,228",DRINKFTN,I,M028-ZN01A,C-Fort Washington Park-Fort Washington Park Zone 1A,112,10,33,10032
,Activated,A,,,,,TRUE,,,,,Q-11,Q,,DRINKFTN,,,,,,,
M028-DF0048,Activated,A,1,TRUE,FALSE,In Playground,TRUE,M028,Fort Washington Park,M028-ZN02A,Fort Washington Park Zone 2A,M-12,M,"100,039,223",DRINKFTN,I,M028-ZN02A,A-Fort Washington Park-Fort Washington Park Zone 2A,112,10,33,10032
M028-DF0050,Activated,A,1,TRUE,FALSE,"Out in Open, In Playground",TRUE,M028,Fort Washington Park,M028-ZN02A,Fort Washington Park Zone 2A,M-12,M,"100,039,269",DRINKFTN,I,M028-ZN02A,A-Fort Washington Park-Fort Washington Park Zone 2A,112,10,33,10032
M028-DF0051,Activated,Double A,2,FALSE,FALSE,Out in Open,TRUE,M028,Fort Washington Park,M028-ZN02A,Fort Washington Park Zone 2A,M-12,M,"100,039,292",DRINKFTN,I,M028-ZN02A,Double A-Fort Washington Park-Fort Washington Park Zone 2A,112,10,33,10032
M028-DF0055,Activated,C,1,FALSE,FALSE,"In Playground, Out in Open",TRUE,M028,Fort Washington Park,M028-ZN01A,Fort Washington Park Zone 1A,M-12,M,"100,039,266",DRINKFTN,I,M028-ZN01A,C-Fort Washington Park-Fort Washington Park Zone 1A,112,7,33,10032
M028-DF0056,Activated,E High Low,2,TRUE,FALSE,"In Playground, Under Tree",TRUE,M028,Fort Washington Park,M028-03,Discovery Playground,M-12,M,"100,039,290",DRINKFTN,I,M028-03,E High Low-Fort Washington Park-Discovery Playground,112,7,33,10032
M028-DF0057,Activated,E High Low,2,TRUE,FALSE,"In Playground, In Shade",TRUE,M028,Fort Washington Park,M028-03,Discovery Playground,M-12,M,"100,039,272",DRINKFTN,I,M028-03,E High Low-Fort Washington Park-Discovery Playground,112,7,33,10032
M028-DF0227,Activated,E,1,TRUE,FALSE,"In Playground,Under_Tree,In_Shade,Out_in_Open,In_Playground",TRUE,M028,Fort Washington Park,M028-02,Lily Brown Playground,M-12,M,"100,039,700",DRINKFTN,I,M028-02,E-Fort Washington Park-Lily Brown Playground,112,7,33,10032
M029-DF0134,Activated,C,1,FALSE,FALSE,In Playground,TRUE,M029,Fort Tryon Park,M029-02,Anne Loftus Plgd,M-12,M,"100,039,496",DRINKFTN,I,M029-02,C-Fort Tryon Park-Anne Loftus Plgd,112,10,34,10040
M029-DF0135,Activated,C,1,FALSE,FALSE,In Playground,TRUE,M029,Fort Tryon Park,M029-02,Anne Loftus Plgd,M-12,M,"100,039,587",DRINKFTN,I,M029-02,C-Fort Tryon Park-Anne Loftus Plgd,112,10,34,10040
M029-DF0232,Activated,Stone,1,FALSE,FALSE,Under Tree,TRUE,M029,Fort Tryon Park,M029-ZN06,Fort Tryon Park Zone 6,M-12,M,"100,039,722",DRINKFTN,I,M029-ZN06,Stone-Fort Tryon Park-Fort Tryon Park Zone 6,112,10,34,10040
M029-DF0234,Activated,Stone,1,FALSE,FALSE,Under Tree,TRUE,M029,Fort Tryon Park,M029-ZN05,Fort Tryon Park Zone 5,M-12,M,"100,039,734",DRINKFTN,I,M029-ZN05,Stone-Fort Tryon Park-Fort Tryon Park Zone 5,112,10,34,10040
M029-DF0235,Activated,Stone,1,FALSE,FALSE,Under Tree,TRUE,M029,Fort Tryon Park,M029-ZN05,Fort Tryon Park Zone 5,M-12,M,"100,039,713",DRINKFTN,I,M029-ZN05,Stone-Fort Tryon Park-Fort Tryon Park Zone 5,112,10,34,10040
M029-DF0247,Activated,E High Low,1,FALSE,FALSE,"In Playground, Out in Open",TRUE,M029,Fort Tryon Park,M029-01,Jacob Javits Plgd,M-12,M,"100,039,696",DRINKFTN,I,M029-01,E High Low-Fort Tryon Park-Jacob Javits Plgd,112,10,34,10040
M029-DF0892,Activated,Stone,1,,FALSE,,TRUE,M029,Fort Tryon Park,M029-ZN01,Fort Tryon Park Zone 1,M-12,M,"100,043,146",DRINKFTN,I,M029-ZN01,Stone-Fort Tryon Park-Fort Tryon Park Zone 1,112,10,34,10040
M029-DF0893,Activated,Stone,1,,FALSE,,TRUE,M029,Fort Tryon Park,M029-ZN02,Fort Tryon Park Zone 2,M-12,M,"100,043,164",DRINKFTN,I,M029-ZN02,Stone-Fort Tryon Park-Fort Tryon Park Zone 2,112,10,34,10040
M029-DF0894,Activated,Stone,1,,FALSE,,TRUE,M029,Fort Tryon Park,M029-ZN02,Fort Tryon Park Zone 2,M-12,M,"100,043,143",DRINKFTN,I,M029-ZN02,Stone-Fort Tryon Park-Fort Tryon Park Zone 2,112,10,34,10040
M029-DF0895,Activated,B,1,,FALSE,,TRUE,M029,Fort Tryon Park,M029-ZN02,Fort Tryon Park Zone 2,M-12,M,"100,043,136",DRINKFTN,I,M029-ZN02,B-Fort Tryon Park-Fort Tryon Park Zone 2,112,10,34,10040
M030-DF0351,Activated,E,1,TRUE,FALSE,Under Tree,TRUE,M030,Thomas Paine Park,M030,,M-01,M,"100,039,970",DRINKFTN,I,M030,E-Thomas Paine Park,101,1,5,10007
M030-DF0437,Broken,E,1,TRUE,FALSE,Out in Open,TRUE,M030,Thomas Paine Park,M030,,M-01,M,"100,040,065",DRINKFTN,I,M030,E-Thomas Paine Park,101,1,5,10007
M031-DF0237,Activated,E,1,TRUE,FALSE,Under Tree,TRUE,M031,Amelia Gorman Park,M031,,M-12,M,"100,039,702",DRINKFTN,I,M031,E-Amelia Gorman Park,112,10,34,10040
M033-DF0376,Activated,B,1,FALSE,FALSE,"Under Tree, Near Ballfield, In Playground",TRUE,M033,Hamilton Fish Park,M033,,M-03,M,"100,039,890",DRINKFTN,I,M033,B-Hamilton Fish Park,103,2,7,10002
M033-DF0377,Activated,B,1,FALSE,FALSE,In Playground,TRUE,M033,Hamilton Fish Park,M033,,M-03,M,"100,039,961",DRINKFTN,I,M033,B-Hamilton Fish Park,103,2,7,10002
M033-DF0378,Activated,B,1,FALSE,FALSE,Out in Open,TRUE,M033,Hamilton Fish Park,M033,,M-03,M,"100,039,893",DRINKFTN,I,M033,B-Hamilton Fish Park,103,2,7,10002
M033-DF0379,Activated,B,1,FALSE,FALSE,Out in Open,TRUE,M033,Hamilton Fish Park,M033,,M-03,M,"100,039,915",DRINKFTN,I,M033,B-Hamilton Fish Park,103,2,7,10002
M033-DF0952,Activated,Indoor Drinking Fountain,1,,FALSE,Indoor,FALSE,M033,Hamilton Fish Park,M033,,M-03,M,"100,043,158",DRINKFTN,I,M033-BLG1531,Indoor Drinking Fountain-Hamilton Fish Park-Recreation Center,103,2,7,10002
M033-DF1073,Activated,Indoor Drinking Fountain,1,,FALSE,Indoor,FALSE,M033,Hamilton Fish Park,M033,,M-03,M,"100,042,477",DRINKFTN,I,M033-BLG1531,Indoor Drinking Fountain-Hamilton Fish Park-Recreation Center,103,2,7,10002
M033-DF1074,Activated,Indoor Drinking Fountain,1,,FALSE,Indoor,FALSE,M033,Hamilton Fish Park,M033,,M-03,M,"100,042,480",DRINKFTN,I,M033-BLG1531,Indoor Drinking Fountain-Hamilton Fish Park-Recreation Center,103,2,7,10002
M033-DF1075,Activated,Food Prep Sink,1,,FALSE,Indoor,FALSE,M033,Hamilton Fish Park,M033,,M-03,M,"100,042,483",DRINKFTN,I,M033-BLG1531,Food Prep Sink-Hamilton Fish Park-Recreation Center,103,2,7,10002
M037-DF0030,Activated,C,1,FALSE,TRUE,Out in Open,TRUE,M037,Highbridge Park,M037-ZN02,Highbridge Park Zone 2,M-12A,M,"100,039,253",DRINKFTN,I,M037-ZN02,C-Highbridge Park-Highbridge Park Zone 2,112,10,33,10032
M037-DF0070,Activated,A,1,FALSE,FALSE,In Playground,TRUE,M037,Highbridge Park,M037-03,Quisqueya Plgd,M-12A,M,"100,039,361",DRINKFTN,I,M037-03,A-Highbridge Park-Quisqueya Plgd,112,10,34,10033
M037-DF0473,Activated,D,1,FALSE,FALSE,"Under Tree, In Playground",TRUE,M037,Highbridge Park,M037-08,Coogan's Bluff Playground,M-12A,M,"100,040,086",DRINKFTN,I,M037-08,D-Highbridge Park-Coogan's Bluff Playground,112,10,33,10032
M037-DF0877,Activated,C,1,,FALSE,In Playground,TRUE,M037,Highbridge Park,M037-01,Sunken Plgd,M-12A,M,"100,043,175",DRINKFTN,I,M037-01,C-Highbridge Park-Sunken Plgd,112,10,33,10032
M037-DF0878,UnderConstruction,A,1,,TRUE,In Playground,TRUE,M037,Highbridge Park,M037-10,Adventure Plgd,M-12A,M,"100,042,343",DRINKFTN,I,M037-10,A-Highbridge Park-Adventure Plgd,112,10,33,10032
M037-DF0907,Activated,A,1,,FALSE,,TRUE,M037,Highbridge Park,M037-ZN02,Highbridge Park Zone 2,M-12A,M,"100,043,151",DRINKFTN,I,M037-ZN02,A-Highbridge Park-Highbridge Park Zone 2,112,10,33,10032
M037-DF0911,Activated,C,1,,FALSE,,TRUE,M037,Highbridge Park,M037-ZN03,Highbridge Park Zone 3,M-12A,M,"100,043,140",DRINKFTN,I,M037-ZN03,C-Highbridge Park-Highbridge Park Zone 3,112,10,33,10032
M037-DF0920,Activated,A,1,,FALSE,,TRUE,M037,Highbridge Park,M037-ZN04,Highbridge Park Zone 4,M-12A,M,"100,043,141",DRINKFTN,I,M037-ZN04,A-Highbridge Park-Highbridge Park Zone 4,112,10,34,10040
M037-DF0921,Activated,D,1,,FALSE,,TRUE,M037,Highbridge Park,M037-ZN04,Highbridge Park Zone 4,M-12A,M,"100,043,165",DRINKFTN,I,M037-ZN04,D-Highbridge Park-Highbridge Park Zone 4,112,10,34,10040
M037-DF0922,Activated,D,1,,FALSE,,TRUE,M037,Highbridge Park,M037-ZN04,Highbridge Park Zone 4,M-12A,M,"100,043,176",DRINKFTN,I,M037-ZN04,D-Highbridge Park-Highbridge Park Zone 4,112,10,34,10040
M037-DF0923,Activated,C,1,,FALSE,,TRUE,M037,Highbridge Park,M037-ZN04,Highbridge Park Zone 4,M-12A,M,"100,043,154",DRINKFTN,I,M037-ZN04,C-Highbridge Park-Highbridge Park Zone 4,112,10,34,10040
M037-DF0924,Activated,E,1,,TRUE,,TRUE,M037,Highbridge Park,M037-04,Wallenberg Plgd,M-12A,M,"100,042,333",DRINKFTN,I,M037-04,E-Highbridge Park-Wallenberg Plgd,112,10,34,10040
M037-DF0925,Activated,E,1,,FALSE,,TRUE,M037,Highbridge Park,M037-04,Wallenberg Plgd,M-12A,M,"100,043,161",DRINKFTN,I,M037-04,E-Highbridge Park-Wallenberg Plgd,112,10,34,10040
M037-DF0926,Activated,E,1,,TRUE,,TRUE,M037,Highbridge Park,M037-04,Wallenberg Plgd,M-12A,M,"100,042,347",DRINKFTN,I,M037-04,E-Highbridge Park-Wallenberg Plgd,112,10,34,10040
M037-DF0953,Activated,Indoor Drinking Fountain,1,,FALSE,Indoor,FALSE,M037,Highbridge Park,M037,,M-12A,M,"100,043,147",DRINKFTN,I,M037-BLG1546,Indoor Drinking Fountain-Highbridge Park-Recreation Center,112,10,33,10032
M037-DF0954,Activated,Indoor Drinking Fountain,1,,FALSE,Indoor,FALSE,M037,Highbridge Park,M037,,M-12A,M,"100,043,180",DRINKFTN,I,M037-BLG1546,Indoor Drinking Fountain-Highbridge Park-Recreation Center,112,10,33,10032
M038-DF0616,Activated,D,1,FALSE,FALSE,"Under Tree, Just Outside Playground, Near Ballfield, In Shade",TRUE,M038,James J Walker Park,M038,,M-02,M,"100,040,359",DRINKFTN,I,M038,D-James J Walker Park,102,3,6,10014
M038-DF0617,Activated,E,1,TRUE,FALSE,"Near Ballfield, In Shade",TRUE,M038,James J Walker Park,M038,,M-02,M,"100,040,381",DRINKFTN,I,M038,E-James J Walker Park,102,3,6,10014
M041-DF0495,Activated,D,1,FALSE,FALSE,"Under Tree, In Playground, Near Ballfield",TRUE,M041,Alexander Hamilton Playground,M041,,M-09,M,"100,040,009",DRINKFTN,I,M041,D-Alexander Hamilton Playground,109,7,30,10031
M041-DF0496,Activated,D,1,FALSE,FALSE,"Under Tree, In Playground",TRUE,M041,Alexander Hamilton Playground,M041,,M-09,M,"100,040,030",DRINKFTN,I,M041,D-Alexander Hamilton Playground,109,7,30,10031
M042-DF0126,Activated,A,1,FALSE,FALSE,"Near Ballfield,Near_Ballfield",TRUE,M042,Inwood Hill Park,M042-ZN04,Inwood Hill Park Zone 4 (Dyckman Fields),M-12,M,"100,039,408",DRINKFTN,I,M042-ZN04,A-Inwood Hill Park-Inwood Hill Park Zone 4 (Dyckman Fields),112,10,34,10034
M042-DF0129,Activated,A,1,FALSE,FALSE,Near Ballfield,TRUE,M042,Inwood Hill Park,M042-ZN04,Inwood Hill Park Zone 4 (Dyckman Fields),M-12,M,"100,039,519",DRINKFTN,I,M042-ZN04,A-Inwood Hill Park-Inwood Hill Park Zone 4 (Dyckman Fields),112,10,34,10034
M042-DF0130,Activated,A,1,FALSE,FALSE,Near Ballfield,TRUE,M042,Inwood Hill Park,M042-ZN04,Inwood Hill Park Zone 4 (Dyckman Fields),M-12,M,"100,039,542",DRINKFTN,I,M042-ZN04,A-Inwood Hill Park-Inwood Hill Park Zone 4 (Dyckman Fields),112,10,34,10034
M042-DF0131,Activated,A,1,FALSE,FALSE,Out in Open,TRUE,M042,Inwood Hill Park,M042-ZN04,Inwood Hill Park Zone 4 (Dyckman Fields),M-12,M,"100,039,568",DRINKFTN,I,M042-ZN04,A-Inwood Hill Park-Inwood Hill Park Zone 4 (Dyckman Fields),112,10,34,10034
M042-DF0132,Activated,B,1,FALSE,FALSE,In Playground,TRUE,M042,Inwood Hill Park,M042-01,Payson Plgd,M-12,M,"100,039,592",DRINKFTN,I,M042-01,B-Inwood Hill Park-Payson Plgd,112,10,34,10034
M042-DF0136,Activated,C,1,FALSE,FALSE,In Playground,TRUE,M042,Inwood Hill Park,M042-02,Emerson Plgd,M-12,M,"100,039,515",DRINKFTN,I,M042-02,C-Inwood Hill Park-Emerson Plgd,112,10,34,10034
M042-DF0179,Activated,A,1,TRUE,FALSE,Under Tree,TRUE,M042,Inwood Hill Park,M042-ZN01,Inwood Hill Park Zone 1,M-12,M,"100,039,614",DRINKFTN,I,M042-ZN01,A-Inwood Hill Park-Inwood Hill Park Zone 1,112,10,34,10034
M042-DF0180,Activated,C,1,TRUE,FALSE,In Playground,TRUE,M042,Inwood Hill Park,M042-ZN01,Inwood Hill Park Zone 1,M-12,M,"100,039,684",DRINKFTN,I,M042-ZN01,C-Inwood Hill Park-Inwood Hill Park Zone 1,112,10,34,10034
M042-DF0181,Activated,C,1,TRUE,FALSE,In Playground,TRUE,M042,Inwood Hill Park,M042-ZN01,Inwood Hill Park Zone 1,M-12,M,"100,039,612",DRINKFTN,I,M042-ZN01,C-Inwood Hill Park-Inwood Hill Park Zone 1,112,10,34,10034
M042-DF0188,Activated,A,1,TRUE,FALSE,Near Ballfield,TRUE,M042,Inwood Hill Park,M042-ZN01,Inwood Hill Park Zone 1,M-12,M,"100,039,682",DRINKFTN,I,M042-ZN01,A-Inwood Hill Park-Inwood Hill Park Zone 1,112,10,34,10034
M042-DF0189,Activated,Other,1,FALSE,FALSE,Near Ballfield,TRUE,M042,Inwood Hill Park,M042-ZN01,Inwood Hill Park Zone 1,M-12,M,"100,039,636",DRINKFTN,I,M042-ZN01,Other-Inwood Hill Park-Inwood Hill Park Zone 1,112,10,34,10034
M042-DF0194,Activated,B,1,FALSE,FALSE,Near Ballfield,TRUE,M042,Inwood Hill Park,M042-ZN02,Inwood Hill Park Zone 2,M-12,M,"100,039,605",DRINKFTN,I,M042-ZN02,B-Inwood Hill Park-Inwood Hill Park Zone 2,112,10,34,10034
M042-DF0955,Activated,Indoor Drinking Fountain,1,,FALSE,Indoor,FALSE,M042,Inwood Hill Park,M042-01,Payson Plgd,M-12,M,"100,043,183",DRINKFTN,I,M042-BLG1451,Indoor Drinking Fountain-Inwood Hill Park-Payson Park House,112,10,34,10034
M043-DF0182,Activated,A,1,TRUE,FALSE,Near Ballfield,TRUE,M043,Isham Park,M042-ZN01,Inwood Hill Park Zone 1,M-12,M,"100,039,638",DRINKFTN,I,M042-ZN01,A-Isham Park-Inwood Hill Park Zone 1,112,10,34,10034
M043-DF0184,Activated,A,1,TRUE,FALSE,Near Ballfield,TRUE,M043,Isham Park,M042-ZN01,Inwood Hill Park Zone 1,M-12,M,"100,039,685",DRINKFTN,I,M042-ZN01,A-Isham Park-Inwood Hill Park Zone 1,112,10,34,10034
M043-DF0186,Activated,Trough,1,TRUE,FALSE,"In Playground,In_Playground",TRUE,M043,Isham Park,M042-03,Indian Road Plgd,M-12,M,"100,039,615",DRINKFTN,I,M042-03,Trough-Isham Park-Indian Road Plgd,112,10,34,10034
M043-DF0187,Activated,A,1,TRUE,FALSE,"Near Ballfield,Near_Ballfield",TRUE,M043,Isham Park,M042-ZN01,Inwood Hill Park Zone 1,M-12,M,"100,039,679",DRINKFTN,I,M042-ZN01,A-Isham Park-Inwood Hill Park Zone 1,112,10,34,10034
M043-DF0196,Activated,E and Dog,2,TRUE,FALSE,Under Tree,TRUE,M043,Isham Park,M043-ZN02,Isham Park Zone 2,M-12,M,"100,039,633",DRINKFTN,I,M043-ZN02,E and Dog-Isham Park-Isham Park Zone 2,112,10,34,10034
M043-DF0197,Activated,E and Dog,2,TRUE,FALSE,Out in Open,TRUE,M043,Isham Park,M043-ZN02,Isham Park Zone 2,M-12,M,"100,039,658",DRINKFTN,I,M043-ZN02,E and Dog-Isham Park-Isham Park Zone 2,112,10,34,10034
M044-DF687,Activated,F High Low,2,,FALSE,,TRUE,M044,Jackson Square,M044,,M-02,M,"100,043,139",DRINKFTN,I,M044,F High Low-Jackson Square,102,3,6,10014
M045-DF0222,Activated,F High Low,2,,FALSE,Out in Open,TRUE,M045,John Jay Park,M045,,M-08,M,"100,039,705",DRINKFTN,I,M045,F High Low-John Jay Park,108,5,19,10075
M045-DF0223,Activated,A,1,TRUE,FALSE,Out in Open,TRUE,M045,John Jay Park,M045,,M-08,M,"100,039,731",DRINKFTN,I,M045,A-John Jay Park,108,5,19,10075
M045-DF0224,Activated,F High Low,2,FALSE,FALSE,Under Tree,TRUE,M045,John Jay Park,M045,,M-08,M,"100,039,711",DRINKFTN,I,M045,F High Low-John Jay Park,108,5,19,10075
M045-DF0225,Activated,B,1,FALSE,FALSE,Out in Open,TRUE,M045,John Jay Park,M045,,M-08,M,"100,039,699",DRINKFTN,I,M045,B-John Jay Park,108,5,19,10075
M045-DF0226,NotYetActivated,B,1,FALSE,FALSE,Out in Open,TRUE,M045,John Jay Park,M045,,M-08,M,"100,039,708",DRINKFTN,I,M045,B-John Jay Park,108,5,19,10075
M045-DF0908,NotYetActivated,CS Concrete,1,,TRUE,,TRUE,M045,John Jay Park,M045,,M-08,M,"100,042,709",DRINKFTN,I,M045,CS Concrete-John Jay Park,108,5,19,10075
M047-DF0404,Activated,C,1,FALSE,FALSE,"Near Ballfield, Under Tree",TRUE,M047,Thomas Jefferson Park,M047,,M-11,M,"100,039,931",DRINKFTN,I,M047,C-Thomas Jefferson Park,111,8,23,10029
M047-DF0405,Activated,B,1,TRUE,FALSE,"In Playground, Near Ballfield",TRUE,M047,Thomas Jefferson Park,M047,,M-11,M,"100,039,953",DRINKFTN,I,M047,B-Thomas Jefferson Park,111,8,23,10029
M047-DF0406,UnderConstruction,Bottle Filler High Low,3,FALSE,FALSE,"Under Tree, Near Ballfield, In Playground",TRUE,M047,Thomas Jefferson Park,M047,,M-11,M,"100,039,983",DRINKFTN,I,M047,Bottle Filler High Low-Thomas Jefferson Park,111,8,23,10029
M047-DF0407,Activated,A,1,TRUE,FALSE,on pool deck,TRUE,M047,Thomas Jefferson Park,M047,,M-11,M,"100,039,899",DRINKFTN,I,M047,A-Thomas Jefferson Park,111,8,23,10029
M047-DF0408,Activated,B,1,FALSE,FALSE,Near Ballfield,TRUE,M047,Thomas Jefferson Park,M047,,M-11,M,"100,040,002",DRINKFTN,I,M047,B-Thomas Jefferson Park,111,8,23,10029
M047-DF0409,Activated,B,1,FALSE,FALSE,"Near Ballfield, Under Tree",TRUE,M047,Thomas Jefferson Park,M047,,M-11,M,"100,040,028",DRINKFTN,I,M047,B-Thomas Jefferson Park,111,8,23,10029
M047-DF0410,Activated,B,1,TRUE,FALSE,"Under Tree, Near Ballfield",TRUE,M047,Thomas Jefferson Park,M047,,M-11,M,"100,040,049",DRINKFTN,I,M047,B-Thomas Jefferson Park,111,8,23,10029
M047-DF0411,Activated,B,1,TRUE,FALSE,"Under Tree, Near Ballfield",TRUE,M047,Thomas Jefferson Park,M047,,M-11,M,"100,040,073",DRINKFTN,I,M047,B-Thomas Jefferson Park,111,8,23,10029
M047-DF0914,NotYetActivated,Other,1,,FALSE,,TRUE,M047,Thomas Jefferson Park,M047,,M-11,M,"100,043,155",DRINKFTN,I,M047,Other-Thomas Jefferson Park,111,8,23,10029
M047-DF0915,Activated,J,1,,FALSE,,TRUE,M047,Thomas Jefferson Park,M047,,M-11,M,"100,043,137",DRINKFTN,I,M047,J-Thomas Jefferson Park,111,8,23,10029
M047-DF0916,Activated,A,1,,FALSE,,TRUE,M047,Thomas Jefferson Park,M047,,M-11,M,"100,043,168",DRINKFTN,I,M047,A-Thomas Jefferson Park,111,8,23,10029
M047-DF0917,Activated,J,1,,FALSE,,TRUE,M047,Thomas Jefferson Park,M047,,M-11,M,"100,043,145",DRINKFTN,I,M047,J-Thomas Jefferson Park,111,8,23,10029
M047-DF0956,Activated,Indoor Drinking Fountain,1,,FALSE,Indoor,FALSE,M047,Thomas Jefferson Park,M047,,M-11,M,"100,043,144",DRINKFTN,I,M047-BLG1592,Indoor Drinking Fountain-Thomas Jefferson Park-Recreation Center,111,8,23,10029
M047-DF0957,Activated,Indoor Drinking Fountain,1,,FALSE,Indoor,FALSE,M047,Thomas Jefferson Park,M047,,M-11,M,"100,043,178",DRINKFTN,I,M047-BLG1592,Indoor Drinking Fountain-Thomas Jefferson Park-Recreation Center,111,8,23,10029
M047-DF0958,Activated,Indoor Drinking Fountain,1,,FALSE,Indoor,FALSE,M047,Thomas Jefferson Park,M047,,M-11,M,"100,043,163",DRINKFTN,I,M047-BLG1592,Indoor Drinking Fountain-Thomas Jefferson Park-Recreation Center,111,8,23,10029
M052-DF0102,Activated,E,1,TRUE,FALSE,"Under Tree, Just Outside Playground",TRUE,M052,Madison Square Park,M052,,M-05,M,"100,039,394",DRINKFTN,I,M052,E-Madison Square Park,105,2,13,10010
M052-DF0103,Activated,E High Low,2,TRUE,FALSE,"Under Tree, In Playground",TRUE,M052,Madison Square Park,M052-02,Madison Square Park,M-05,M,"100,039,415",DRINKFTN,I,M052-02,E High Low-Madison Square Park-Madison Square Park,105,2,13,10010
M052-DF0104,Activated,E,1,TRUE,FALSE,"In Shade, Under Tree",TRUE,M052,Madison Square Park,M052,,M-05,M,"100,039,417",DRINKFTN,I,M052,E-Madison Square Park,105,2,13,10010
M053-DF0004,Activated,E,1,,FALSE,Under Tree,TRUE,M053,Theodore Roosevelt Park,M053,,M-07,M,"100,037,398",DRINKFTN,I,M053,E-Theodore Roosevelt Park,107,6,20,10024
M053-DF0005,UnderConstruction,E,1,,FALSE,"In Shade, Under Tree",TRUE,M053,Theodore Roosevelt Park,M053,,M-07,M,"100,037,399",DRINKFTN,I,M053,E-Theodore Roosevelt Park,107,6,20,10024
M054-DF0062,Activated,E,1,FALSE,FALSE,"Out in Open,Under_Tree,In_Shade,Out_in_Open",TRUE,M054,Mitchel Square,M054,,M-12A,M,"100,039,348",DRINKFTN,I,M054,E-Mitchel Square,112,10,33,10032
M056-DF0455,Activated,C,1,FALSE,FALSE,In Playground,TRUE,M056,Morningside Park,M056-02,Morningside Plgd,M-09,M,"100,040,018",DRINKFTN,I,M056-02,C-Morningside Park-Morningside Plgd,109,7,26,10026
M056-DF0456,Activated,CS Concrete,1,TRUE,TRUE,"In Playground, Near Ballfield",TRUE,M056,Morningside Park,M056-02,Morningside Plgd,M-09,M,"100,040,075",DRINKFTN,I,M056-02,CS Concrete-Morningside Park-Morningside Plgd,109,7,26,10026
M056-DF0457,Activated,B,1,FALSE,FALSE,Near Ballfield,TRUE,M056,Morningside Park,M056-ZN02,Morningside Park Zone 2,M-09,M,"100,040,083",DRINKFTN,I,M056-ZN02,B-Morningside Park-Morningside Park Zone 2,109,7,26,10026
M056-DF0458,Activated,E High Low,2,TRUE,TRUE,In Playground,TRUE,M056,Morningside Park,M056-01,Playground 123,M-09,M,"100,040,061",DRINKFTN,I,M056-01,E High Low-Morningside Park-Playground 123,109,7,26,10026
M056-DF0459,Activated,E High Low,2,TRUE,FALSE,"Near Ballfield, In Playground",TRUE,M056,Morningside Park,M056-01,Playground 123,M-09,M,"100,039,990",DRINKFTN,I,M056-01,E High Low-Morningside Park-Playground 123,109,7,26,10026
M056-DF0461,Activated,C,1,FALSE,FALSE,"Near Ballfield, Just Outside Playground",TRUE,M056,Morningside Park,M056-ZN01,Morningside Park Zone 1,M-09,M,"100,040,039",DRINKFTN,I,M056-ZN01,C-Morningside Park-Morningside Park Zone 1,109,7,26,10026
M056-DF0462,Activated,Bottle Filler,1,TRUE,FALSE,"Near Ballfield, Just Outside Playground",TRUE,M056,Morningside Park,M056-ZN01,Morningside Park Zone 1,M-09,M,"100,040,041",DRINKFTN,I,M056-ZN01,Bottle Filler-Morningside Park-Morningside Park Zone 1,109,7,26,10026
M056-DF0883,Activated,E High Low,2,,FALSE,,TRUE,M056,Morningside Park,M056-01,Playground 123,M-09,M,"100,043,142",DRINKFTN,I,M056-01,E High Low-Morningside Park-Playground 123,109,7,26,10026
M056-DF0959,Activated,Food Prep Sink,1,,FALSE,Indoor,FALSE,M056,Morningside Park,M056-01,Playground 123,M-09,M,"100,043,173",DRINKFTN,I,M056-01-BLG1502,Food Prep Sink-Morningside Park-Playground 123 Comfort Station,109,7,26,10026
M056-DF0960,Activated,Bathroom Sink,1,,FALSE,Indoor,FALSE,M056,Morningside Park,M056-01,Playground 123,M-09,M,"100,043,153",DRINKFTN,I,M056-01-BLG1502,Bathroom Sink-Morningside Park-Playground 123 Comfort Station,109,7,26,10026
M058-DF0498,Activated,B,1,TRUE,TRUE,"Under Tree, In Playground",TRUE,M058,Marcus Garvey Park,M058-06,Marcus Garvey Memorial Park,M-11,M,"100,040,090",DRINKFTN,I,M058-06,B-Marcus Garvey Park-Marcus Garvey Memorial Park,111,9,25,10027
M058-DF0499,Activated,B,1,TRUE,FALSE,In Playground,TRUE,M058,Marcus Garvey Park,M058-07,Marcus Garvey Memorial Park,M-11,M,"100,040,114",DRINKFTN,I,M058-07,B-Marcus Garvey Park-Marcus Garvey Memorial Park,111,9,25,10027
M058-DF0500,Activated,D,1,TRUE,FALSE,Near Ballfield,TRUE,M058,Marcus Garvey Park,M058-ZN01,Marcus Garvey Park Zone 1,M-11,M,"100,040,144",DRINKFTN,I,M058-ZN01,D-Marcus Garvey Park-Marcus Garvey Park Zone 1,111,9,25,10027
M058-DF0501,Activated,D,1,FALSE,FALSE,"Under Tree, Just Outside Playground, Near Ballfield",TRUE,M058,Marcus Garvey Park,M058-ZN02,Marcus Garvey Park Zone 2,M-11,M,"100,040,166",DRINKFTN,I,M058-ZN02,D-Marcus Garvey Park-Marcus Garvey Park Zone 2,111,9,25,10027
M058-DF0502,Activated,Bottle Filler,1,FALSE,FALSE,"Under Tree, Just Outside Playground, Near Ballfield",TRUE,M058,Marcus Garvey Park,M058-ZN02,Marcus Garvey Park Zone 2,M-11,M,"100,040,091",DRINKFTN,I,M058-ZN02,Bottle Filler-Marcus Garvey Park-Marcus Garvey Park Zone 2,111,9,25,10027
M058-DF0503,Activated,E and Dog,2,TRUE,FALSE,"Under Tree, Just Outside Playground, Near Ballfield",TRUE,M058,Marcus Garvey Park,M058-ZN02,Marcus Garvey Park Zone 2,M-11,M,"100,040,138",DRINKFTN,I,M058-ZN02,E and Dog-Marcus Garvey Park-Marcus Garvey Park Zone 2,111,9,25,10027
M058-DF0504,Activated,E and Dog,2,TRUE,FALSE,Out in Open,TRUE,M058,Marcus Garvey Park,M058-ZN02,Marcus Garvey Park Zone 2,M-11,M,"100,040,118",DRINKFTN,I,M058-ZN02,E and Dog-Marcus Garvey Park-Marcus Garvey Park Zone 2,111,9,25,10027
M099-DF0230,Activated,B,1,FALSE,TRUE,Out in Open,TRUE,M099,J. Hood Wright Park,M099,,M-12,M,"100,039,712",DRINKFTN,I,M099,B-J. Hood Wright Park,112,10,33,10033
M058-DF0961,Activated,Indoor Drinking Fountain,1,,FALSE,Indoor,FALSE,M058,Marcus Garvey Park,M058,,M-11,M,"100,043,619",DRINKFTN,I,M058-BLG1565,Indoor Drinking Fountain-Marcus Garvey Park-MGA POOL,111,9,25,10027
M058-DF0962,Activated,Indoor Drinking Fountain,1,,FALSE,Indoor,FALSE,M058,Marcus Garvey Park,M058,,M-11,M,"100,043,623",DRINKFTN,I,M058-BLG1565,Indoor Drinking Fountain-Marcus Garvey Park-MGA POOL,111,9,25,10027
M058-DF0963,Activated,Indoor Drinking Fountain,1,,FALSE,Indoor,FALSE,M058,Marcus Garvey Park,M058-ZN01,Marcus Garvey Park Zone 1,M-11,M,"100,043,167",DRINKFTN,I,M058-ZN01-BLG1587,Indoor Drinking Fountain-Marcus Garvey Park-Pelham Fritz Recreation Center,111,9,25,10027
M058-DF0964,Activated,Indoor Drinking Fountain,1,,FALSE,Indoor,FALSE,M058,Marcus Garvey Park,M058-ZN01,Marcus Garvey Park Zone 1,M-11,M,"100,043,148",DRINKFTN,I,M058-ZN01-BLG1587,Indoor Drinking Fountain-Marcus Garvey Park-Pelham Fritz Recreation Center,111,9,25,10027
M058-DF0965,Activated,Food Prep Sink,1,,FALSE,Indoor,FALSE,M058,Marcus Garvey Park,M058-ZN01,Marcus Garvey Park Zone 1,M-11,M,"100,043,181",DRINKFTN,I,M058-ZN01-BLG1587,Food Prep Sink-Marcus Garvey Park-Pelham Fritz Recreation Center,111,9,25,10027
M058-DF1076,Activated,Indoor Drinking Fountain,1,,FALSE,Indoor,FALSE,M058,Marcus Garvey Park,M058-ZN01,Marcus Garvey Park Zone 1,M-11,M,"100,042,473",DRINKFTN,I,M058-ZN01-BLG1587,Indoor Drinking Fountain-Marcus Garvey Park-Pelham Fritz Recreation Center,111,9,25,10027
M059-DF0398,Activated,A,1,TRUE,FALSE,"Under Tree, Near Ballfield, In Playground",TRUE,M059,Murphy Brothers Playground,M059,,M-06,M,"100,039,984",DRINKFTN,I,M059,A-Murphy Brothers Playground,106,4,13,10009
M059-DF0399,Activated,A,1,TRUE,FALSE,"Near Ballfield, Just Outside Playground",TRUE,M059,Murphy Brothers Playground,M059,,M-06,M,"100,039,985",DRINKFTN,I,M059,A-Murphy Brothers Playground,106,4,13,10009
M059-DF0400,Activated,A,1,TRUE,FALSE,"Just Outside Playground, Near Ballfield",TRUE,M059,Murphy Brothers Playground,M059,,M-06,M,"100,039,909",DRINKFTN,I,M059,A-Murphy Brothers Playground,106,4,13,10009
M063-DF0341,Activated,F High Low,2,TRUE,FALSE,"In Playground, Near Ballfield",TRUE,M063,Gertrude Ederle Recreation Center,M063,,M-07,M,"100,039,947",DRINKFTN,I,M063,F High Low-Gertrude Ederle Recreation Center,107,6,20,10023
M063-DF0966,Activated,Indoor Drinking Fountain,1,,FALSE,Indoor,FALSE,M063,Gertrude Ederle Recreation Center,M063,,M-07,M,"100,043,179",DRINKFTN,I,M063-BLG1516,Indoor Drinking Fountain-Gertrude Ederle Recreation Center,107,6,20,10023
M063-DF0967,Activated,Indoor Drinking Fountain,1,,FALSE,Indoor,FALSE,M063,Gertrude Ederle Recreation Center,M063,,M-07,M,"100,043,184",DRINKFTN,I,M063-BLG1516,Indoor Drinking Fountain-Gertrude Ederle Recreation Center,107,6,20,10023
M063-DF0968,Activated,Indoor Drinking Fountain,1,,FALSE,Indoor,FALSE,M063,Gertrude Ederle Recreation Center,M063,,M-07,M,"100,043,162",DRINKFTN,I,M063-BLG1516,Indoor Drinking Fountain-Gertrude Ederle Recreation Center,107,6,20,10023
M064-DF0293,Activated,E,1,TRUE,FALSE,"Near Ballfield, In Playground",TRUE,M064,Lillian D Wald Playground,M064,,M-03,M,"100,039,846",DRINKFTN,I,M064,E-Lillian D Wald Playground,103,1,7,10002
M064-DF0294,Activated,E,1,TRUE,FALSE,"Under Tree, Near Ballfield, In Playground",TRUE,M064,Lillian D Wald Playground,M064,,M-03,M,"100,039,873",DRINKFTN,I,M064,E-Lillian D Wald Playground,103,1,7,10002
M065-DF0385,UnderConstruction,A,1,FALSE,FALSE,"Under Tree, Near Ballfield, In Playground",TRUE,M065,Luther Gulick Park,M065,,M-03,M,"100,039,889",DRINKFTN,I,M065,A-Luther Gulick Park,103,1,7,10002
M066-DF0204,Activated,B,1,FALSE,FALSE,"Under Tree, Near Ballfield, In Playground",TRUE,M066,Dr. Gertrude B. Kelly Playground,M066,,M-04,M,"100,039,631",DRINKFTN,I,M066,B-Dr. Gertrude B. Kelly Playground,104,3,10,10011
M066-DF0205,Activated,C,1,FALSE,FALSE,"Under Tree, Near Ballfield, In Playground",TRUE,M066,Dr. Gertrude B. Kelly Playground,M066,,M-04,M,"100,039,644",DRINKFTN,I,M066,C-Dr. Gertrude B. Kelly Playground,104,3,10,10011
M067-DF0433,Activated,C,1,FALSE,FALSE,In Playground,TRUE,M067,Sophie Irene Loeb,M067,,M-03,M,"100,040,054",DRINKFTN,I,M067,C-Sophie Irene Loeb,103,1,5,10002
M069-DF0319,Activated,E High Low,2,TRUE,FALSE,Out in Open,TRUE,M069,Vesuvio Playground,M069,,M-02,M,"100,039,868",DRINKFTN,I,M069,E High Low-Vesuvio Playground,102,3,1,10012
M069-DF0320,Activated,E,1,TRUE,FALSE,Out in Open,TRUE,M069,Vesuvio Playground,M069,,M-02,M,"100,039,841",DRINKFTN,I,M069,E-Vesuvio Playground,102,3,1,10012
M071-DF0016,Activated,E High Low,2,TRUE,FALSE,In Playground,TRUE,M071,Riverside Park,M071-04,Neufeld Plgd,M-14,M,"100,039,210",DRINKFTN,I,M071-04,E High Low-Riverside Park-Neufeld Plgd,107,6,20,10023
M071-DF0020,Activated,A,1,FALSE,FALSE,"Out in Open, Just Outside Playground",TRUE,M071,Riverside Park,M071-ZN02,Running Track And 78th St. Ballfields,M-14,M,"100,039,206",DRINKFTN,I,M071-ZN02,A-Riverside Park-Running Track And 78th St. Ballfields,107,6,20,10024
M071-DF0021,Activated,A,1,TRUE,FALSE,"Just Outside Playground, Near Ballfield, Out in Open",TRUE,M071,Riverside Park,M071-ZN02,Running Track And 78th St. Ballfields,M-14,M,"100,039,233",DRINKFTN,I,M071-ZN02,A-Riverside Park-Running Track And 78th St. Ballfields,107,6,20,10024
M071-DF0022,Activated,B,1,TRUE,FALSE,"Out in Open, Near Ballfield, Under Tree",TRUE,M071,Riverside Park,M071-ZN02,Running Track And 78th St. Ballfields,M-14,M,"100,039,257",DRINKFTN,I,M071-ZN02,B-Riverside Park-Running Track And 78th St. Ballfields,107,6,20,10023
M071-DF0023,Activated,B,1,FALSE,FALSE,"Out in Open, Just Outside Playground",TRUE,M071,Riverside Park,M071-ZN05,Mt. Tom Landscape,M-14,M,"100,039,283",DRINKFTN,I,M071-ZN05,B-Riverside Park-Mt. Tom Landscape,107,6,20,10024
,Activated,A,,,,,TRUE,,,,,Q-09,Q,,DRINKFTN,,,,,,,
M071-DF0024,Activated,C,1,FALSE,FALSE,"In Playground, Under Tree",TRUE,M071,Riverside Park,M071-08,River Run Plgd,M-14,M,"100,039,207",DRINKFTN,I,M071-08,C-Riverside Park-River Run Plgd,107,6,20,10024
M071-DF0025,Activated,E and Dog,2,TRUE,FALSE,"Under Tree, Out in Open",TRUE,M071,Riverside Park,M071-ZN06,Serpentine Promenade,M-14,M,"100,039,234",DRINKFTN,I,M071-ZN06,E and Dog-Riverside Park-Serpentine Promenade,107,6,20,10024
M071-DF0026,Activated,A,1,TRUE,FALSE,Just Outside Playground,TRUE,M071,Riverside Park,M071-ZN08,91st St. Playground Landscape,M-14,M,"100,039,258",DRINKFTN,I,M071-13,A-Riverside Park-Hippo Playground-Comfort Station,107,6,24,10024
M071-DF0027,Activated,E,1,TRUE,FALSE,"Out in Open, Under Tree",TRUE,M071,Riverside Park,M071-ZN07,Soldiers & Sailors Monument RSD Sidewalk,M-14,M,"100,039,202",DRINKFTN,I,M071-ZN07,E-Riverside Park-Soldiers & Sailors Monument RSD Sidewalk,107,6,24,10024
M071-DF0042,Activated,E and Dog,2,TRUE,FALSE,Out in Open,TRUE,M071,Riverside Park,M071-ZN01,South Lawn,M-14,M,"100,039,254",DRINKFTN,I,M071-ZN01,E and Dog-Riverside Park-South Lawn,107,6,20,10023
M071-DF0049,Activated,B,1,FALSE,FALSE,Out in Open,TRUE,M071,Riverside Park,M071-ZN04,Waterfront Landscape To 89 St.,M-14,M,"100,039,246",DRINKFTN,I,M071-ZN04,B-Riverside Park-Waterfront Landscape To 89 St.,107,6,20,10024
M071-DF0052,Activated,B,1,FALSE,FALSE,Under Tree,TRUE,M071,Riverside Park,M071-16,Dinosaur Plgd,M-14,M,"100,039,220",DRINKFTN,I,M071-16,B-Riverside Park-Dinosaur Plgd,107,6,24,10024
M071-DF0053,Activated,B,1,FALSE,FALSE,Under Tree,TRUE,M071,Riverside Park,M071-16,Dinosaur Plgd,M-14,M,"100,039,270",DRINKFTN,I,M071-16,B-Riverside Park-Dinosaur Plgd,107,6,24,10024
M071-DF0054,Activated,B,1,FALSE,FALSE,Under Tree,TRUE,M071,Riverside Park,M071-ZN13,97th St. Playground Landscape,M-14,M,"100,039,221",DRINKFTN,I,M071-ZN13,B-Riverside Park-97th St. Playground Landscape,107,6,24,10024
M071-DF0075,Activated,CS Concrete,1,FALSE,FALSE,In Playground,TRUE,M071,Riverside Park,M071-31,Claremont,M-14,M,"100,039,359",DRINKFTN,I,M071-31,CS Concrete-Riverside Park-Claremont,109,7,26,10024
M071-DF0076,Activated,A,1,FALSE,FALSE,"Under Tree, Just Outside Playground",TRUE,M071,Riverside Park,M071-ZN25,Riverside Dr. Pedestrian Zone E,M-14,M,"100,039,380",DRINKFTN,I,M071-ZN25,A-Riverside Park-Riverside Dr. Pedestrian Zone E,109,7,26,10024
M071-DF0080,Activated,B,1,FALSE,TRUE,"Under Tree, Out in Open",TRUE,M071,Riverside Park,M071-ZN16,Middle Park Landscape,M-14,M,"100,039,297",DRINKFTN,I,M071-ZN16,B-Riverside Park-Middle Park Landscape,109,7,26,10024
M071-DF0081,Activated,Monument,1,FALSE,FALSE,Out in Open,TRUE,M071,Riverside Park,M071-ZN16,Middle Park Landscape,M-14,M,"100,039,375",DRINKFTN,I,M071-ZN16,Monument-Riverside Park-Middle Park Landscape,109,7,26,10024
M071-DF0082,Activated,A,1,FALSE,FALSE,Out in Open,TRUE,M071,Riverside Park,M071-ZN17,Wildlife Sanct. & 119 St Tennis Courts,M-14,M,"100,039,377",DRINKFTN,I,M071-ZN17,A-Riverside Park-Wildlife Sanct. & 119 St Tennis Courts,109,7,26,10024
M071-DF0083,Activated,E,1,FALSE,FALSE,"Under Tree, Out in Open",TRUE,M071,Riverside Park,M071-ZN16,Middle Park Landscape,M-14,M,"100,039,299",DRINKFTN,I,M071-ZN16,E-Riverside Park-Middle Park Landscape,109,7,26,10024
M071-DF0084,Broken,A,1,FALSE,FALSE,Out in Open,TRUE,M071,Riverside Park,M071-ZN15,Terrace Promenade North,M-14,M,"100,039,326",DRINKFTN,I,M071-ZN15,A-Riverside Park-Terrace Promenade North,107,6,24,10024
M071-DF0085,Broken,A,1,FALSE,FALSE,"Under Tree, Out in Open",TRUE,M071,Riverside Park,M071-ZN15,Terrace Promenade North,M-14,M,"100,039,318",DRINKFTN,I,M071-ZN15,A-Riverside Park-Terrace Promenade North,107,6,24,10024
M071-DF0086,Activated,C,1,FALSE,FALSE,"In Playground, Under Tree",TRUE,M071,Riverside Park,M071-34,Tot Lot One Hundred Five,M-14,M,"100,039,295",DRINKFTN,I,M071-34,C-Riverside Park-Tot Lot One Hundred Five,107,6,24,10024
M071-DF0087,Activated,E,1,FALSE,FALSE,Near Ballfield,TRUE,M071,Riverside Park,M071-ZN19,104th St. Softball Field,M-14,M,"100,039,351",DRINKFTN,I,M071-ZN19,E-Riverside Park-104th St. Softball Field,107,6,24,10024
M071-DF0088,Activated,C,1,FALSE,FALSE,Near Ballfield,TRUE,M071,Riverside Park,M071-ZN18,101st St. Soccer Field,M-14,M,"100,039,371",DRINKFTN,I,M071-ZN18,C-Riverside Park-101st St. Soccer Field,107,6,24,10024
M071-DF0089,Activated,E,1,FALSE,FALSE,"Near Ballfield, Under Tree",TRUE,M071,Riverside Park,M071-ZN20,Hudson Beach Volleyball Courts & Café,M-14,M,"100,039,294",DRINKFTN,I,M071-ZN20,E-Riverside Park-Hudson Beach Volleyball Courts & Café,107,6,24,10024
M071-DF0090,Broken,A,1,TRUE,FALSE,"Under Tree, Near Ballfield",TRUE,M071,Riverside Park,M071-ZN20,Hudson Beach Volleyball Courts & Café,M-14,M,"100,039,320",DRINKFTN,I,M071-ZN20,A-Riverside Park-Hudson Beach Volleyball Courts & Café,107,6,24,10024
M071-DF0091,Activated,E,1,FALSE,FALSE,"Under Tree, Near Ballfield",TRUE,M071,Riverside Park,M071-ZN21,108th St. Softball Field,M-14,M,"100,039,352",DRINKFTN,I,M071-ZN21,E-Riverside Park-108th St. Softball Field,107,6,24,10024
M071-DF0092,Activated,E,1,FALSE,FALSE,"Under Tree, Near Ballfield",TRUE,M071,Riverside Park,M071-ZN21,108th St. Softball Field,M-14,M,"100,039,372",DRINKFTN,I,M071-ZN21,E-Riverside Park-108th St. Softball Field,107,6,24,10024
M071-DF0093,UnderConstruction,B,1,FALSE,FALSE,Near Ballfield,TRUE,M071,Riverside Park,M071-ZN22,Skate Park And Basketball Courts,M-14,M,"100,039,346",DRINKFTN,I,M071-ZN22,B-Riverside Park-Skate Park And Basketball Courts,107,6,24,10024
M071-DF0094,Activated,A,1,FALSE,FALSE,"Out in Open, Under Tree",TRUE,M071,Riverside Park,M071-ZN22,Skate Park And Basketball Courts,M-14,M,"100,039,349",DRINKFTN,I,M071-ZN22,A-Riverside Park-Skate Park And Basketball Courts,109,7,26,10024
M071-DF0095,Activated,B,1,FALSE,FALSE,Out in Open,TRUE,M071,Riverside Park,M071-ZN23,96th St Tennis Courts And Landscape,M-14,M,"100,039,370",DRINKFTN,I,M071-ZN23,B-Riverside Park-96th St Tennis Courts And Landscape,107,6,24,10024
M071-DF0124,Activated,B,1,FALSE,TRUE,"Under Tree, Out in Open",TRUE,M071,Riverside Park,M071-ZN15,Terrace Promenade North,M-14,M,"100,039,460",DRINKFTN,I,M071-ZN15,B-Riverside Park-Terrace Promenade North,107,6,24,10024
M071-DF0125,Activated,B,1,FALSE,FALSE,"Under Tree, Out in Open",TRUE,M071,Riverside Park,M071-ZN14,Terrace Promenade South,M-14,M,"100,039,492",DRINKFTN,I,M071-ZN14,B-Riverside Park-Terrace Promenade South,107,6,24,10024
M071-DF0896,Activated,B,1,,FALSE,,TRUE,M071,Riverside Park,M071-ZN01,South Lawn,M-14,M,"100,043,174",DRINKFTN,I,M071-ZN01,B-Riverside Park-South Lawn,107,6,20,10023
M071-DF0969,Activated,Food Prep Sink,1,,FALSE,Indoor,FALSE,M071,Riverside Park,M071-ZN03,Rotunda And Landscape,M-14,M,"100,043,152",DRINKFTN,I,M071-BLG1472,Food Prep Sink-Riverside Park-BOAT BASIN,107,6,20,10024
M071-DF0970,Activated,Slop Sink,1,,FALSE,Indoor,FALSE,M071,Riverside Park,M071-ZN03,Rotunda And Landscape,M-14,M,"100,043,182",DRINKFTN,I,M071-BLG1472,Slop Sink-Riverside Park-Boat Basin,107,6,20,10024
M071-DF0971,Activated,Indoor Drinking Fountain,1,,FALSE,Indoor,FALSE,M071,Riverside Park,M071-ZN08,91st St. Playground Landscape,M-14,M,"100,043,160",DRINKFTN,I,M071-ZN08-BLG1490,Indoor Drinking Fountain-Riverside Park-Hippo Playground Comfort,107,6,24,10024
M071-DF0972,Activated,Indoor Drinking Fountain,1,,FALSE,Indoor,FALSE,M071,Riverside Park,M071-ZN15,Terrace Promenade North,M-14,M,"100,043,193",DRINKFTN,I,M071-ZN15-BLG1486,Indoor Drinking Fountain-Riverside Park-VOLUNTEER HOUSE,107,6,24,10024
M071-DF0973,Activated,Food Prep Sink,1,,FALSE,Indoor,FALSE,M071,Riverside Park,M071-ZN15,Terrace Promenade North,M-14,M,"100,043,197",DRINKFTN,I,M071-ZN15-BLG1486,Food Prep Sink-Riverside Park-VOLUNTEER HOUSE,107,6,24,10024
M071-DF1102,Activated,Slop Sink,1,,FALSE,Indoor,FALSE,M071,Riverside Park,M071-ZN08,91st St. Playground Landscape,M-14,M,"100,043,196",DRINKFTN,I,M071-ZN08-BLG1490,Slop Sink-Riverside Park-Hippo Playground Comfort,107,6,24,10024
M071-DF1103,Activated,Food Prep Sink,1,,FALSE,Indoor,FALSE,M071,Riverside Park,M071-ZN08,91st St. Playground Landscape,M-14,M,"100,043,232",DRINKFTN,I,M071-ZN08-BLG1490,Food Prep Sink-Riverside Park-Hippo Playground Comfort,107,6,24,10024
M071-DF1110,Activated,Food Prep Sink,1,,FALSE,Indoor,FALSE,M071,Riverside Park,M071-ZN15,Terrace Promenade North,M-14,M,"100,043,209",DRINKFTN,I,M071-ZN15-BLG1486,Food Prep Sink-Riverside Park-VOLUNTEER HOUSE,107,6,24,10024
M072-DF0061,Activated,E and Dog,2,TRUE,FALSE,"Out in Open, Just Outside Playground",TRUE,M072,Riverside Park,M072-ZN26,Riverside Dr. Pedestrian Zone F,M-14,M,"100,039,365",DRINKFTN,I,M072-ZN26,E and Dog-Riverside Park-Riverside Dr. Pedestrian Zone F,109,7,30,10031
M072-DF0063,Activated,A,1,FALSE,FALSE,In Playground,TRUE,M072,Riverside Park,M072-01,Riverbank Plgd,M-14,M,"100,039,362",DRINKFTN,I,M072-01,A-Riverside Park-Riverbank Plgd,109,7,30,10031
M076-DF0014,Activated,D,1,FALSE,FALSE,In Playground,TRUE,M076,St. Vartan Park,M076,,M-06,M,"100,039,216",DRINKFTN,I,M076,D-St. Vartan Park,106,4,17,10016
M076-DF0974,Activated,Indoor Drinking Fountain,1,,FALSE,Indoor,FALSE,M076,St. Vartan Park,M076,,M-06,M,"100,043,194",DRINKFTN,I,M076-BLG0662,Indoor Drinking Fountain-St. Vartan Park-Park House,106,4,17,10016
M077-DF0480,Activated,A,1,TRUE,TRUE,"In Playground, Near Ballfield",TRUE,M077,St. Nicholas Park,M077-03,Arlington Edinboro Playground,M-09,M,"100,040,059",DRINKFTN,I,M077-03,A-St. Nicholas Park-Arlington Edinboro Playground,109,9,26,10031
M077-DF0481,Activated,A,1,TRUE,TRUE,"Just Outside Playground, Near Ballfield, Under Tree",TRUE,M077,St. Nicholas Park,M077-03,Arlington Edinboro Playground,M-09,M,"100,040,013",DRINKFTN,I,M077-03,A-St. Nicholas Park-Arlington Edinboro Playground,109,9,26,10031
M077-DF0482,Activated,A,1,TRUE,FALSE,"Near Ballfield, Just Outside Playground",TRUE,M077,St. Nicholas Park,M077-ZN01,St Nicholas Park Zone 01,M-09,M,"100,040,034",DRINKFTN,I,M077-ZN01,A-St. Nicholas Park-St Nicholas Park Zone 01,109,9,26,10027
M077-DF0483,Activated,D,1,FALSE,TRUE,"In Playground, Near Ballfield, Under Tree",TRUE,M077,St. Nicholas Park,M077-02,St Nicholas,M-09,M,"100,040,031",DRINKFTN,I,M077-02,D-St. Nicholas Park-St Nicholas,109,9,26,10027
M077-DF0484,Activated,C,1,FALSE,FALSE,Near Ballfield,TRUE,M077,St. Nicholas Park,M077-04,St Nicholas,M-09,M,"100,040,055",DRINKFTN,I,M077-04,C-St. Nicholas Park-St Nicholas,109,9,26,10027
M077-DF0485,Broken,A,1,FALSE,FALSE,Near Ballfield,TRUE,M077,St. Nicholas Park,M077-04,St Nicholas,M-09,M,"100,040,080",DRINKFTN,I,M077-04,A-St. Nicholas Park-St Nicholas,109,9,26,10027
M077-DF0486,Activated,C,1,TRUE,FALSE,"In Playground, Under Tree",TRUE,M077,St. Nicholas Park,M077-04,St Nicholas,M-09,M,"100,040,011",DRINKFTN,I,M077-04,C-St. Nicholas Park-St Nicholas,109,9,26,10027
M077-DF0487,Broken,A,1,TRUE,FALSE,"Just Outside Playground, Near Ballfield",TRUE,M077,St. Nicholas Park,M077-04,St Nicholas,M-09,M,"100,040,032",DRINKFTN,I,M077-04,A-St. Nicholas Park-St Nicholas,109,9,26,10027
M079-DF0266,NotYetActivated,E,1,FALSE,FALSE,Out in Open,TRUE,M079,St. Catherine's Park,M079,,M-08,M,"100,039,863",DRINKFTN,I,M079,E-St. Catherine's Park,108,5,19,10065
M079-DF0267,Activated,E High Low,2,FALSE,FALSE,Under Tree,TRUE,M079,St. Catherine's Park,M079,,M-08,M,"100,039,886",DRINKFTN,I,M079,E High Low-St. Catherine's Park,108,5,19,10065
M079-DF0268,Activated,E High Low,2,FALSE,FALSE,Under Tree,TRUE,M079,St. Catherine's Park,M079,,M-08,M,"100,039,810",DRINKFTN,I,M079,E High Low-St. Catherine's Park,108,5,19,10065
M080-DF0448,Activated,F and Dog,2,TRUE,FALSE,Out in Open,TRUE,M080,Schiff Mall,M080,,M-03,M,"100,040,040",DRINKFTN,I,M080,F and Dog-Schiff Mall,103,1,7,10002
M081-DF0256,Activated,E and Dog,2,FALSE,FALSE,Out in Open,TRUE,M081,Carl Schurz Park,M081-ZN02,Carl Schurz Promenade,M-08,M,"100,039,740",DRINKFTN,I,M081-ZN02,E and Dog-Carl Schurz Park-Carl Schurz Promenade,108,5,19,10028
M081-DF0257,Activated,C,1,FALSE,FALSE,Out in Open,TRUE,M081,Carl Schurz Park,M081-ZN02,Carl Schurz Promenade,M-08,M,"100,039,764",DRINKFTN,I,M081-ZN02,C-Carl Schurz Park-Carl Schurz Promenade,108,5,19,10028
M081-DF0258,Activated,E and Dog,2,FALSE,FALSE,Under Tree,TRUE,M081,Carl Schurz Park,M081-ZN02,Carl Schurz Promenade,M-08,M,"100,039,770",DRINKFTN,I,M081-ZN02,E and Dog-Carl Schurz Park-Carl Schurz Promenade,108,5,19,10028
M081-DF0259,Activated,E and Dog,2,FALSE,FALSE,Out in Open,TRUE,M081,Carl Schurz Park,M081-ZN01,Carl Schurz Main Lawn,M-08,M,"100,039,749",DRINKFTN,I,M081-ZN01,E and Dog-Carl Schurz Park-Carl Schurz Main Lawn,108,5,19,10028
M081-DF0260,Activated,C,1,FALSE,FALSE,Under Tree,TRUE,M081,Carl Schurz Park,M081-ZN01,Carl Schurz Main Lawn,M-08,M,"100,039,781",DRINKFTN,I,M081-ZN01,C-Carl Schurz Park-Carl Schurz Main Lawn,108,5,19,10028
M081-DF0261,Activated,C,1,FALSE,FALSE,In Playground,TRUE,M081,Carl Schurz Park,M081-02,Catbird Playground,M-08,M,"100,039,760",DRINKFTN,I,M081-02,C-Carl Schurz Park-Catbird Playground,108,5,19,10028
M081-DF0262,Activated,C,1,FALSE,FALSE,In Playground,TRUE,M081,Carl Schurz Park,M081-02,Catbird Playground,M-08,M,"100,039,741",DRINKFTN,I,M081-02,C-Carl Schurz Park-Catbird Playground,108,5,19,10028
M081-DF0263,Activated,B,1,FALSE,FALSE,Under Tree,TRUE,M081,Carl Schurz Park,M081-ZN01,Carl Schurz Main Lawn,M-08,M,"100,039,768",DRINKFTN,I,M081-ZN01,B-Carl Schurz Park-Carl Schurz Main Lawn,108,5,19,10028
M081-DF0975,Activated,Indoor Drinking Fountain,1,,FALSE,Indoor,FALSE,M081,Carl Schurz Park,M081-02,Catbird Playground,M-08,M,"100,043,230",DRINKFTN,I,M081-02-BLG1603,Indoor Drinking Fountain-Carl Schurz Park-Catbird Playground CS,108,5,19,10028
M081-DF0976,Activated,Indoor Drinking Fountain,1,,FALSE,Indoor,FALSE,M081,Carl Schurz Park,M081-02,Catbird Playground,M-08,M,"100,043,199",DRINKFTN,I,M081-02-BLG1603,Indoor Drinking Fountain-Carl Schurz Park-Catbird Playground CS,108,5,19,10028
M081-DF0977,Activated,Indoor Drinking Fountain,1,,FALSE,Indoor,FALSE,M081,Carl Schurz Park,M081-ZN02,Carl Schurz Promenade,M-08,M,"100,043,233",DRINKFTN,I,M081-ZN02-BLG1601,Indoor Drinking Fountain-Carl Schurz Park-87 St CS,108,5,19,10028
M082-DF0212,Activated,E,1,TRUE,FALSE,"Under Tree, In Playground",TRUE,M082,Seward Park,M082,,M-03,M,"100,039,672",DRINKFTN,I,M082,E-Seward Park,103,1,7,10002
M082-DF0213,Activated,E,1,TRUE,FALSE,"Near Ballfield, Just Outside Playground, Under Tree",TRUE,M082,Seward Park,M082,,M-03,M,"100,039,598",DRINKFTN,I,M082,E-Seward Park,103,1,7,10002
M082-DF0214,Activated,E,1,TRUE,FALSE,"Under Tree, In Playground",TRUE,M082,Seward Park,M082,,M-03,M,"100,039,595",DRINKFTN,I,M082,E-Seward Park,103,1,7,10002
M082-DF0288,Activated,B,1,FALSE,FALSE,"Under Tree, In Playground",TRUE,M082,Seward Park,M082,,M-03,M,"100,039,849",DRINKFTN,I,M082,B-Seward Park,103,1,7,10002
M086-DF0036,Activated,B,1,FALSE,FALSE,Under Tree,TRUE,M086,Stuyvesant Square,M086,,M-06,M,"100,039,282",DRINKFTN,I,M086,B-Stuyvesant Square,106,2,13,10003
M086-DF0037,Activated,B,1,FALSE,FALSE,"Out in Open, Under Tree",TRUE,M086,Stuyvesant Square,M086,,M-06,M,"100,039,224",DRINKFTN,I,M086,B-Stuyvesant Square,106,2,13,10003
M086-DF0038,Activated,E and Dog,2,TRUE,FALSE,Under Tree,TRUE,M086,Stuyvesant Square,M086,,M-06,M,"100,039,241",DRINKFTN,I,M086,E and Dog-Stuyvesant Square,106,2,13,10003
M086-DF0978,Activated,Indoor Drinking Fountain,1,,FALSE,Indoor,FALSE,M086,Stuyvesant Square,M086,,M-06,M,"100,043,757",DRINKFTN,I,M086-BLG0663,Indoor Drinking Fountain-Stuyvesant Square-West Building,106,2,13,10003
M086-DF0979,Activated,Indoor Drinking Fountain,1,,FALSE,Indoor,FALSE,M086,Stuyvesant Square,M086,,M-06,M,"100,043,756",DRINKFTN,I,M086-BLG0663,Indoor Drinking Fountain-Stuyvesant Square-West Building,106,2,13,10003
M087-DF0072,Activated,B,1,FALSE,FALSE,Out in Open,TRUE,M087,Sakura Park,M087,,M-14,M,"100,039,298",DRINKFTN,I,M087,B-Sakura Park,109,7,26,10027
M087-DF0073,Activated,B,1,FALSE,FALSE,Under Tree,TRUE,M087,Sakura Park,M087,,M-14,M,"100,039,325",DRINKFTN,I,M087,B-Sakura Park,109,7,26,10027
M088-DF0303,Activated,A,1,TRUE,FALSE,"Under Tree, Near Ballfield, In Playground",TRUE,M088,Tompkins Square Park,M088,,M-03,M,"100,039,790",DRINKFTN,I,M088,A-Tompkins Square Park,103,2,9,10009
M088-DF0304,Activated,B,1,FALSE,FALSE,"In Playground, Near Ballfield",TRUE,M088,Tompkins Square Park,M088,,M-03,M,"100,039,819",DRINKFTN,I,M088,B-Tompkins Square Park,103,2,9,10009
M088-DF0305,Activated,E High Low,2,TRUE,FALSE,"Under Tree, In Playground",TRUE,M088,Tompkins Square Park,M088-01,Tompkins Square Park,M-03,M,"100,039,843",DRINKFTN,I,M088-01,E High Low-Tompkins Square Park-Tompkins Square Park,103,2,9,10009
M088-DF0306,Activated,B,1,FALSE,TRUE,Just Outside Playground,TRUE,M088,Tompkins Square Park,M088,,M-03,M,"100,039,869",DRINKFTN,I,M088,B-Tompkins Square Park,103,2,9,10009
M088-DF0307,Activated,B,1,FALSE,FALSE,"Under Tree, Just Outside Playground",TRUE,M088,Tompkins Square Park,M088,,M-03,M,"100,039,791",DRINKFTN,I,M088,B-Tompkins Square Park,103,2,9,10009
M088-DF0308,Activated,A,1,TRUE,FALSE,In Playground,TRUE,M088,Tompkins Square Park,M088,,M-03,M,"100,039,820",DRINKFTN,I,M088,A-Tompkins Square Park,103,2,9,10009
M088-DF0309,Activated,A,1,TRUE,FALSE,"Under Tree, In Playground",TRUE,M088,Tompkins Square Park,M088,,M-03,M,"100,039,844",DRINKFTN,I,M088,A-Tompkins Square Park,103,2,9,10009
M088-DF0310,Activated,B,1,TRUE,FALSE,"Near Ballfield, Just Outside Playground",TRUE,M088,Tompkins Square Park,M088,,M-03,M,"100,039,870",DRINKFTN,I,M088,B-Tompkins Square Park,103,2,9,10009
M088-DF0311,Activated,Other,1,TRUE,FALSE,Under Tree spigot on fire hydrant,TRUE,M088,Tompkins Square Park,M088,,M-03,M,"100,039,817",DRINKFTN,I,M088,Other-Tompkins Square Park,103,2,9,10009
M088-DF0312,Activated,A,1,TRUE,FALSE,"Just Outside Playground, Near Ballfield",TRUE,M088,Tompkins Square Park,M088,,M-03,M,"100,039,840",DRINKFTN,I,M088,A-Tompkins Square Park,103,2,9,10009
M088-DF0313,Activated,A,1,TRUE,FALSE,"Under Tree, Near Ballfield, Just Outside Playground",TRUE,M088,Tompkins Square Park,M088,,M-03,M,"100,039,860",DRINKFTN,I,M088,A-Tompkins Square Park,103,2,9,10009
M088-DF0314,Activated,Monument,1,FALSE,FALSE,"In Shade, Near Ballfield, Just Outside Playground",TRUE,M088,Tompkins Square Park,M088,,M-03,M,"100,039,866",DRINKFTN,I,M088,Monument-Tompkins Square Park,103,2,9,10009
M089-DF0097,Activated,B,1,TRUE,FALSE,"Under Tree, Just Outside Playground",TRUE,M089,Union Square Park,M089,,M-05,M,"100,039,449",DRINKFTN,I,M089,B-Union Square Park,105,2,13,10003
M089-DF0098,Activated,CS Metal,2,FALSE,FALSE,"In Playground, Under Tree",TRUE,M089,Union Square Park,M089-01,Evelyn's Playground,M-05,M,"100,039,440",DRINKFTN,I,M089-01,CS Metal-Union Square Park-Evelyn's Playground,105,2,13,10003
M089-DF0099,Activated,B,1,FALSE,FALSE,"Under Tree, Just Outside Playground",TRUE,M089,Union Square Park,M089,,M-05,M,"100,039,420",DRINKFTN,I,M089,B-Union Square Park,105,2,13,10003
M089-DF0100,Activated,E and Dog,2,FALSE,FALSE,Out in Open,TRUE,M089,Union Square Park,M089,,M-05,M,"100,039,462",DRINKFTN,I,M089,E and Dog-Union Square Park,105,2,13,10003
M089-DF0101,Activated,B,1,TRUE,FALSE,"Under Tree, In Shade",TRUE,M089,Union Square Park,M089,,M-05,M,"100,039,488",DRINKFTN,I,M089,B-Union Square Park,105,2,13,10003
M089-DF0981,Activated,Indoor Drinking Fountain,1,,FALSE,Indoor,FALSE,M089,Union Square Park,M089,,M-05,M,"100,043,202",DRINKFTN,I,M089-BLG0653,Indoor Drinking Fountain-Union Square Park-Pavillion,105,2,13,10003
M098-DF0096,Activated,E,1,TRUE,FALSE,Out in Open,TRUE,M098,Washington Square Park,M098-ZN01,Washington Square Park Western Half,M-02,M,"100,039,468",DRINKFTN,I,M098-ZN01,E-Washington Square Park-Washington Square Park Western Half,102,1,6,10011
M098-DF0105,Activated,E and Dog,2,TRUE,FALSE,Under Tree,TRUE,M098,Washington Square Park,M098-ZN02,Washington Square Park Eastern Half,M-02,M,"100,039,423",DRINKFTN,I,M098-ZN02,E and Dog-Washington Square Park-Washington Square Park Eastern Half,102,1,6,10011
M098-DF0106,Activated,E,1,TRUE,FALSE,Under Tree,TRUE,M098,Washington Square Park,M098-ZN02,Washington Square Park Eastern Half,M-02,M,"100,039,466",DRINKFTN,I,M098-ZN02,E-Washington Square Park-Washington Square Park Eastern Half,102,1,6,10011
M098-DF0107,Activated,E High Low,2,TRUE,FALSE,In Playground,TRUE,M098,Washington Square Park,M098-01,Washington Square Park,M-02,M,"100,039,396",DRINKFTN,I,M098-01,E High Low-Washington Square Park-Washington Square Park,102,1,6,10011
M098-DF0108,Activated,E,1,TRUE,FALSE,Out in Open,TRUE,M098,Washington Square Park,M098-ZN01,Washington Square Park Western Half,M-02,M,"100,039,441",DRINKFTN,I,M098-ZN01,E-Washington Square Park-Washington Square Park Western Half,102,1,6,10011
M098-DF0109,Activated,E and Dog,2,TRUE,FALSE,Out in Open,TRUE,M098,Washington Square Park,M098-ZN01,Washington Square Park Western Half,M-02,M,"100,039,472",DRINKFTN,I,M098-ZN01,E and Dog-Washington Square Park-Washington Square Park Western Half,102,1,6,10011
M098-DF0248,Activated,E,1,TRUE,FALSE,Out in Open,TRUE,M098,Washington Square Park,M098-ZN02,Washington Square Park Eastern Half,M-02,M,"100,039,725",DRINKFTN,I,M098-ZN02,E-Washington Square Park-Washington Square Park Eastern Half,102,1,6,10011
M098-DF0606,Activated,E,1,TRUE,FALSE,"Under Tree, Just Outside Playground",TRUE,M098,Washington Square Park,M098-ZN01,Washington Square Park Western Half,M-02,M,"100,040,332",DRINKFTN,I,M098-ZN01,E-Washington Square Park-Washington Square Park Western Half,102,1,6,10011
M098-DF0607,Activated,E,1,TRUE,FALSE,In Playground,TRUE,M098,Washington Square Park,M098-ZN01,Washington Square Park Western Half,M-02,M,"100,040,361",DRINKFTN,I,M098-ZN01,E-Washington Square Park-Washington Square Park Western Half,102,1,6,10011
M098-DF0608,Activated,E,1,TRUE,FALSE,"In Shade, Under Tree",TRUE,M098,Washington Square Park,M098-ZN02,Washington Square Park Eastern Half,M-02,M,"100,040,383",DRINKFTN,I,M098-ZN02,E-Washington Square Park-Washington Square Park Eastern Half,102,1,6,10011
M098-DF0609,Activated,E,1,TRUE,FALSE,"Under Tree, Just Outside Playground",TRUE,M098,Washington Square Park,M098-ZN01,Washington Square Park Western Half,M-02,M,"100,040,327",DRINKFTN,I,M098-ZN01,E-Washington Square Park-Washington Square Park Western Half,102,1,6,10011
M098-DF0681,Activated,E,1,,FALSE,Under_Tree,TRUE,M098,Washington Square Park,M098-ZN02,Washington Square Park Eastern Half,M-02,M,"100,043,222",DRINKFTN,I,M098-ZN02,E-Washington Square Park-Washington Square Park Eastern Half,102,1,6,10011
M098-DF0982,Activated,Indoor Drinking Fountain,1,,FALSE,Indoor,TRUE,M098,Washington Square Park,M098-ZN01,Washington Square Park Western Half,M-02,M,"100,043,220",DRINKFTN,I,M098-ZN01,Indoor Drinking Fountain-Washington Square Park-Western Half,102,1,6,10011
M099-DF0228,Activated,E,1,TRUE,FALSE,In Playground,TRUE,M099,J. Hood Wright Park,M099-01,J Hood Wright Park Playground,M-12,M,"100,039,706",DRINKFTN,I,M099-01,E-J. Hood Wright Park-J Hood Wright Park Playground,112,10,33,10033
M099-DF0229,Activated,Bottle Filler High Low,3,TRUE,FALSE,Near Ballfield,TRUE,M099,J. Hood Wright Park,M099,,M-12,M,"100,039,737",DRINKFTN,I,M099,Bottle Filler High Low-J. Hood Wright Park,112,10,33,10033
M099-DF0231,Activated,E,1,TRUE,TRUE,,TRUE,M099,J. Hood Wright Park,M099,,M-12,M,"100,039,693",DRINKFTN,I,M099,E-J. Hood Wright Park,112,10,33,10033
M099-DF0983,Activated,Indoor Drinking Fountain,1,,FALSE,Indoor,FALSE,M099,J. Hood Wright Park,M099,,M-12,M,"100,043,216",DRINKFTN,I,M099-BLG1468,Indoor Drinking Fountain-J. Hood Wright Park-Recreation Center,112,10,33,10033
M099-DF0984,Activated,Indoor Drinking Fountain,1,,FALSE,Indoor,FALSE,M099,J. Hood Wright Park,M099,,M-12,M,"100,043,225",DRINKFTN,I,M099-BLG1468,Indoor Fountain-J. Hood Wright Park-Recreation Center,112,10,33,10033
M099-DF0985,Activated,Food Prep Sink,1,,FALSE,Indoor,FALSE,M099,J. Hood Wright Park,M099,,M-12,M,"100,043,203",DRINKFTN,I,M099-BLG1468,Food Prep Sink-J. Hood Wright Park-J. Hood Wright Recreation Center,112,10,33,10033
M103-DF0986,Activated,Indoor Drinking Fountain,1,,FALSE,Indoor,FALSE,M103,Tony Dapolito Recreation Center,M103,,M-02,M,"100,043,234",DRINKFTN,I,M103-BLG0644,Indoor Drinking Fountain-Tony Dapolito Recreation Center,102,3,6,10014
M103-DF0987,Activated,Indoor Drinking Fountain,1,,FALSE,Indoor,FALSE,M103,Tony Dapolito Recreation Center,M103,,M-02,M,"100,043,214",DRINKFTN,I,M103-BLG0644,Indoor Drinking Fountain-Tony Dapolito Recreation Center,102,3,6,10014
M103-DF0988,Activated,Indoor Drinking Fountain,1,,FALSE,Indoor,FALSE,M103,Tony Dapolito Recreation Center,M103,,M-02,M,"100,043,192",DRINKFTN,I,M103-BLG0644,Indoor Drinking Fountain-Tony Dapolito Recreation Center,102,3,6,10014
M103-DF0989,Activated,Indoor Drinking Fountain,1,,FALSE,Indoor,FALSE,M103,Tony Dapolito Recreation Center,M103,,M-02,M,"100,043,229",DRINKFTN,I,M103-BLG0644,Indoor Drinking Fountain-Tony Dapolito Recreation Center,102,3,6,10014
M103-DF0990,Activated,Indoor Drinking Fountain,1,,FALSE,Indoor,FALSE,M103,Tony Dapolito Recreation Center,M103,,M-02,M,"100,043,206",DRINKFTN,I,M103-BLG0644,Indoor Drinking Fountain-Tony Dapolito Recreation Center,102,3,6,10014
M104-DF0001,Activated,Pedestal,1,,FALSE,"Out in Open, Near Ballfield",TRUE,M104,Randall's Island Park,M104-ZN02,Sunken Meadow,M-11R,M,"100,037,393",DRINKFTN,I,M104-ZN02,Pedestal-Randall's Island Park-Sunken Meadow,111,8,25,10035
M104-DF0003,Activated,Pedestal,1,,FALSE,"Out in Open, Near Ballfield",TRUE,M104,Randall's Island Park,M104-ZN02,Sunken Meadow,M-11R,M,"100,037,397",DRINKFTN,I,M104-ZN02,Pedestal-Randall's Island Park-Sunken Meadow,111,8,25,10035
M104-DF0146,Activated,E High Low,2,FALSE,FALSE,Near Ballfield,TRUE,M104,Randall's Island Park,M104-ZN03,Stadium Area,M-11R,M,"100,039,533",DRINKFTN,I,M104-ZN03,E High Low-Randall's Island Park-Stadium Area,111,8,25,10035
M104-DF0147,Activated,E High Low,2,FALSE,FALSE,Out in Open,TRUE,M104,Randall's Island Park,M104,,M-11R,M,"100,039,560",DRINKFTN,I,M104-ZN03,E High Low-Randall's Island Park-Zone 3,111,8,25,10035
M104-DF0158,Activated,Pedestal,1,FALSE,FALSE,Near Ballfield,TRUE,M104,Randall's Island Park,M104-ZN04,Central Spine,M-11R,M,"100,039,530",DRINKFTN,I,M104-ZN04,Pedestal-Randall's Island Park-Central Spine,111,8,25,10035
M104-DF0159,Activated,Bottle Filler High Low,3,FALSE,FALSE,Out in Open,TRUE,M104,Randall's Island Park,M104-ZN02,Sunken Meadow,M-11R,M,"100,039,557",DRINKFTN,I,M104-ZN02,Bottle Filler High Low-Randall's Island Park-Sunken Meadow,111,8,25,10035
M104-DF0160,Activated,Pedestal,1,FALSE,FALSE,"Out in Open, Near Ballfield",TRUE,M104,Randall's Island Park,M104-ZN02,Sunken Meadow,M-11R,M,"100,039,580",DRINKFTN,I,M104-ZN02,Pedestal-Randall's Island Park-Sunken Meadow,111,8,25,10035
M104-DF0161,Activated,Pedestal,1,FALSE,FALSE,"Near Ballfield, Out in Open",TRUE,M104,Randall's Island Park,M104-ZN02,Sunken Meadow,M-11R,M,"100,039,507",DRINKFTN,I,M104-ZN02,Pedestal-Randall's Island Park-Sunken Meadow,111,8,25,10035
M104-DF0162,Activated,CS Metal,1,FALSE,FALSE,Out in Open,FALSE,M104,Randall's Island Park,M104,,M-11R,M,"100,039,553",DRINKFTN,I,M104-BLG6324,CS Metal-Randall's Island Park-Sportime Tennis Center Comfort Station,111,8,25,10035
M104-DF0163,Activated,Pedestal,1,FALSE,FALSE,"Out in Open, Near Ballfield",TRUE,M104,Randall's Island Park,M104-ZN02,Sunken Meadow,M-11R,M,"100,039,576",DRINKFTN,I,M104-ZN02,Pedestal-Randall's Island Park-Sunken Meadow,111,8,25,10035
M104-DF0164,Activated,Pedestal,1,FALSE,FALSE,"Out in Open, Near Ballfield",TRUE,M104,Randall's Island Park,M104-ZN02,Sunken Meadow,M-11R,M,"100,039,517",DRINKFTN,I,M104-ZN02,Pedestal-Randall's Island Park-Sunken Meadow,111,8,25,10035
M104-DF0165,Activated,Pedestal,1,FALSE,FALSE,Near Ballfield,TRUE,M104,Randall's Island Park,M104,,M-11R,M,"100,039,503",DRINKFTN,I,M104,Pedestal-Randall's Island Park,111,8,25,10035
M104-DF0166,Activated,Pedestal,1,FALSE,FALSE,"Out in Open, Near Ballfield",TRUE,M104,Randall's Island Park,M104-ZN02,Sunken Meadow,M-11R,M,"100,039,504",DRINKFTN,I,M104-ZN02,Pedestal-Randall's Island Park-Sunken Meadow,111,8,25,10035
M104-DF0167,Activated,Pedestal,1,FALSE,FALSE,Near Ballfield,TRUE,M104,Randall's Island Park,M104-ZN02,Sunken Meadow,M-11R,M,"100,039,528",DRINKFTN,I,M104-ZN02,Pedestal-Randall's Island Park-Sunken Meadow,111,8,25,10035
M104-DF0168,Activated,Pedestal,1,FALSE,FALSE,"Near Ballfield, Out in Open",TRUE,M104,Randall's Island Park,M104-ZN01,Bronx Shore,M-11R,M,"100,039,555",DRINKFTN,I,M104-ZN01,Pedestal-Randall's Island Park-Bronx Shore,111,8,25,10035
M104-DF0169,Activated,Pedestal,1,FALSE,FALSE,Out in Open,TRUE,M104,Randall's Island Park,M104-ZN01,Bronx Shore,M-11R,M,"100,039,577",DRINKFTN,I,M104-ZN01,Pedestal-Randall's Island Park-Bronx Shore,111,8,25,10035
M104-DF0929,Activated,Indoor Drinking Fountain,1,,FALSE,Indoor,FALSE,M104,Randall's Island Park,M104,,M-11R,M,"100,043,201",DRINKFTN,I,M104-ZN01-BLG1561,Indoor Drinking Fountain-Randall's Island Park-5 Boro,111,8,25,10035
M256-DF0064,Activated,C,1,FALSE,FALSE,In Playground,TRUE,M256,MacArthur Playground,M256,,M-06,M,"100,039,308",DRINKFTN,I,M256,C-MacArthur Playground,106,4,17,10017
M104-DF0932,Activated,Bottle Filler Fountain,2,,FALSE,Indoor,FALSE,M104,Randall's Island Park,M104,,M-11R,M,"100,043,211",DRINKFTN,I,M104-ZN04-BLG15901,Bottle Filler Fountain-Randall's Island Park-Icahn Stadium,111,8,25,10035
M104-DF1087,Activated,Indoor Drinking Fountain,1,,FALSE,Indoor,FALSE,M104,Randall's Island Park,M104,,M-11R,M,"100,043,190",DRINKFTN,I,M104-ZN04-BLG15901,Indoor Drinking Fountain-Randall's Island Park-Icahn Stadium,111,8,25,10035
M104-DF1088,Activated,Food Prep Sink,1,,FALSE,Indoor,FALSE,M104,Randall's Island Park,M104,,M-11R,M,"100,043,226",DRINKFTN,I,M104-ZN04-BLG15901,Food Prep Sink-Randall's Island Park-Icahn Stadium,111,8,25,10035
M104-DF1089,Activated,Bottle Filler Fountain,2,,FALSE,Indoor,FALSE,M104,Randall's Island Park,M104,,M-11R,M,"100,043,198",DRINKFTN,I,M104-ZN04-BLG15901,Bottle Filler Fountain-Randall's Island Park-Icahn Stadium,111,8,25,10035
M104-DF1091,Activated,Water Cooler,1,,FALSE,Indoor,FALSE,M104,Randall's Island Park,M104,,M-11R,M,"100,043,187",DRINKFTN,I,M104-ZN04-BLG15901,Water Cooler-Randall's Island Park-Icahn Stadium,111,8,25,10035
M104-DF1092,Activated,Bottle Filler Fountain,2,,FALSE,Indoor,FALSE,M104,Randall's Island Park,M104,,M-11R,M,"100,043,217",DRINKFTN,I,M104-ZN04-BLG15901,Bottle Filler Fountain-Randall's Island Park-Icahn Stadium,111,8,25,10035
M104-DF1093,Activated,Food Prep Sink,1,,FALSE,Indoor,FALSE,M104,Randall's Island Park,M104,,M-11R,M,"100,043,189",DRINKFTN,I,M104-ZN01-BLG1561,Food Prep Sink-Randall's Island Park-5 Boro,111,8,25,10035
M104-DF1094,Activated,Indoor Drinking Fountain,1,,FALSE,Indoor,FALSE,M104,Randall's Island Park,M104,,M-11R,M,"100,043,207",DRINKFTN,I,M104-ZN01-BLG1561,Indoor Drinking Fountain-Randall's Island Park-5 Boro,111,8,25,10035
M104-DF1095,Activated,Indoor Drinking Fountain,1,,FALSE,Indoor,FALSE,M104,Randall's Island Park,M104,,M-11R,M,"100,043,219",DRINKFTN,I,M104-ZN01-BLG1561,Indoor Drinking Fountain-Randall's Island Park-5 Boro,111,8,25,10035
M104-DF1096,Activated,Bottle Filler Fountain,2,,FALSE,Indoor,FALSE,M104,Randall's Island Park,M104,,M-11R,M,"100,043,208",DRINKFTN,I,M104-ZN01-BLG1561,Bottle Filler Fountain-Randall's Island Park-5 Boro,111,8,25,10035
M104-DF1097,Activated,Water Cooler,1,,FALSE,Indoor,FALSE,M104,Randall's Island Park,M104,,M-11R,M,"100,043,188",DRINKFTN,I,M104-ZN01-BLG1561,Water Cooler-Randall's Island Park-5 Boro,111,8,25,10035
M104-DF1098,Activated,Water Cooler,1,,FALSE,Indoor,FALSE,M104,Randall's Island Park,M104,,M-11R,M,"100,043,218",DRINKFTN,I,M104-ZN01-BLG1561,Water Cooler-Randall's Island Park-5 Boro,111,8,25,10035
M104-DF1099,Activated,Slop Sink,1,,FALSE,Indoor,FALSE,M104,Randall's Island Park,M104,,M-11R,M,"100,043,228",DRINKFTN,I,M104-ZN01-BLG1561,Slop Sink-Randall's Island Park-5 Boro,111,8,25,10035
M104-DF1100,Activated,Water Cooler,1,,FALSE,Indoor,FALSE,M104,Randall's Island Park,M104,,M-11R,M,"100,043,227",DRINKFTN,I,M104-ZN01-BLG1561,Water Cooler-Randall's Island Park-5 Boro,111,8,25,10035
M104-DF1101,Activated,Food Prep Sink,1,,FALSE,Indoor,FALSE,M104,Randall's Island Park,M104,,M-11R,M,"100,043,200",DRINKFTN,I,M104-ZN01-BLG1561,Food Prep Sink-Randall's Island Park-5 Boro,111,8,25,10035
M105-DF0006,Activated,F,1,,FALSE,In Playground,TRUE,M105,Sara D. Roosevelt Park,M105-08,Hester St Plgd,M-03,M,"100,037,400",DRINKFTN,I,M105-08,F-Sara D. Roosevelt Park-Hester St Plgd,103,1,5,10002
M105-DF0007,Activated,Bottle Filler High Low,3,,FALSE,"Near Ballfield, Just Outside Playground",TRUE,M105,Sara D. Roosevelt Park,M105,,M-03,M,"100,037,401",DRINKFTN,I,M105,Bottle Filler High Low-Sara D. Roosevelt Park,103,1,5,10002
M105-DF0010,Activated,A,1,,TRUE,"Under Tree, Near Ballfield, Just Outside Playground",TRUE,M105,Sara D. Roosevelt Park,M105-01,Houston St Plgd,M-03,M,"100,037,402",DRINKFTN,I,M105-01,A-Sara D. Roosevelt Park-Houston St Plgd,103,1,5,10002
M105-DF0215,Activated,E,1,TRUE,TRUE,"Under Tree, Near Ballfield",TRUE,M105,Sara D. Roosevelt Park,M105,,M-03,M,"100,039,619",DRINKFTN,I,M105,E-Sara D. Roosevelt Park,103,1,5,10002
M105-DF0216,Activated,F,1,TRUE,TRUE,"Under Tree, Just Outside Playground, Near Ballfield",TRUE,M105,Sara D. Roosevelt Park,M105-08,Hester St Plgd,M-03,M,"100,039,634",DRINKFTN,I,M105-08,F-Sara D. Roosevelt Park-Hester St Plgd,103,1,5,10002
M105-DF0217,Activated,C,1,FALSE,FALSE,"Under Tree, Near Ballfield",TRUE,M105,Sara D. Roosevelt Park,M105,,M-03,M,"100,039,707",DRINKFTN,I,M105,C-Sara D. Roosevelt Park,103,1,5,10002
M105-DF0218,Activated,C,1,FALSE,TRUE,Under Tree,TRUE,M105,Sara D. Roosevelt Park,M105,,M-03,M,"100,039,721",DRINKFTN,I,M105,C-Sara D. Roosevelt Park,103,1,5,10002
M105-DF0219,Activated,D,1,FALSE,FALSE,"Under Tree, Just Outside Playground, Near Ballfield",TRUE,M105,Sara D. Roosevelt Park,M105,,M-03,M,"100,039,733",DRINKFTN,I,M105,D-Sara D. Roosevelt Park,103,1,5,10002
M105-DF0682,Activated,E,1,,FALSE,Near_Ballfield,TRUE,M105,Sara D. Roosevelt Park,M105,,M-03,M,"100,043,223",DRINKFTN,I,M105,E-Sara D. Roosevelt Park,103,1,5,10002
M105-DF0991,Activated,Indoor Drinking Fountain,1,,FALSE,Indoor,FALSE,M105,Sara D. Roosevelt Park,M105,,M-03,M,"100,043,185",DRINKFTN,I,M105-BLG1527,Indoor Drinking Fountain-Sara D. Roosevelt Park-SDR D ADMIN BLGD,103,1,5,10002
M105-DF0992,Activated,Indoor Drinking Fountain,1,,FALSE,Indoor,FALSE,M105,Sara D. Roosevelt Park,M105,,M-03,M,"100,043,205",DRINKFTN,I,M105-BLG1527,Indoor Drinking Fountain-Sara D. Roosevelt Park-SDR D ADMIN BLGD,103,1,5,10002
M105-DF0993,Activated,Indoor Drinking Fountain,1,,FALSE,Indoor,FALSE,M105,Sara D. Roosevelt Park,M105,,M-03,M,"100,043,186",DRINKFTN,I,M105-BLG1528,Indoor Drinking Fountain-Sara D. Roosevelt Park-SDR STOREHOUSE,103,1,5,10002
M105-DF0994,Activated,Water Cooler,1,,FALSE,Indoor,FALSE,M105,Sara D. Roosevelt Park,M105,,M-03,M,"100,043,215",DRINKFTN,I,M105-BLG1528,Water Cooler-Sara D. Roosevelt Park-SDR STOREHOUSE,103,1,5,10002
M105-DF0995,Activated,Indoor Drinking Fountain,1,,FALSE,Indoor,FALSE,M105,Sara D. Roosevelt Park,M105,,M-03,M,"100,043,195",DRINKFTN,I,M105-BLG1529,Indoor Drinking Fountain-Sara D. Roosevelt Park-Community Center,103,1,5,10002
M105-DF0996,Activated,Indoor Drinking Fountain,1,,FALSE,Indoor,FALSE,M105,Sara D. Roosevelt Park,M105,,M-03,M,"100,043,231",DRINKFTN,I,M105-BLG1529,Indoor Drinking Fountain-Sara D. Roosevelt Park-Community Center,103,1,5,10002
M105-DF0997,Activated,Food Prep Sink,1,,FALSE,Indoor,FALSE,M105,Sara D. Roosevelt Park,M105,,M-03,M,"100,043,210",DRINKFTN,I,M105-BLG1529,Food Prep Sink-Sara D. Roosevelt Park-Community Center,103,1,5,10002
M105-DF0998,Activated,Indoor Drinking Fountain,1,,FALSE,Indoor,FALSE,M105,Sara D. Roosevelt Park,M105,,M-03,M,"100,043,224",DRINKFTN,I,M105-BLG1529,Indoor Drinking Fountain-Sara D. Roosevelt Park-Community Center,103,1,5,10002
M105-DF0999,Activated,Indoor Drinking Fountain,1,,FALSE,Indoor,FALSE,M105,Sara D. Roosevelt Park,M105,,M-03,M,"100,043,212",DRINKFTN,I,M105-BLG1530,Indoor Drinking Fountain-Sara D. Roosevelt Park-CENTRAL COMMUNICATIONS,103,1,5,10002
M105-DF1085,Activated,A,1,,FALSE,In Garden,TRUE,M105,Sara D. Roosevelt Park,M105,,M-03,M,"100,043,191",DRINKFTN,I,M105,A-Sara D. Roosevelt Park,103,1,5,10002
M107-DF0148,Activated,Pedestal,1,FALSE,FALSE,Near Ballfield,TRUE,M107,Wards Island Park,M104-ZN04,Central Spine,M-11R,M,"100,039,583",DRINKFTN,I,M104-ZN04,Pedestal-Wards Island Park-Central Spine,111,8,25,10035
M107-DF0149,Activated,Pedestal,1,,FALSE,Near Ballfield,TRUE,M107,Wards Island Park,M107-ZN06,Wards Meadow,M-11R,M,"100,039,511",DRINKFTN,I,M107-ZN06,Pedestal-Wards Island Park-Wards Meadow,111,8,25,10035
M107-DF0150,Activated,Pedestal,1,FALSE,FALSE,Near Ballfield,TRUE,M107,Wards Island Park,M107-ZN06,Wards Meadow,M-11R,M,"100,039,534",DRINKFTN,I,M107-ZN06,Pedestal-Wards Island Park-Wards Meadow,111,8,25,10035
M107-DF0151,Activated,Pedestal,1,FALSE,TRUE,Out in Open,TRUE,M107,Wards Island Park,M107-ZN06,Wards Meadow,M-11R,M,"100,039,523",DRINKFTN,I,M107-ZN06,Pedestal-Wards Island Park-Wards Meadow,111,8,25,10035
M107-DF0152,Activated,Bottle Filler Fountain,2,FALSE,FALSE,Out in Open,TRUE,M107,Wards Island Park,M107-ZN06,Wards Meadow,M-11R,M,"100,039,508",DRINKFTN,I,M107-ZN06,Bottle Filler Fountain-Wards Island Park-Wards Meadow,111,8,25,10035
M107-DF0153,Activated,C,1,FALSE,FALSE,In Playground,TRUE,M107,Wards Island Park,M107-ZN08,Hell Gate,M-11R,M,"100,039,532",DRINKFTN,I,M107-ZN08,C-Wards Island Park-Hell Gate,111,8,25,10035
M107-DF0154,Activated,Pedestal,1,FALSE,TRUE,Near Ballfield,TRUE,M107,Wards Island Park,M107-ZN05,Wards Waterfront,M-11R,M,"100,039,529",DRINKFTN,I,M107-ZN05,Pedestal-Wards Island Park-Wards Waterfront,111,8,25,10035
M107-DF0155,Activated,Pedestal High Low and Dog,3,FALSE,TRUE,"Under Tree, Out in Open",TRUE,M107,Wards Island Park,M107-ZN07,East River Fields,M-11R,M,"100,039,556",DRINKFTN,I,M107-ZN07,Pedestal High Low and Dog-Wards Island Park-East River Fields,111,8,25,10035
M107-DF0156,Activated,E,1,FALSE,FALSE,Out in Open,TRUE,M107,Wards Island Park,M107-ZN05,Wards Waterfront,M-11R,M,"100,039,524",DRINKFTN,I,M107-ZN05,E-Wards Island Park-Wards Waterfront,111,8,25,10035
M107-DF0157,Activated,B,1,FALSE,FALSE,Out in Open,TRUE,M107,Wards Island Park,M107-ZN05,Wards Waterfront,M-11R,M,"100,039,506",DRINKFTN,I,M107-ZN05,B-Wards Island Park-Wards Waterfront,111,8,25,10035
M107-DF0935,Activated,Water Cooler,1,,FALSE,Indoor,FALSE,M107,Wards Island Park,M104-ZN04,Central Spine,M-11R,M,"100,043,755",DRINKFTN,I,M107-BLG7163,Water Cooler-Wards Island Park-,111,8,25,10035
M107-DF1086,Activated,Water Cooler,1,,FALSE,Indoor,FALSE,M107,Wards Island Park,M104-ZN04,Central Spine,M-11R,M,"100,043,758",DRINKFTN,I,M107-BLG7163,Water Cooler-Wards Island Park-,111,8,25,10035
M108G-DF0872,Activated,E High Low,2,,TRUE,,TRUE,M108G,Playground 103 CIII,M108G,,M-15,M,"100,042,335",DRINKFTN,I,M108G,E High Low-Playground 103 CIII,111,8,23,10029
M108G-DF0873,Activated,Bottle Filler High Low,3,,FALSE,,TRUE,M108G,Playground 103 CIII,M108G,,M-15,M,"100,043,204",DRINKFTN,I,M108G,Bottle Filler High Low-Playground 103 CIII,111,8,23,10029
M108N-DF0066,Broken,B,1,FALSE,FALSE,Out in Open,TRUE,M108N,Peter Detmold Park,M108N,,M-06,M,"100,039,296",DRINKFTN,I,M108N,B-Peter Detmold Park,106,4,17,10022
M108P-DF0065,Activated,E,1,TRUE,FALSE,Under Tree,TRUE,M108P,Sutton Parks,M108P,,M-06,M,"100,039,360",DRINKFTN,I,M108P,E-Sutton Parks,106,4,17,10022
M108Q1-DF0637,Activated,F,1,TRUE,FALSE,Out in Open,TRUE,M108Q1,Andrew Haswell Green Park,M108T-ZN05,East River Esplanade Zone 5,M-15,M,"100,040,442",DRINKFTN,I,M108T-ZN05,F-Andrew Haswell Green Park-East River Esplanade Zone 5,108,5,19,10065
M108Q1-DF0638,Activated,F and Dog,2,TRUE,FALSE,In Shade,TRUE,M108Q1,Andrew Haswell Green Park,M108T-ZN05,East River Esplanade Zone 5,M-15,M,"100,040,472",DRINKFTN,I,M108T-ZN05,F and Dog-Andrew Haswell Green Park-East River Esplanade Zone 5,108,5,19,10065
M108Q1-DF0639,Activated,F,1,TRUE,FALSE,In Shade,TRUE,M108Q1,Andrew Haswell Green Park,M108T-ZN05,East River Esplanade Zone 5,M-15,M,"100,040,390",DRINKFTN,I,M108T-ZN05,F-Andrew Haswell Green Park-East River Esplanade Zone 5,108,5,19,10065
M108Q-DF0264,UnderConstruction,D,1,TRUE,FALSE,Out in Open,TRUE,M108Q,Twenty-Four Sycamores Park,M108Q,,M-08,M,"100,039,747",DRINKFTN,I,M108Q,D-Twenty-Four Sycamores Park,108,5,19,10065
M108Q-DF0265,UnderConstruction,A,1,TRUE,FALSE,Under Tree,TRUE,M108Q,Twenty-Four Sycamores Park,M108Q,,M-08,M,"100,039,754",DRINKFTN,I,M108Q,A-Twenty-Four Sycamores Park,108,5,19,10065
M108Q-DF0636,UnderConstruction,CS Concrete,1,TRUE,FALSE,"In Shade, In Playground",TRUE,M108Q,Twenty-Four Sycamores Park,M108Q,,M-08,M,"100,040,400",DRINKFTN,I,M108Q,CS Concrete-Twenty-Four Sycamores Park,108,5,19,10065
M108T-DF0640,Activated,Bottle Filler High Low,3,FALSE,TRUE,In Shade,TRUE,M108T,East River Walk,M108T-ZN05,East River Esplanade Zone 5,M-15,M,"100,040,414",DRINKFTN,I,M108T-ZN05,Bottle Filler High Low-East River Walk-East River Esplanade Zone 5,108,5,19,10021
M110-DF0543,Activated,A,1,TRUE,FALSE,"Under Tree, In Shade, Near Ballfield, In Playground",TRUE,M110,William McCray Playground,M110,,M-10,M,"100,040,124",DRINKFTN,I,M110,A-William McCray Playground,110,9,32,10037
M111-DF0507,Activated,Bottle Filler,1,TRUE,FALSE,"Near Ballfield, Just Outside Playground",TRUE,M111,James Weldon Johnson Playground,M111,,M-11,M,"100,040,112",DRINKFTN,I,M111,Bottle Filler-James Weldon Johnson Playground,111,8,23,10029
M111-DF0508,NotYetActivated,F High Low,2,TRUE,FALSE,"Near Ballfield, Just Outside Playground",TRUE,M111,James Weldon Johnson Playground,M111,,M-11,M,"100,040,140",DRINKFTN,I,M111,F High Low-James Weldon Johnson Playground,111,8,23,10029
M111-DF0509,Activated,F High Low,2,TRUE,FALSE,"Under Tree, Near Ballfield, In Playground",TRUE,M111,James Weldon Johnson Playground,M111,,M-11,M,"100,040,164",DRINKFTN,I,M111,F High Low-James Weldon Johnson Playground,111,8,23,10029
M111-DF0510,Activated,F High Low,2,TRUE,FALSE,"Under Tree, In Playground, Near Ballfield",TRUE,M111,James Weldon Johnson Playground,M111,,M-11,M,"100,040,089",DRINKFTN,I,M111,F High Low-James Weldon Johnson Playground,111,8,23,10029
M113-DF0315,UnderConstruction,A,1,TRUE,FALSE,"In Shade, In Playground",TRUE,M113,Joseph C. Sauer Park,M113,,M-03,M,"100,039,867",DRINKFTN,I,M113,A-Joseph C. Sauer Park,103,2,9,10009
M113-DF0316,UnderConstruction,A,1,FALSE,FALSE,"Under Tree, In Shade, In Playground",TRUE,M113,Joseph C. Sauer Park,M113,,M-03,M,"100,039,789",DRINKFTN,I,M113,A-Joseph C. Sauer Park,103,2,9,10009
M116-DF0318,Broken,D,1,TRUE,FALSE,"Under Tree, In Playground, Near Ballfield",TRUE,M116,ABC Playground,M116,,M-03,M,"100,039,842",DRINKFTN,I,M116,D-ABC Playground,103,1,7,10002
M120A-DF0614,Broken,A,1,TRUE,FALSE,"Near Ballfield, In Shade, Under Tree",TRUE,M120A,William F. Passannante Ballfield,M120A,,M-02,M,"100,040,328",DRINKFTN,I,M120A,A-William F. Passannante Ballfield,102,3,6,10012
M120B-DF0615,Activated,A,1,TRUE,TRUE,"Under Tree, In Playground",TRUE,M120B,Playground of the Americas,M120B,,M-02,M,"100,040,330",DRINKFTN,I,M120B,A-Playground of the Americas,102,3,1,10014
M124-DF0220,Activated,C,1,FALSE,FALSE,"Under Tree, Near Ballfield, Just Outside Playground",TRUE,M124,First Park,M124,,M-03,M,"100,039,720",DRINKFTN,I,M124,C-First Park,103,2,9,10003
M124-DF0221,Activated,C,1,FALSE,FALSE,"Under Tree, In Playground",TRUE,M124,First Park,M124,,M-03,M,"100,039,701",DRINKFTN,I,M124,C-First Park,103,2,9,10003
M125B-DF0211,Activated,C,1,FALSE,FALSE,Under Tree,TRUE,M125B,Minetta Playground,M125B,,M-02,M,"100,039,655",DRINKFTN,I,M125B,C-Minetta Playground,102,1,6,10012
M125C-DF0210,Activated,A,1,TRUE,FALSE,Under Tree,TRUE,M125C,West 4th Street Courts,M125C,,M-02,M,"100,039,630",DRINKFTN,I,M125C,A-West 4th Street Courts,102,1,6,10012
M130-DF1000,Activated,Indoor Drinking Fountain,1,,FALSE,Indoor,FALSE,M130,Recreation Center 54,M130,,M-06,M,"100,043,221",DRINKFTN,I,M130-BLG0661,Indoor Drinking Fountain-Recreation Center 54,106,4,17,10022
M130-DF1001,Activated,Indoor Drinking Fountain,1,,FALSE,Indoor,FALSE,M130,Recreation Center 54,M130,,M-06,M,"100,043,213",DRINKFTN,I,M130-BLG0661,Indoor Drinking Fountain-Recreation Center 54,106,4,17,10022
M130-DF1002,Activated,Indoor Drinking Fountain,1,,FALSE,Indoor,FALSE,M130,Recreation Center 54,M130,,M-06,M,"100,043,264",DRINKFTN,I,M130-BLG0661,Indoor Drinking Fountain-Recreation Center 54,106,4,17,10022
M131-DF1003,Activated,Indoor Drinking Fountain,1,,FALSE,Indoor,FALSE,M131,Hansborough Recreation Center,M131,,M-10,M,"100,043,293",DRINKFTN,I,M131-BLG0674,Indoor Drinking Fountain-Hansborough Recreation Center,110,9,32,10037
M131-DF1004,Activated,Indoor Drinking Fountain,1,,FALSE,Indoor,FALSE,M131,Hansborough Recreation Center,M131,,M-10,M,"100,043,320",DRINKFTN,I,M131-BLG0674,Indoor Drinking Fountain-Hansborough Recreation Center,110,9,32,10037
M131-DF1005,Activated,Indoor Drinking Fountain,1,,FALSE,Indoor,FALSE,M131,Hansborough Recreation Center,M131,,M-10,M,"100,043,269",DRINKFTN,I,M131-BLG0674,Indoor Drinking Fountain-Hansborough Recreation Center,110,9,32,10037
M132-DF0289,UnderConstruction,D,1,FALSE,FALSE,"In Playground, Near Ballfield",TRUE,M132,Little Flower Playground,M132,,M-03,M,"100,039,876",DRINKFTN,I,M132,D-Little Flower Playground,103,1,7,10002
M132-DF0290,UnderConstruction,A,1,FALSE,FALSE,"Under Tree, Just Outside Playground, Near Ballfield",TRUE,M132,Little Flower Playground,M132,,M-03,M,"100,039,799",DRINKFTN,I,M132,A-Little Flower Playground,103,1,7,10002
M132-DF0291,UnderConstruction,A,1,FALSE,FALSE,"Under Tree, Just Outside Playground",TRUE,M132,Little Flower Playground,M132,,M-03,M,"100,039,845",DRINKFTN,I,M132,A-Little Flower Playground,103,1,7,10002
M138-DF0532,UnderConstruction,A,1,TRUE,FALSE,"In Playground, Near Ballfield",TRUE,M138,Bill Bojangles Robinson Playground,M138,,M-10,M,"100,040,177",DRINKFTN,I,M138,A-Bill Bojangles Robinson Playground,110,9,32,10039
M140-DF0039,Activated,Bottle Filler High Low,3,TRUE,FALSE,"In Playground, Under Tree",TRUE,M140,Recreational Area,M140-01,Ten Mile River Plgd,M-14,M,"100,039,251",DRINKFTN,I,M140-01,Bottle Filler High Low-Recreational Area-Ten Mile River Plgd,109,7,30,10032
M140-DF0040,Activated,A,1,FALSE,FALSE,Near Ballfield,TRUE,M140,Recreational Area,M072-ZN28,147 St Softball & N Waterfront Landscape,M-14,M,"100,039,278",DRINKFTN,I,M072-ZN28,A-Recreational Area-147 St Softball & N Waterfront Landscape,109,7,30,10032
M140-DF0041,Activated,A,1,FALSE,FALSE,Near Ballfield,TRUE,M140,Recreational Area,M072-ZN28,147 St Softball & N Waterfront Landscape,M-14,M,"100,039,201",DRINKFTN,I,M072-ZN28,A-Recreational Area-147 St Softball & N Waterfront Landscape,109,7,30,10032
M141-DF0526,Activated,A,1,TRUE,FALSE,"Under Tree, Near Ballfield, Just Outside Playground",TRUE,M141,Harlem Lane Playground,M141,,M-10,M,"100,040,132",DRINKFTN,I,M141,A-Harlem Lane Playground,110,9,32,10039
M141-DF0527,Activated,A,1,TRUE,FALSE,"Under Tree, Near Ballfield, Just Outside Playground",TRUE,M141,Harlem Lane Playground,M141,,M-10,M,"100,040,156",DRINKFTN,I,M141,A-Harlem Lane Playground,110,9,32,10039
M144-DF0352,Activated,E,1,TRUE,FALSE,"Under Tree, Near Ballfield",TRUE,M144,John V. Lindsay East River Park,M144-ZN01,East River Park Zone 1,M-03,M,"100,039,900",DRINKFTN,I,M144-ZN01,E-John V. Lindsay East River Park-East River Park Zone 1,103,2,7,10002
M144-DF0353,Activated,E,1,TRUE,FALSE,"Under Tree, Near Ballfield",TRUE,M144,John V. Lindsay East River Park,M144-ZN01,East River Park Zone 1,M-03,M,"100,039,923",DRINKFTN,I,M144-ZN01,E-John V. Lindsay East River Park-East River Park Zone 1,103,2,7,10002
M144-DF0354,Activated,E,1,TRUE,FALSE,Near Ballfield,TRUE,M144,John V. Lindsay East River Park,M144-ZN02,East River Park Zone 2,M-03,M,"100,039,946",DRINKFTN,I,M144-ZN02,E-John V. Lindsay East River Park-East River Park Zone 2,103,2,7,10002
M144-DF0355,Activated,E,1,TRUE,FALSE,Near Ballfield,TRUE,M144,John V. Lindsay East River Park,M144-ZN02,East River Park Zone 2,M-03,M,"100,039,955",DRINKFTN,I,M144-ZN02,E-John V. Lindsay East River Park-East River Park Zone 2,103,2,7,10002
M144-DF0356,Activated,E,1,TRUE,FALSE,Near Ballfield,TRUE,M144,John V. Lindsay East River Park,M144-ZN02,East River Park Zone 2,M-03,M,"100,039,918",DRINKFTN,I,M144-ZN02,E-John V. Lindsay East River Park-East River Park Zone 2,103,2,7,10002
M144-DF0357,Activated,E,1,TRUE,FALSE,Near Ballfield,TRUE,M144,John V. Lindsay East River Park,M144-ZN02,East River Park Zone 2,M-03,M,"100,039,908",DRINKFTN,I,M144-ZN02,E-John V. Lindsay East River Park-East River Park Zone 2,103,2,7,10002
M144-DF0358,Activated,E,1,TRUE,FALSE,"Near Ballfield, In Playground",TRUE,M144,John V. Lindsay East River Park,M144-ZN02,East River Park Zone 2,M-03,M,"100,039,942",DRINKFTN,I,M144-ZN02,E-John V. Lindsay East River Park-East River Park Zone 2,103,2,7,10002
M144-DF0359,Activated,E,1,TRUE,FALSE,"Near Ballfield, Just Outside Playground",TRUE,M144,John V. Lindsay East River Park,M144-ZN02,East River Park Zone 2,M-03,M,"100,039,965",DRINKFTN,I,M144-ZN02,E-John V. Lindsay East River Park-Zone 2,103,2,7,10002
M144-DF0360,Activated,E,1,TRUE,FALSE,Near Ballfield,TRUE,M144,John V. Lindsay East River Park,M144-ZN02,East River Park Zone 2,M-03,M,"100,039,897",DRINKFTN,I,M144-ZN02,E-John V. Lindsay East River Park-East River Park Zone 2,103,2,7,10002
M144-DF0361,Activated,E,1,TRUE,FALSE,Out in Open,TRUE,M144,John V. Lindsay East River Park,M144-ZN02,East River Park Zone 2,M-03,M,"100,039,919",DRINKFTN,I,M144-ZN02,E-John V. Lindsay East River Park-East River Park Zone 2,103,2,7,10002
M144-DF0362,Activated,E,1,TRUE,FALSE,Near Ballfield,TRUE,M144,John V. Lindsay East River Park,M144-ZN02,East River Park Zone 2,M-03,M,"100,039,921",DRINKFTN,I,M144-ZN02,E-John V. Lindsay East River Park-East River Park Zone 2,103,2,7,10002
M144-DF0363,Activated,E,1,TRUE,FALSE,Near Ballfield,TRUE,M144,John V. Lindsay East River Park,M144-ZN03,East River Park Zone 3,M-03,M,"100,039,944",DRINKFTN,I,M144-ZN03,E-John V. Lindsay East River Park-East River Park Zone 3,103,2,7,10002
M144-DF0365,Activated,E,1,TRUE,FALSE,Near Ballfield,TRUE,M144,John V. Lindsay East River Park,M144-ZN03,East River Park Zone 3,M-03,M,"100,039,937",DRINKFTN,I,M144-ZN03,E-John V. Lindsay East River Park-East River Park Zone 3,103,2,7,10002
M144-DF0366,Activated,A,1,TRUE,FALSE,Near Ballfield,TRUE,M144,John V. Lindsay East River Park,M144-ZN03,East River Park Zone 3,M-03,M,"100,039,938",DRINKFTN,I,M144-ZN03,A-John V. Lindsay East River Park-East River Park Zone 3,103,2,7,10002
M144-DF0367,Broken,A,1,TRUE,FALSE,Near Ballfield,TRUE,M144,John V. Lindsay East River Park,M144-ZN03,East River Park Zone 3,M-03,M,"100,039,940",DRINKFTN,I,M144-ZN03,A-John V. Lindsay East River Park-East River Park Zone 3,103,2,7,10002
M144-DF0368,Activated,E High Low,2,TRUE,FALSE,Near Ballfield,TRUE,M144,John V. Lindsay East River Park,M144-ZN04,East River Park Zone 4,M-03,M,"100,039,963",DRINKFTN,I,M144-ZN04,E High Low-John V. Lindsay East River Park-East River Park Zone 4,103,2,7,10002
M144-DF0369,Activated,C,1,FALSE,FALSE,"Under Tree, Near Ballfield",TRUE,M144,John V. Lindsay East River Park,M144-ZN04,East River Park Zone 4,M-03,M,"100,039,895",DRINKFTN,I,M144-ZN04,C-John V. Lindsay East River Park-East River Park Zone 4,103,2,7,10002
M144-DF0370,Activated,C,1,FALSE,FALSE,"Under Tree, Near Ballfield",TRUE,M144,John V. Lindsay East River Park,M144-ZN04,East River Park Zone 4,M-03,M,"100,039,917",DRINKFTN,I,M144-ZN04,C-John V. Lindsay East River Park-East River Park Zone 4,103,2,7,10002
M144-DF0371,Activated,E,1,TRUE,FALSE,Near Ballfield,TRUE,M144,John V. Lindsay East River Park,M144-ZN04,East River Park Zone 4,M-03,M,"100,039,941",DRINKFTN,I,M144-ZN04,E-John V. Lindsay East River Park-East River Park Zone 4,103,2,7,10002
M144-DF0372,Activated,C,1,FALSE,FALSE,Near Ballfield,TRUE,M144,John V. Lindsay East River Park,M144-ZN04,East River Park Zone 4,M-03,M,"100,039,964",DRINKFTN,I,M144-ZN04,C-John V. Lindsay East River Park-East River Park Zone 4,103,2,7,10002
M144-DF0373,Activated,E,1,TRUE,FALSE,Near Ballfield,TRUE,M144,John V. Lindsay East River Park,M144-ZN04,East River Park Zone 4,M-03,M,"100,039,896",DRINKFTN,I,M144-ZN04,E-John V. Lindsay East River Park-East River Park Zone 4,103,2,9,10002
M144-DF0374,Activated,C,1,FALSE,FALSE,Near Ballfield,TRUE,M144,John V. Lindsay East River Park,M144-ZN04,East River Park Zone 4,M-03,M,"100,039,913",DRINKFTN,I,M144-ZN04,C-John V. Lindsay East River Park-East River Park Zone 4,103,2,9,10002
M144-DF0375,Activated,E,1,TRUE,FALSE,"Near Ballfield, Just Outside Playground",TRUE,M144,John V. Lindsay East River Park,M144-ZN05,East River Park Zone 5,M-03,M,"100,039,959",DRINKFTN,I,M144-ZN05,E-John V. Lindsay East River Park-East River Park Zone 5,103,2,9,10002
M144-DF0388,Activated,E,1,TRUE,TRUE,Near Ballfield,TRUE,M144,John V. Lindsay East River Park,M144-ZN05,East River Park Zone 5,M-03,M,"100,039,935",DRINKFTN,I,M144-ZN05,E-John V. Lindsay East River Park-East River Park Zone 5,103,2,9,10002
M144-DF0389,Activated,A,1,TRUE,FALSE,"Under Tree, Near Ballfield",TRUE,M144,John V. Lindsay East River Park,M144-ZN06,East River Park Zone 6,M-03,M,"100,039,957",DRINKFTN,I,M144-ZN06,A-John V. Lindsay East River Park-East River Park Zone 6,103,2,9,10002
M144-DF0390,Activated,A,1,TRUE,FALSE,Near Ballfield,TRUE,M144,John V. Lindsay East River Park,M144-ZN06,East River Park Zone 6,M-03,M,"100,039,987",DRINKFTN,I,M144-ZN06,A-John V. Lindsay East River Park-East River Park Zone 6,103,2,9,10002
M144-DF0391,Activated,A,1,TRUE,FALSE,"Under Tree, Near Ballfield",TRUE,M144,John V. Lindsay East River Park,M144-ZN05,East River Park Zone 5,M-03,M,"100,039,911",DRINKFTN,I,M144-ZN05,A-John V. Lindsay East River Park-East River Park Zone 5,103,2,9,10002
M144-DF0392,Activated,D,1,FALSE,FALSE,"Just Outside Playground, Near Ballfield",TRUE,M144,John V. Lindsay East River Park,M144-ZN06,East River Park Zone 6,M-03,M,"100,039,936",DRINKFTN,I,M144-ZN06,D-John V. Lindsay East River Park-East River Park Zone 6,103,2,9,10002
M144-DF0393,Activated,A,1,TRUE,FALSE,Near Ballfield,TRUE,M144,John V. Lindsay East River Park,M144-ZN06,East River Park Zone 6,M-03,M,"100,039,958",DRINKFTN,I,M144-ZN06,A-John V. Lindsay East River Park-East River Park Zone 6,103,2,9,10002
M144-DF0394,Activated,E High Low,2,TRUE,FALSE,Near Ballfield,TRUE,M144,John V. Lindsay East River Park,M144-ZN06,East River Park Zone 6,M-03,M,"100,039,988",DRINKFTN,I,M144-ZN06,E High Low-John V. Lindsay East River Park-East River Park Zone 6,103,2,9,10002
M144-DF0395,Activated,A,1,TRUE,FALSE,"In Playground, Under Tree",TRUE,M144,John V. Lindsay East River Park,M144-01,East River Playground,M-03,M,"100,039,932",DRINKFTN,I,M144-01,A-John V. Lindsay East River Park-East River Playground,103,2,9,10002
M144-DF0396,Activated,E High Low,2,TRUE,FALSE,"Near Ballfield, Just Outside Playground",TRUE,M144,John V. Lindsay East River Park,M144-ZN06,East River Park Zone 6,M-03,M,"100,039,954",DRINKFTN,I,M144-ZN06,E High Low-John V. Lindsay East River Park-East River Park Zone 6,103,2,9,10002
M144-DF0397,Activated,E,1,TRUE,FALSE,Near Ballfield,TRUE,M144,John V. Lindsay East River Park,M144-ZN06,East River Park Zone 6,M-03,M,"100,039,933",DRINKFTN,I,M144-ZN06,E-John V. Lindsay East River Park-East River Park Zone 6,103,2,9,10002
M144-DF0683,Activated,Bottle Filler High Low,3,,FALSE,"Under_Tree,Near_Ballfield",TRUE,M144,John V. Lindsay East River Park,M144-ZN05,East River Park Zone 5,M-03,M,"100,043,237",DRINKFTN,I,M144-ZN05,Bottle Filler High Low-John V. Lindsay East River Park-East River Park Zone 5,103,2,9,10002
M144-DF0684,Activated,F High Low,2,,FALSE,Near_Ballfield,TRUE,M144,John V. Lindsay East River Park,M144-ZN05,East River Park Zone 5,M-03,M,"100,043,243",DRINKFTN,I,M144-ZN05,F High Low-John V. Lindsay East River Park-East River Park Zone 5,103,2,9,10002
M145-DF0270,NotYetActivated,D,1,,FALSE,,TRUE,M145,Albert Capsouto Park,M145,,M-01,M,"100,039,804",DRINKFTN,I,M145,D-Albert Capsouto Park,101,1,1,10013
M148-DF0515,Activated,F,1,TRUE,TRUE,"In Playground, Near Ballfield",TRUE,M148,White Playground,M148,,M-11,M,"100,040,136",DRINKFTN,I,M148,F-White Playground,111,8,23,10029
M148-DF0516,Activated,F,1,TRUE,FALSE,"In Playground, Near Ballfield",TRUE,M148,White Playground,M148,,M-11,M,"100,040,168",DRINKFTN,I,M148,F-White Playground,111,8,23,10029
M154-DF0657,Activated,F,1,TRUE,FALSE,"In Shade, In Playground, Near Ballfield",TRUE,M154,Mathews-Palmer Playground,M154,,M-04,M,"100,040,457",DRINKFTN,I,M154,F-Mathews-Palmer Playground,104,3,18,10036
M154-DF0658,Activated,F High Low,2,TRUE,FALSE,"In Shade, Under Tree, In Playground",TRUE,M154,Mathews-Palmer Playground,M154,,M-04,M,"100,040,476",DRINKFTN,I,M154,F High Low-Mathews-Palmer Playground,104,3,18,10036
M154-DF0659,Activated,F High Low,2,TRUE,FALSE,"In Shade, Under Tree",TRUE,M154,Mathews-Palmer Playground,M154,,M-04,M,"100,040,463",DRINKFTN,I,M154,F High Low-Mathews-Palmer Playground,104,3,18,10036
M154-DF1006,Activated,Food Prep Sink,1,,FALSE,Indoor,FALSE,M154,Mathews-Palmer Playground,M154,,M-04,M,"100,043,312",DRINKFTN,I,M154-BLG0650,Food Prep Sink-Mathews-Palmer Playground-Comfort Station,104,3,18,10036
M155-DF0424,Activated,A,1,FALSE,FALSE,"In Shade, Under Tree, Near Ballfield, In Playground",TRUE,M155,Courtney Callender Playground,M155,,M-10,M,"100,040,072",DRINKFTN,I,M155,A-Courtney Callender Playground,110,9,32,10037
M155-DF0425,Activated,D,1,TRUE,FALSE,"In Playground, Near Ballfield",TRUE,M155,Courtney Callender Playground,M155,,M-10,M,"100,040,033",DRINKFTN,I,M155,D-Courtney Callender Playground,110,9,32,10037
M158-DF0068,Activated,C,1,FALSE,FALSE,In Playground,TRUE,M158,Robert Moses Playground,M158,,M-06,M,"100,039,303",DRINKFTN,I,M158,C-Robert Moses Playground,106,4,17,10017
M158-DF0069,Activated,A,1,FALSE,FALSE,Near Ballfield,TRUE,M158,Robert Moses Playground,M158,,M-06,M,"100,039,330",DRINKFTN,I,M158,A-Robert Moses Playground,106,4,17,10017
M159-DF0528,UnderConstruction,A,1,TRUE,FALSE,Near Ballfield,TRUE,M159,Frederick Johnson Playground,M159,,M-10,M,"100,040,174",DRINKFTN,I,M159,A-Frederick Johnson Playground,110,9,32,10039
M159-DF0529,UnderConstruction,Bottle Filler,1,TRUE,FALSE,"Under Tree, Near Ballfield, In Shade",TRUE,M159,Frederick Johnson Playground,M159,,M-10,M,"100,040,128",DRINKFTN,I,M159,Bottle Filler-Frederick Johnson Playground,110,9,32,10039
M159-DF0530,UnderConstruction,E,1,TRUE,FALSE,"In Shade, Under Tree, Near Ballfield",TRUE,M159,Frederick Johnson Playground,M159,,M-10,M,"100,040,154",DRINKFTN,I,M159,E-Frederick Johnson Playground,110,9,32,10039
M159-DF0531,UnderConstruction,E High Low,2,TRUE,FALSE,"Under Tree, In Playground, Near Ballfield",TRUE,M159,Frederick Johnson Playground,M159,,M-10,M,"100,040,150",DRINKFTN,I,M159,E High Low-Frederick Johnson Playground,110,9,32,10039
M160-DF0541,Activated,C,1,TRUE,FALSE,"Under Tree, In Shade, Near Ballfield, Just Outside Playground",TRUE,M160,Fred Samuel Playground,M160,,M-10,M,"100,040,095",DRINKFTN,I,M160,C-Fred Samuel Playground,110,9,32,10030
M160-DF0542,Activated,C,1,TRUE,FALSE,"Under Tree, In Playground, Near Ballfield",TRUE,M160,Fred Samuel Playground,M160,,M-10,M,"100,040,123",DRINKFTN,I,M160,C-Fred Samuel Playground,110,9,32,10030
M161-DF0141,Activated,B,1,FALSE,TRUE,"In Playground, Near Ballfield",TRUE,M161,McCaffrey Playground,M161,,M-04,M,"100,039,537",DRINKFTN,I,M161,B-McCaffrey Playground,104,3,14,10036
M161-DF0142,Activated,CS Concrete,1,FALSE,FALSE,"In Playground, Near Ballfield, Under Tree",TRUE,M161,McCaffrey Playground,M161,,M-04,M,"100,039,539",DRINKFTN,I,M161,CS Concrete-McCaffrey Playground,104,3,14,10036
M161-DF0143,Activated,CS Concrete,1,FALSE,FALSE,"In Playground, Near Ballfield, Under Tree",TRUE,M161,McCaffrey Playground,M161,,M-04,M,"100,039,589",DRINKFTN,I,M161,CS Concrete-McCaffrey Playground,104,3,14,10036
M161-DF0144,Activated,C,1,FALSE,TRUE,"In Playground, Near Ballfield, Under Tree",TRUE,M161,McCaffrey Playground,M161,,M-04,M,"100,039,559",DRINKFTN,I,M161,C-McCaffrey Playground,104,3,14,10036
M161-DF1007,Activated,Slop Sink,1,,TRUE,Indoor,FALSE,M161,McCaffrey Playground,M161,,M-04,M,"100,043,301",DRINKFTN,I,M161-BLG0647,Slop Sink-McCaffrey Playground-Comfort Station,104,3,14,10036
M164-DF0018,Activated,H,1,TRUE,FALSE,In Playground,TRUE,M164,Asser Levy Playground,M164,,M-06,M,"100,039,215",DRINKFTN,I,M164,H-Asser Levy Playground,106,4,13,10010
M164-DF0451,Activated,E High Low,2,TRUE,FALSE,"Under Tree, Near Ballfield, Just Outside Playground",TRUE,M164,Asser Levy Playground,M164,,M-06,M,"100,039,994",DRINKFTN,I,M164,E High Low-Asser Levy Playground,106,4,13,10010
M164-DF0452,Activated,E High Low,2,,FALSE,"Just Outside Playground, Near Ballfield",TRUE,M164,Asser Levy Playground,M164,,M-06,M,"100,040,022",DRINKFTN,I,M164,E High Low-Asser Levy Playground,106,4,13,10010
M164-DF1008,Activated,Indoor Drinking Fountain,1,,FALSE,Indoor,FALSE,M164,Asser Levy Playground,M164,,M-06,M,"100,043,296",DRINKFTN,I,M164-BLG0666,Indoor Drinking Fountain-Asser Levy Playground- Recreation Center,106,4,13,10010
M164-DF1009,Activated,Indoor Drinking Fountain,1,,FALSE,Indoor,FALSE,M164,Asser Levy Playground,M164,,M-06,M,"100,043,278",DRINKFTN,I,M164-BLG0666,Indoor Drinking Fountain-Asser Levy Playground-Recreation Center,106,4,13,10010
M164-DF1010,Activated,Drinking Fountain Sink Combination,2,,FALSE,Indoor,FALSE,M164,Asser Levy Playground,M164,,M-06,M,"100,043,305",DRINKFTN,I,M164-BLG0666,Drinking Fountain Sink Combination-Asser Levy Playground-Asser Levy Rec Center,106,4,13,10010
M164-DF1011,Activated,Indoor Drinking Fountain,1,,FALSE,Indoor,FALSE,M164,Asser Levy Playground,M164,,M-06,M,"100,043,328",DRINKFTN,I,M164-BLG0666,Indoor Drinking Fountain-Asser Levy Playground-Recreation Center,106,4,13,10010
M165-DF0381,UnderConstruction,C,1,FALSE,FALSE,"Under Tree, In Playground, Near Ballfield",TRUE,M165,Baruch Playground,M165,,M-03,M,"100,039,962",DRINKFTN,I,M165,C-Baruch Playground,103,2,7,10002
M165-DF0382,UnderConstruction,E,1,TRUE,FALSE,"Under Tree, Near Ballfield, Just Outside Playground",TRUE,M165,Baruch Playground,M165,,M-03,M,"100,039,894",DRINKFTN,I,M165,E-Baruch Playground,103,2,7,10002
M165-DF0383,UnderConstruction,E,1,TRUE,FALSE,Near Ballfield,TRUE,M165,Baruch Playground,M165,,M-03,M,"100,039,916",DRINKFTN,I,M165,E-Baruch Playground,103,2,7,10002
M170-DF0301,Activated,E and Dog,2,TRUE,FALSE,Out in Open,TRUE,M170,Petrosino Square,M170,,M-02,M,"100,039,871",DRINKFTN,I,M170,E and Dog-Petrosino Square,102,1,5,10012
M171-DF0292,Activated,B,1,FALSE,FALSE,"Under Tree, Near Ballfield, In Playground",TRUE,M171,Cherry Clinton Playground,M171,,M-03,M,"100,039,872",DRINKFTN,I,M171,B-Cherry Clinton Playground,103,1,7,10002
M178-DF0428,Activated,D,1,FALSE,FALSE,"Just Outside Playground, Under Tree",TRUE,M178,Catherine Slip Malls,M178,,M-03,M,"100,040,067",DRINKFTN,I,M178,D-Catherine Slip Malls,103,1,5,10002
M180-DF0133,Activated,C,1,FALSE,TRUE,Under Tree,TRUE,M180,Lt. Wm. Tighe Triangle,M180,,M-12,M,"100,039,552",DRINKFTN,I,M180,C-Lt. Wm. Tighe Triangle,112,10,34,10034
M184-DF0326,Activated,Pedestal High Low,2,FALSE,FALSE,"Under Tree, Near Ballfield, In Playground",TRUE,M184,Samuel N. Bennerson 2nd Playground,M184,,M-07,M,"100,039,951",DRINKFTN,I,M184,Pedestal High Low-Samuel N. Bennerson 2nd Playground,107,6,20,10023
M184-DF0327,Activated,Bottle Filler High Low,3,FALSE,FALSE,"Under Tree, Near Ballfield, In Playground",TRUE,M184,Samuel N. Bennerson 2nd Playground,M184,,M-07,M,"100,039,902",DRINKFTN,I,M184,Bottle Filler High Low-Samuel N. Bennerson 2nd Playground,107,6,20,10023
M186-DF0534,Activated,A,1,TRUE,FALSE,"Under Tree, Near Ballfield, In Playground",TRUE,M186,Col. Young Playground,M186,,M-10,M,"100,040,126",DRINKFTN,I,M186,A-Col. Young Playground,110,9,32,10037
M186-DF0535,Activated,A,1,TRUE,FALSE,"Under Tree, Just Outside Playground, Near Ballfield",TRUE,M186,Col. Young Playground,M186,,M-10,M,"100,040,137",DRINKFTN,I,M186,A-Col. Young Playground,110,9,32,10037
M186-DF0536,Activated,A,1,FALSE,FALSE,Near Ballfield,TRUE,M186,Col. Young Playground,M186,,M-10,M,"100,040,178",DRINKFTN,I,M186,A-Col. Young Playground,110,9,32,10037
M186-DF0537,Activated,D,1,TRUE,FALSE,Near Ballfield,TRUE,M186,Col. Young Playground,M186,,M-10,M,"100,040,101",DRINKFTN,I,M186,D-Col. Young Playground,110,9,32,10037
M186-DF0538,Activated,A,1,TRUE,FALSE,"Just Outside Playground, Near Ballfield",TRUE,M186,Col. Young Playground,M186,,M-10,M,"100,040,127",DRINKFTN,I,M186,A-Col. Young Playground,110,9,32,10037
M186-DF0539,Activated,A,1,TRUE,FALSE,"Under Tree, In Shade, In Playground, Near Ballfield",TRUE,M186,Col. Young Playground,M186,,M-10,M,"100,040,173",DRINKFTN,I,M186,A-Col. Young Playground,110,9,32,10037
M186-DF0540,Activated,A,1,TRUE,TRUE,"Under Tree, Near Ballfield, In Playground",TRUE,M186,Col. Young Playground,M186,,M-10,M,"100,040,097",DRINKFTN,I,M186,A-Col. Young Playground,110,9,32,10037
M187-DF0519,Broken,C,1,FALSE,FALSE,Near Ballfield,TRUE,M187,Marx Brothers Playground,M187,,M-11,M,"100,040,111",DRINKFTN,I,M187,C-Marx Brothers Playground,111,8,23,10029
M190-DF0488,Activated,C,1,FALSE,FALSE,In Playground,TRUE,M190,Sheltering Arms Playground,M190,,M-09,M,"100,040,056",DRINKFTN,I,M190,C-Sheltering Arms Playground,109,7,26,10027
M190-DF0489,Activated,CS Concrete,1,TRUE,FALSE,"In Shade, In Playground",TRUE,M190,Sheltering Arms Playground,M190,,M-09,M,"100,040,081",DRINKFTN,I,M190,CS Concrete-Sheltering Arms Playground,109,7,26,10027
M190-DF1070,Activated,CS Metal,1,,FALSE,On wall,TRUE,M190,Sheltering Arms Playground,M190,,M-09,M,"100,043,291",DRINKFTN,I,M190,CS Metal-Sheltering Arms Playground,109,7,26,10027
M190-DF1071,Activated,CS Metal,1,,FALSE,On wall,TRUE,M190,Sheltering Arms Playground,M190,,M-09,M,"100,043,319",DRINKFTN,I,M190,CS Metal-Sheltering Arms Playground,109,7,26,10027
M190-DF1108,Activated,Indoor Drinking Fountain,1,,FALSE,Indoor,FALSE,M190,Sheltering Arms Playground,M190,,M-09,M,"100,043,259",DRINKFTN,I,M190-BLG1497,Indoor Drinking Fountain-Sheltering Arms Playground-Comfort Station,109,7,26,10027
M190-DF1111,Activated,Water Cooler,1,,FALSE,Indoor,FALSE,M190,Sheltering Arms Playground,M190,,M-09,M,"100,043,294",DRINKFTN,I,M190-BLG1497,Water Cooler-Sheltering Arms Playground-Comfort Station,109,7,26,10027
M190-DF1112,Activated,Indoor Drinking Fountain,1,,FALSE,Indoor,FALSE,M190,Sheltering Arms Playground,M190,,M-09,M,"100,043,286",DRINKFTN,I,M190-BLG1497,Indoor Fountain-Sheltering Arms Playground-Comfort Station,109,7,26,10027
M192-DF0249,Broken,CS Concrete,1,TRUE,FALSE,Out in Open,TRUE,M192,Stanley Isaacs Playground,M192,,M-08,M,"100,039,755",DRINKFTN,I,M192,CS Concrete-Stanley Isaacs Playground,111,8,23,10029
M192-DF0250,Activated,A,1,FALSE,FALSE,Under Tree,TRUE,M192,Stanley Isaacs Playground,M192,,M-08,M,"100,039,786",DRINKFTN,I,M192,A-Stanley Isaacs Playground,108,5,19,10128
M192-DF0890,Activated,CS Concrete,1,,FALSE,,TRUE,M192,Stanley Isaacs Playground,M192,,M-08,M,"100,043,260",DRINKFTN,I,M192,CS Concrete-Stanley Isaacs Playground,108,5,19,10128
M193-DF0547,UnderConstruction,A,1,TRUE,FALSE,"Under Tree, Near Ballfield, Just Outside Playground",TRUE,M193,Abraham Lincoln Playground,M193,,M-11,M,"100,040,125",DRINKFTN,I,M193,A-Abraham Lincoln Playground,111,9,25,10037
M193-DF0548,UnderConstruction,A,1,TRUE,FALSE,"In Playground, Under Tree",TRUE,M193,Abraham Lincoln Playground,M193,,M-11,M,"100,040,180",DRINKFTN,I,M193,A-Abraham Lincoln Playground,111,9,25,10037
M194-DF0426,Activated,E,1,TRUE,FALSE,In Playground,TRUE,M194,Alfred E. Smith Playground,M194,,M-03,M,"100,040,045",DRINKFTN,I,M194,E-Alfred E. Smith Playground,103,1,5,10038
M194-DF0434,Activated,E,1,TRUE,FALSE,Near Ballfield,TRUE,M194,Alfred E. Smith Playground,M194,,M-03,M,"100,040,000",DRINKFTN,I,M194,E-Alfred E. Smith Playground,103,1,5,10038
M194-DF1012,Activated,Indoor Drinking Fountain,1,,FALSE,Indoor,FALSE,M194,Alfred E. Smith Playground,M194,,M-03,M,"100,043,310",DRINKFTN,I,M194-BLG1534,Indoor Drinking Fountain-Alfred E. Smith Playground-Recreation Center,103,1,5,10038
M194-DF1013,Activated,Bathroom Sink,1,,FALSE,Indoor,FALSE,M194,Alfred E. Smith Playground,M194,,M-03,M,"100,043,333",DRINKFTN,I,M194-BLG1534,Bathroom Sink-Alfred E. Smith Playground-Recreation Center,103,1,5,10038
M194-DF1014,Activated,Food Prep Sink,1,,FALSE,Indoor,FALSE,M194,Alfred E. Smith Playground,M194,,M-03,M,"100,043,313",DRINKFTN,I,M194-BLG1534,Food Prep Sink-Alfred E. Smith Playground,103,1,5,10038
M194-DF1015,Activated,Indoor Drinking Fountain,1,,FALSE,Indoor,FALSE,M194,Alfred E. Smith Playground,M194,,M-03,M,"100,043,236",DRINKFTN,I,M194-BLG1534,Indoor Drinking Fountain-Alfred E. Smith Playground-Recreation Center,103,1,5,10038
M195-DF0384,Broken,A,1,TRUE,FALSE,"Near Ballfield, In Playground",TRUE,M195,Sidney Hillman Playground,M195,,M-03,M,"100,039,912",DRINKFTN,I,M195,A-Sidney Hillman Playground,103,1,7,10002
M196-DF0435,UnderConstruction,A,1,FALSE,FALSE,"Under Tree, In Playground, Near Ballfield",TRUE,M196,Playground One,M196,,M-03,M,"100,040,062",DRINKFTN,I,M196,A-Playground One,103,1,5,10038
M196-DF0436,UnderConstruction,A,1,FALSE,FALSE,"Just Outside Playground, Near Ballfield, Under Tree",TRUE,M196,Playground One,M196,,M-03,M,"100,039,992",DRINKFTN,I,M196,A-Playground One,103,1,5,10038
Q082-DF0766,Activated,A,1,FALSE,TRUE,Under Tree,TRUE,Q082,Wayanda Park,Q082,,Q-13,Q,"100,040,134",DRINKFTN,I,Q082,A-Wayanda Park,413,27,105,11429
M198-DF0511,Activated,CS Metal,2,FALSE,FALSE,"In Playground, Near Ballfield",TRUE,M198,"Martin Luther King, Jr. Playground",M198,,M-10,M,"100,040,113",DRINKFTN,I,M198,"CS Metal-Martin Luther King, Jr. Playground",110,9,28,10026
M198-DF0512,Activated,Bottle Filler High Low,3,TRUE,FALSE,"Near Ballfield, In Playground",TRUE,M198,"Martin Luther King, Jr. Playground",M198,,M-10,M,"100,040,141",DRINKFTN,I,M198,"Bottle Filler High Low-Martin Luther King, Jr. Playground",110,9,28,10026
M200-DF0463,Activated,C,1,TRUE,FALSE,Near Ballfield,TRUE,M200,Booker T. Washington Playground,M200,,M-07,M,"100,040,063",DRINKFTN,I,M200,C-Booker T. Washington Playground,107,7,24,10025
M200-DF0464,Activated,C,1,TRUE,FALSE,Near Ballfield,TRUE,M200,Booker T. Washington Playground,M200,,M-07,M,"100,039,993",DRINKFTN,I,M200,C-Booker T. Washington Playground,107,7,24,10025
M201-DF0380,Activated,C,1,FALSE,FALSE,"In Playground, Near Ballfield, Under Tree",TRUE,M201,Wald Playground,M201,,M-03,M,"100,039,939",DRINKFTN,I,M201,C-Wald Playground,103,2,9,10009
M203C-DF0067,Activated,E,1,TRUE,FALSE,Out in Open,TRUE,M203C,Dag Hammarskjold Plaza,M203C,,M-06,M,"100,039,311",DRINKFTN,I,M203C,E-Dag Hammarskjold Plaza,106,4,17,10017
M204-DF0422,Activated,C,1,TRUE,FALSE,"In Playground, Near Ballfield, Under Tree",TRUE,M204,Moore Playground,M204,,M-11,M,"100,040,027",DRINKFTN,I,M204,C-Moore Playground,111,9,25,10037
M204-DF0423,Activated,D,1,TRUE,FALSE,"Near Ballfield, Just Outside Playground",TRUE,M204,Moore Playground,M204,,M-11,M,"100,040,048",DRINKFTN,I,M204,D-Moore Playground,111,9,25,10037
M205-DF0460,Broken,A,1,TRUE,FALSE,Near Ballfield,TRUE,M205,Playground One Twenty Five CXXV,M205,,M-09,M,"100,040,019",DRINKFTN,I,M205,A-Playground One Twenty Five CXXV,109,7,26,10027
M206-DF0427,Activated,C,1,FALSE,FALSE,"In Playground, Under Tree",TRUE,M206,Tanahey Playground,M206,,M-03,M,"100,040,078",DRINKFTN,I,M206,C-Tanahey Playground,103,1,5,10002
M206-DF0429,Activated,C,1,FALSE,FALSE,"Under Tree, Near Ballfield",TRUE,M206,Tanahey Playground,M206,,M-03,M,"100,039,997",DRINKFTN,I,M206,C-Tanahey Playground,103,1,5,10002
M207-DF0454,Activated,F High Low,2,TRUE,FALSE,Under Tree,TRUE,M207,Father Fagan Park,M207,,M-02,M,"100,040,071",DRINKFTN,I,M207,F High Low-Father Fagan Park,102,3,1,10013
M208A-DF0417,Activated,CS Concrete,1,FALSE,FALSE,"In Playground, In Shade",TRUE,M208A,Alice Kornegay Triangle,M208A,,M-11,M,"100,040,026",DRINKFTN,I,M208A,CS Concrete-Alice Kornegay Triangle,111,9,25,10035
M208C-DF0421,Activated,C,1,FALSE,FALSE,"Under Tree, In Shade",TRUE,M208C,Harlem River Park,M208C,,M-11,M,"100,040,001",DRINKFTN,I,M208C,C-Harlem River Park,111,9,25,10037
M208D-DF0415,Activated,B,1,FALSE,FALSE,Near Ballfield,TRUE,M208D,Harlem River Park,M208D-02,Harlem River Park,M-11,M,"100,039,998",DRINKFTN,I,M208D-02,B-Harlem River Park-Harlem River Park,111,8,25,10035
M208D-DF0416,Activated,Bottle Filler High Low,3,TRUE,FALSE,"Under Tree, Near Ballfield",TRUE,M208D,Harlem River Park,M208D-02,Harlem River Park,M-11,M,"100,040,051",DRINKFTN,I,M208D-02,Bottle Filler High Low-Harlem River Park-Harlem River Park,111,8,25,10035
M208D-DF0418,Activated,B,1,FALSE,FALSE,Near Ballfield,TRUE,M208D,Harlem River Park,M208D-01,Each One Teach One,M-11,M,"100,040,047",DRINKFTN,I,M208D-01,B-Harlem River Park-Each One Teach One,111,9,25,10035
M208D-DF0419,Activated,Bottle Filler High Low,3,TRUE,FALSE,"Under Tree, Near Ballfield",TRUE,M208D,Harlem River Park,M208D-01,Each One Teach One,M-11,M,"100,040,069",DRINKFTN,I,M208D-01,Bottle Filler High Low-Harlem River Park-Each One Teach One,111,9,25,10035
M208D-DF0420,Activated,B,1,FALSE,FALSE,"Near Ballfield, Under Tree",TRUE,M208D,Harlem River Park,M208D-01,Each One Teach One,M-11,M,"100,039,999",DRINKFTN,I,M208D-01,B-Harlem River Park-Each One Teach One,111,9,25,10035
M208D-DF0906,Broken,B,1,,FALSE,S.W corner of prk behind backstop,TRUE,M208D,Harlem River Park,M208D-02,Harlem River Park,M-11,M,"100,043,284",DRINKFTN,I,M208D-02,B-Harlem River Park-Harlem River Park,111,8,25,10035
M208E-DF0414,Activated,D,1,FALSE,FALSE,"Under Tree, Near Ballfield",TRUE,M208E,Crack Is Wack Playground,M208E,,M-11,M,"100,040,050",DRINKFTN,I,M208E,D-Crack Is Wack Playground,111,8,25,10035
M211A-DF0551,Activated,A,1,TRUE,FALSE,"In Playground, Near Ballfield",TRUE,M211A,St. Nicholas Playground South,M211A,,M-10,M,"100,040,098",DRINKFTN,I,M211A,A-St. Nicholas Playground South,110,9,32,10027
M211A-DF0552,Activated,A,1,TRUE,FALSE,"Under Tree, In Shade, In Playground",TRUE,M211A,St. Nicholas Playground South,M211A,,M-10,M,"100,040,210",DRINKFTN,I,M211A,A-St. Nicholas Playground South,110,9,32,10027
M211B-DF0549,Activated,CS Metal,2,FALSE,FALSE,"In Playground, Near Ballfield",TRUE,M211B,St. Nicholas Playground North,M211B,,M-10,M,"100,040,172",DRINKFTN,I,M211B,CS Metal-St. Nicholas Playground North,110,9,32,10027
M211B-DF0550,Activated,Bottle Filler High Low,3,FALSE,FALSE,"Near Ballfield, Under Tree, Just Outside Playground",TRUE,M211B,St. Nicholas Playground North,M211B,,M-10,M,"100,040,122",DRINKFTN,I,M211B,Bottle Filler High Low-St. Nicholas Playground North,110,9,32,10027
M213-DF0517,Activated,A,1,FALSE,FALSE,"Under Tree, Near Ballfield, In Playground",TRUE,M213,Mae Grant Playground,M213,,M-11,M,"100,040,160",DRINKFTN,I,M213,A-Mae Grant Playground,111,8,23,10029
M214-DF0518,NotYetActivated,Pedestal,1,TRUE,FALSE,"In Shade, In Playground",TRUE,M214,Blake Hobbs Playground,M214,,M-11,M,"100,040,162",DRINKFTN,I,M214,Pedestal-Blake Hobbs Playground,111,8,23,10029
M215-DF0520,Activated,D,1,TRUE,FALSE,"Near Ballfield, Just Outside Playground",TRUE,M215,Cherry Tree Park,M215,,M-11,M,"100,040,163",DRINKFTN,I,M215,D-Cherry Tree Park,111,8,23,10029
M215-DF0521,Activated,CS Concrete,1,TRUE,FALSE,"Near Ballfield, In Playground",TRUE,M215,Cherry Tree Park,M215,,M-11,M,"100,040,188",DRINKFTN,I,M215,CS Concrete-Cherry Tree Park,111,8,23,10029
M216-DF0522,Activated,A,1,TRUE,FALSE,"Near Ballfield, Just Outside Playground",TRUE,M216,Holcombe Rucker Park,M216,,M-10,M,"100,040,131",DRINKFTN,I,M216,A-Holcombe Rucker Park,110,9,32,10039
M216-DF0523,Activated,A,1,TRUE,FALSE,"Under Tree, Near Ballfield, Just Outside Playground",TRUE,M216,Holcombe Rucker Park,M216,,M-10,M,"100,040,155",DRINKFTN,I,M216,A-Holcombe Rucker Park,110,9,32,10039
M216-DF0524,Activated,Bottle Filler High Low,3,TRUE,FALSE,"Under Tree, In Playground, Near Ballfield",TRUE,M216,Holcombe Rucker Park,M216,,M-10,M,"100,040,181",DRINKFTN,I,M216,Bottle Filler High Low-Holcombe Rucker Park,110,9,32,10039
M216-DF0525,Activated,A,1,TRUE,FALSE,"Under Tree, In Playground, Near Ballfield",TRUE,M216,Holcombe Rucker Park,M216,,M-10,M,"100,040,104",DRINKFTN,I,M216,A-Holcombe Rucker Park,110,9,32,10039
M217-DF0544,Activated,A,1,TRUE,FALSE,"Under Tree, In Playground, Near Ballfield",TRUE,M217,Howard Bennett Playground,M217,,M-10,M,"100,040,149",DRINKFTN,I,M217,A-Howard Bennett Playground,110,9,32,10037
M217-DF0545,Activated,A,1,TRUE,FALSE,"In Playground, Near Ballfield, Under Tree",TRUE,M217,Howard Bennett Playground,M217,,M-10,M,"100,040,176",DRINKFTN,I,M217,A-Howard Bennett Playground,110,9,32,10037
M217-DF0546,Activated,C,1,FALSE,FALSE,"Just Outside Playground, Near Ballfield",TRUE,M217,Howard Bennett Playground,M217,,M-10,M,"100,040,099",DRINKFTN,I,M217,C-Howard Bennett Playground,110,9,32,10037
M218-DF0874,Activated,E High Low,2,,FALSE,,TRUE,M218,DeSalvio Playground,M218,,M-02,M,"100,043,253",DRINKFTN,I,M218,E High Low-DeSalvio Playground,102,1,5,10012
M219-DF0322,Activated,C,1,TRUE,FALSE,"Under Tree, In Playground, Near Ballfield",TRUE,M219,Tecumseh Playground,M219,,M-07,M,"100,039,975",DRINKFTN,I,M219,C-Tecumseh Playground,107,6,20,10024
M219-DF0323,Activated,F High Low,2,FALSE,FALSE,"Under Tree, Just Outside Playground, Near Ballfield",TRUE,M219,Tecumseh Playground,M219,,M-07,M,"100,039,978",DRINKFTN,I,M219,F High Low-Tecumseh Playground,107,6,20,10024
M220-DF0466,Activated,A,1,FALSE,FALSE,"Under Tree, Near Ballfield, Just Outside Playground",TRUE,M220,Frederick Douglass Playground,M220,,M-07,M,"100,040,074",DRINKFTN,I,M220,A-Frederick Douglass Playground,107,7,24,10025
M220-DF0467,Activated,A,1,FALSE,FALSE,"Under Tree, Near Ballfield, Just Outside Playground",TRUE,M220,Frederick Douglass Playground,M220,,M-07,M,"100,040,082",DRINKFTN,I,M220,A-Frederick Douglass Playground,107,7,24,10025
M220-DF0468,Activated,A,1,TRUE,FALSE,"In Shade, In Playground, Near Ballfield",TRUE,M220,Frederick Douglass Playground,M220,,M-07,M,"100,040,088",DRINKFTN,I,M220,A-Frederick Douglass Playground,107,7,24,10025
M221-DF0137,Activated,C,1,FALSE,FALSE,"In Playground, Under Tree, In Shade",TRUE,M221,Gutenberg Playground,M221,,M-04,M,"100,039,536",DRINKFTN,I,M221,C-Gutenberg Playground,104,3,18,10019
M222-DF0269,Activated,A,1,,FALSE,Under Tree,TRUE,M222,Grand Canal Court,M222,,M-02,M,"100,039,829",DRINKFTN,I,M222,A-Grand Canal Court,102,1,1,10013
M223-DF0491,Activated,A,1,TRUE,FALSE,"Near Ballfield, Just Outside Playground",TRUE,M223,Jacob H. Schiff Playground,M223,,M-09,M,"100,040,052",DRINKFTN,I,M223,A-Jacob H. Schiff Playground,109,7,30,10031
M223-DF0492,Activated,C,1,TRUE,FALSE,"Under Tree, In Playground, Near Ballfield",TRUE,M223,Jacob H. Schiff Playground,M223,,M-09,M,"100,040,008",DRINKFTN,I,M223,C-Jacob H. Schiff Playground,109,7,30,10031
M223-DF0493,Activated,A,1,TRUE,FALSE,"Near Ballfield, Just Outside Playground",TRUE,M223,Jacob H. Schiff Playground,M223,,M-09,M,"100,040,021",DRINKFTN,I,M223,A-Jacob H. Schiff Playground,109,7,30,10031
M223-DF0494,Activated,C,1,TRUE,FALSE,Near Ballfield,TRUE,M223,Jacob H. Schiff Playground,M223,,M-09,M,"100,040,007",DRINKFTN,I,M223,C-Jacob H. Schiff Playground,109,7,30,10031
M225-DF0401,UnderConstruction,E,1,TRUE,FALSE,Near Ballfield,TRUE,M225,Wagner Playground,M225,,M-11,M,"100,039,934",DRINKFTN,I,M225,E-Wagner Playground,111,8,25,10035
M225-DF0402,UnderConstruction,B,1,FALSE,FALSE,Near Ballfield,TRUE,M225,Wagner Playground,M225,,M-11,M,"100,039,956",DRINKFTN,I,M225,B-Wagner Playground,111,8,25,10035
M226-DF0035,Activated,C,1,TRUE,FALSE,In Playground,TRUE,M226,Augustus St. Gaudens Playground,M226,,M-06,M,"100,039,256",DRINKFTN,I,M226,C-Augustus St. Gaudens Playground,106,2,13,10003
M227-DF0034,Activated,D,1,FALSE,FALSE,Out in Open,TRUE,M227,Peter's Field,M227,,M-06,M,"100,039,232",DRINKFTN,I,M227,D-Peter's Field,106,2,13,10010
M228-DF0386,Activated,Bottle Filler High Low,3,TRUE,FALSE,"In Playground, Near Ballfield",TRUE,M228,Henry M. Jackson Playground,M228,,M-03,M,"100,039,914",DRINKFTN,I,M228,Bottle Filler High Low-Henry M. Jackson Playground,103,2,7,10002
M228-DF0387,Activated,Bottle Filler High Low,3,TRUE,FALSE,"In Playground, Near Ballfield",TRUE,M228,Henry M. Jackson Playground,M228,,M-03,M,"100,039,910",DRINKFTN,I,M228,Bottle Filler High Low-Henry M. Jackson Playground,103,2,7,10002
M229-DF0469,Activated,A,1,FALSE,FALSE,"Under Tree, Near Ballfield, In Playground",TRUE,M229,Happy Warrior Playground,M229,,M-07,M,"100,040,017",DRINKFTN,I,M229,A-Happy Warrior Playground,107,7,24,10025
M230-DF0513,Activated,C,1,FALSE,FALSE,"Under Tree, In Playground, Near Ballfield",TRUE,M230,Poor Richard's Playground,M230,,M-11,M,"100,040,151",DRINKFTN,I,M230,C-Poor Richard's Playground,111,8,23,10029
X201-DF0117,Activated,A,1,TRUE,FALSE,Out in Open,TRUE,X201,Seton Park,X201,,X-08,X,"100,038,163",DRINKFTN,I,X201,A-Seton Park,208,11,50,10471
M230-DF0514,Activated,A,1,TRUE,FALSE,"Under Tree, Near Ballfield, Just Outside Playground",TRUE,M230,Poor Richard's Playground,M230,,M-11,M,"100,040,108",DRINKFTN,I,M230,A-Poor Richard's Playground,111,8,23,10029
M233-DF0324,Activated,D,1,FALSE,FALSE,"Under Tree, Near Ballfield, In Playground",TRUE,M233,Matthew P. Sapolin Playground,M233,,M-07,M,"100,039,905",DRINKFTN,I,M233,D-Matthew P. Sapolin Playground,107,6,20,10023
M233-DF0325,Activated,D,1,FALSE,FALSE,"Near Ballfield, In Playground",TRUE,M233,Matthew P. Sapolin Playground,M233,,M-07,M,"100,039,928",DRINKFTN,I,M233,D-Matthew P. Sapolin Playground,107,6,20,10023
M234-DF0071,Activated,CS Metal,2,FALSE,FALSE,In Playground,TRUE,M234,Wright Brothers Playground,M234,,M-12A,M,"100,039,382",DRINKFTN,I,M234,CS Metal-Wright Brothers Playground,112,7,33,10032
M235-DF0295,Activated,CS Metal,1,FALSE,FALSE,"Under Tree, In Playground, Near Ballfield,In_Playground,Near_Ballfield",TRUE,M235,Sol Lain Plgd,M235,,M-03,M,"100,039,796",DRINKFTN,I,M235,CS Metal-Sol Lain Plgd,103,1,7,10002
M235-DF0296,Activated,Bottle Filler High Low,3,TRUE,FALSE,"Under Tree, Near Ballfield, In Playground,In_Playground,Near_Ballfield",TRUE,M235,Sol Lain Plgd,M235,,M-03,M,"100,039,823",DRINKFTN,I,M235,Bottle Filler High Low-Sol Lain Plgd,103,1,7,10002
M235-DF0297,Activated,CS Metal,1,TRUE,FALSE,"In Playground, Near Ballfield,In_Playground,Near_Ballfield",TRUE,M235,Sol Lain Plgd,M235,,M-03,M,"100,039,847",DRINKFTN,I,M235,CS Metal-Sol Lain Plgd,103,1,7,10002
M235-DF0298,Activated,Bottle Filler High Low,3,FALSE,FALSE,"Under Tree, Near Ballfield, In Playground,Near_Ballfield,Just_Outside_Playground",TRUE,M235,Sol Lain Plgd,M235,,M-03,M,"100,039,835",DRINKFTN,I,M235,Bottle Filler High Low-Sol Lain Plgd,103,1,7,10002
M236-DF0251,Activated,E High Low,2,FALSE,FALSE,Out in Open,TRUE,M236,Samuel Seabury Playground,M236,,M-08,M,"100,039,767",DRINKFTN,I,M236,E High Low-Samuel Seabury Playground,108,5,19,10128
M236-DF0252,Activated,E High Low,2,FALSE,FALSE,Near Ballfield,TRUE,M236,Samuel Seabury Playground,M236,,M-08,M,"100,039,746",DRINKFTN,I,M236,E High Low-Samuel Seabury Playground,108,5,19,10128
M237-DF0115,Activated,E High Low,2,TRUE,FALSE,In Playground,TRUE,M237,Corporal John A. Seravalli Playground,M237,,M-02,M,"100,039,439",DRINKFTN,I,M237,E High Low-Corporal John A. Seravalli Playground,102,3,6,10014
M237-DF0116,Activated,E,1,TRUE,FALSE,"Just Outside Playground, Near Ballfield",TRUE,M237,Corporal John A. Seravalli Playground,M237,,M-02,M,"100,039,465",DRINKFTN,I,M237,E-Corporal John A. Seravalli Playground,102,3,6,10014
M238-DF0465,Activated,A,1,TRUE,FALSE,"In Playground, Under Tree, Near Ballfield",TRUE,M238,Bloomingdale Playground,M238,,M-07,M,"100,040,057",DRINKFTN,I,M238,A-Bloomingdale Playground,107,7,24,10025
M239-DF0403,Activated,A,1,FALSE,FALSE,"Under Tree, Near Ballfield, In Playground",TRUE,M239,P.S. 155 Playground,M239,,M-11,M,"100,039,986",DRINKFTN,I,M239,A-P.S. 155 Playground,111,8,25,10035
M240-DF0047,UnderConstruction,D,1,TRUE,FALSE,"Under Tree, In Playground",TRUE,M240,Audubon Playground,M240,,M-12A,M,"100,039,275",DRINKFTN,I,M240,D-Audubon Playground,112,10,33,10032
M240-DF0110,UnderConstruction,A,1,TRUE,FALSE,Out in Open,TRUE,M240,Audubon Playground,M240,,M-12A,M,"100,039,454",DRINKFTN,I,M240,A-Audubon Playground,112,10,33,10032
M241-DF0299,Broken,A,1,TRUE,FALSE,"Under Tree, In Playground, Just Outside Playground",TRUE,M241,Nathan Straus Playground,M241,,M-03,M,"100,039,797",DRINKFTN,I,M241,A-Nathan Straus Playground,103,1,7,10002
M241-DF0300,Broken,D,1,TRUE,FALSE,"In Playground, Near Ballfield",TRUE,M241,Nathan Straus Playground,M241,,M-03,M,"100,039,838",DRINKFTN,I,M241,D-Nathan Straus Playground,103,1,7,10002
M242-DF0445,Activated,F,1,TRUE,FALSE,Under Tree,TRUE,M242,Collect Pond Park,M242,,M-01,M,"100,039,991",DRINKFTN,I,M242,F-Collect Pond Park,101,1,5,10013
M242-DF0446,Activated,F,1,TRUE,FALSE,Out in Open,TRUE,M242,Collect Pond Park,M242,,M-01,M,"100,040,020",DRINKFTN,I,M242,F-Collect Pond Park,101,1,5,10013
M243-DF0505,Activated,C,1,FALSE,TRUE,Near Ballfield,TRUE,M243,Eugene McCabe Field,M243,,M-11,M,"100,040,185",DRINKFTN,I,M243,C-Eugene McCabe Field,111,9,25,10035
M244-DF0337,Activated,D,1,TRUE,FALSE,"Near Ballfield, In Playground",TRUE,M244,Sol Bloom Playground,M244,,M-07,M,"100,039,982",DRINKFTN,I,M244,D-Sol Bloom Playground,107,6,24,10025
M244-DF0338,Activated,D,1,TRUE,FALSE,"Under Tree, In Shade, Near Ballfield, In Playground",TRUE,M244,Sol Bloom Playground,M244,,M-07,M,"100,039,971",DRINKFTN,I,M244,D-Sol Bloom Playground,107,6,24,10025
M245-DF0127,Activated,A,1,TRUE,FALSE,Near Ballfield,TRUE,M245,Renaissance Playground,M245,,M-10,M,"100,039,588",DRINKFTN,I,M245,A-Renaissance Playground,110,9,32,10030
M245-DF0128,Activated,D,1,TRUE,FALSE,"In Shade, In Playground",TRUE,M245,Renaissance Playground,M245,,M-10,M,"100,039,558",DRINKFTN,I,M245,D-Renaissance Playground,110,9,32,10030
M251-DF0113,Activated,E,1,TRUE,FALSE,"Under Tree, In Playground",TRUE,M251,Bleecker Playground,M251,,M-02,M,"100,039,414",DRINKFTN,I,M251,E-Bleecker Playground,102,3,6,10014
M251-DF0114,Activated,C,1,FALSE,FALSE,"In Shade, In Playground",TRUE,M251,Bleecker Playground,M251,,M-02,M,"100,039,416",DRINKFTN,I,M251,C-Bleecker Playground,102,3,6,10014
M255-DF0347,Activated,F,1,TRUE,FALSE,Out in Open,TRUE,M255,James Madison Plaza,M255,,M-03,M,"100,039,898",DRINKFTN,I,M255,F-James Madison Plaza,103,1,5,10038
M256-DF0019,Activated,Other,1,TRUE,FALSE,In Playground,TRUE,M256,MacArthur Playground,M256,,M-06,M,"100,039,259",DRINKFTN,I,M256,Other-MacArthur Playground,106,4,17,10017
M257-DF0206,Activated,A,1,TRUE,FALSE,"Under Tree, In Shade, In Playground",TRUE,M257,Clement Clarke Moore Park,M257,,M-04,M,"100,039,661",DRINKFTN,I,M257,A-Clement Clarke Moore Park,104,3,10,10011
M258-DF0321,Broken,A,1,TRUE,FALSE,Near Ballfield,TRUE,M258,East River Playground,M258,,M-15,M,"100,039,927",DRINKFTN,I,M258,A-East River Playground,111,8,23,10029
M258-DF1016,Activated,Indoor Drinking Fountain,1,,FALSE,Indoor,FALSE,M258,East River Playground,M258,,M-15,M,"100,043,331",DRINKFTN,I,M258-BLG1586,Indoor Drinking Fountain-East River Playground-Park House,111,8,23,10029
M258-DF1017,Activated,Food Prep Sink,1,,FALSE,Indoor,FALSE,M258,East River Playground,M258,,M-15,M,"100,043,309",DRINKFTN,I,M258-BLG1586,Food Prep Sink-East River Playground-Park House,111,8,23,10029
M259-DF0317,UnderConstruction,C,1,FALSE,FALSE,"Under Tree, In Playground, Near Ballfield",TRUE,M259,McKinley Playground,M259,,M-03,M,"100,039,818",DRINKFTN,I,M259,C-McKinley Playground,103,2,9,10009
M260-DF1018,Activated,Indoor Drinking Fountain,1,,FALSE,Indoor,FALSE,M260,Chelsea Recreation Center,M260,,M-04,M,"100,043,255",DRINKFTN,I,M260-BLG0648,Indoor Drinking Fountain-Chelsea Recreation Center,104,3,10,10001
M260-DF1019,Activated,Indoor Drinking Fountain,1,,FALSE,Indoor,FALSE,M260,Chelsea Recreation Center,M260,,M-04,M,"100,043,258",DRINKFTN,I,M260-BLG0648,Indoor Fountain-Chelsea Recreation Center,104,3,10,10001
M260-DF1020,Activated,Indoor Drinking Fountain,1,,FALSE,Indoor,FALSE,M260,Chelsea Recreation Center,M260,,M-04,M,"100,043,330",DRINKFTN,I,M260-BLG0648,Indoor Drinking Fountain-Chelsea Recreation Center,104,3,10,10001
M260-DF1021,Activated,Indoor Drinking Fountain,1,,FALSE,Indoor,FALSE,M260,Chelsea Recreation Center,M260,,M-04,M,"100,043,252",DRINKFTN,I,M260-BLG0648,Indoor Drinking Fountain-Chelsea Recreation Center,104,3,10,10001
M260-DF1022,Activated,Food Prep Sink,1,,FALSE,Indoor,FALSE,M260,Chelsea Recreation Center,M260,,M-04,M,"100,043,285",DRINKFTN,I,M260-BLG0648,Food Prep Sink-Chelsea Recreation Center,104,3,10,10001
M260-DF1023,Activated,Food Prep Sink,1,,FALSE,Indoor,FALSE,M260,Chelsea Recreation Center,M260,,M-04,M,"100,043,254",DRINKFTN,I,M260-BLG0648,Food Prep Sink-Chelsea Recreation Center,104,3,10,10001
M260-DF1024,Activated,Food Prep Sink,1,,FALSE,Indoor,FALSE,M260,Chelsea Recreation Center,M260,,M-04,M,"100,043,283",DRINKFTN,I,M260-BLG0648,Food Prep Sink-Chelsea Recreation Center,104,3,10,10001
M260-DF1025,Activated,Food Prep Sink,1,,FALSE,Indoor,FALSE,M260,Chelsea Recreation Center,M260,,M-04,M,"100,043,308",DRINKFTN,I,M260-BLG0648,Food Prep Sink-Chelsea Recreation Center,104,3,10,10001
M260-DF1077,Activated,Indoor Drinking Fountain,1,,FALSE,Indoor,FALSE,M260,Chelsea Recreation Center,M260,,M-04,M,"100,042,466",DRINKFTN,I,M260-BLG0648,Indoor Drinking Fountain-Chelsea Recreation Center,104,3,10,10001
M263-DF0031,Activated,Bottle Filler High Low,3,TRUE,FALSE,Just Outside Playground,TRUE,M263,Bellevue South Park,M263,,M-06,M,"100,039,255",DRINKFTN,I,M263,Bottle Filler High Low-Bellevue South Park,106,2,13,10016
M263-DF0032,Activated,E and Dog,2,TRUE,FALSE,In Playground,TRUE,M263,Bellevue South Park,M263,,M-06,M,"100,039,281",DRINKFTN,I,M263,E and Dog-Bellevue South Park,106,2,13,10016
M263-DF0033,Activated,E,1,TRUE,FALSE,Near Ballfield,TRUE,M263,Bellevue South Park,M263,,M-06,M,"100,039,205",DRINKFTN,I,M263,E-Bellevue South Park,106,2,13,10016
M264-DF0336,Activated,E,1,TRUE,FALSE,"Under Tree, In Playground",TRUE,M264,Playground Eighty Nine LXXXIX,M264,,M-07,M,"100,039,968",DRINKFTN,I,M264,E-Playground Eighty Nine LXXXIX,107,6,24,10024
M265-DF0015,Activated,A,1,TRUE,FALSE,Under Tree,TRUE,M265,Vincent F. Albano Jr. Playground,M265,,M-06,M,"100,039,236",DRINKFTN,I,M265,A-Vincent F. Albano Jr. Playground,106,2,13,10016
M265-DF0123,Activated,A,1,FALSE,FALSE,In Playground,TRUE,M265,Vincent F. Albano Jr. Playground,M265,,M-06,M,"100,039,436",DRINKFTN,I,M265,A-Vincent F. Albano Jr. Playground,106,2,13,10016
M270-DF0008,Activated,A,1,,FALSE,"Near Ballfield, Just Outside Playground",TRUE,M270,Dry Dock Playground,M270,,M-03,M,"100,037,394",DRINKFTN,I,M270,A-Dry Dock Playground,103,2,9,10009
M270-DF0009,Activated,C,1,,FALSE,"Under Tree, In Playground",TRUE,M270,Dry Dock Playground,M270,,M-03,M,"100,037,395",DRINKFTN,I,M270,C-Dry Dock Playground,103,2,9,10009
M270-DF0685,Broken,A,1,,TRUE,,TRUE,M270,Dry Dock Playground,M270,,M-03,M,"100,042,348",DRINKFTN,I,M270,A-Dry Dock Playground,103,2,9,10009
M270-DF0907,Activated,CS Metal,1,,TRUE,,TRUE,M270,Dry Dock Playground,M270,,M-03,M,"100,042,338",DRINKFTN,I,M270,CS metal-Dry Dock Playground,103,2,9,10009
M273-DF0412,Activated,A,1,FALSE,TRUE,"Under Tree, In Playground, Near Ballfield",TRUE,M273,Wagner Houses Pool,M273,,M-11,M,"100,040,003",DRINKFTN,I,M273,A-Wagner Houses Pool,111,8,25,10035
M273-DF1026,Activated,Indoor Drinking Fountain,1,,FALSE,Indoor,FALSE,M273,Wagner Houses Pool,M273,,M-11,M,"100,043,753",DRINKFTN,I,M273-BLG1565,Indoor Drinking Fountain-Wagner Houses Pool-WAGNER POOL,111,8,25,10035
M273-DF1027,Activated,Food Prep Sink,1,,FALSE,Indoor,FALSE,M273,Wagner Houses Pool,M273,,M-11,M,"100,043,754",DRINKFTN,I,M273-BLG1566,Food Prep Sink-Wagner Houses Pool-WAGNER POOL,111,8,25,10035
M273-DF1068,Activated,CS Metal,1,,FALSE,,TRUE,M273,Wagner Houses Pool,M273,,M-11,M,"100,043,277",DRINKFTN,I,M273,CS Metal-Wagner Houses Pool,111,8,25,10035
M273-DF1069,Activated,CS Metal,1,,FALSE,,TRUE,M273,Wagner Houses Pool,M273,,M-11,M,"100,043,289",DRINKFTN,I,M273,CS Metal-Wagner Houses Pool,111,8,25,10035
M273-DF1107,Activated,Water Cooler,1,,FALSE,Indoor,FALSE,M273,Wagner Houses Pool,M273,,M-11,M,"100,043,759",DRINKFTN,I,M273-BLG1566,Water Cooler-Wagner Houses Pool-WAGNER POOL,111,8,25,10035
M277-DF0138,Activated,A,1,TRUE,FALSE,"Under Tree, Near Ballfield, Just Outside Playground",TRUE,M277,Hell's Kitchen Park,M277,,M-04,M,"100,039,578",DRINKFTN,I,M277,A-Hell's Kitchen Park,104,3,18,10036
M277-DF0139,Activated,C,1,FALSE,FALSE,"Under Tree, In Playground, Near Ballfield",TRUE,M277,Hell's Kitchen Park,M277,,M-04,M,"100,039,563",DRINKFTN,I,M277,C-Hell's Kitchen Park,104,3,18,10036
M277-DF0140,Activated,C,1,FALSE,FALSE,"Under Tree, In Playground, Near Ballfield",TRUE,M277,Hell's Kitchen Park,M277,,M-04,M,"100,039,586",DRINKFTN,I,M277,C-Hell's Kitchen Park,104,3,18,10036
M285-DF0506,Activated,E High Low,2,TRUE,FALSE,In Playground,TRUE,M285,Dr. Ronald E. McNair Playground,M285,,M-11,M,"100,040,109",DRINKFTN,I,M285,E High Low-Dr. Ronald E. McNair Playground,111,8,25,10035
M286-DF0255,Activated,E High Low,2,FALSE,FALSE,Under Tree,TRUE,M286,Asphalt Green,M286-01,DeKovats Playground,M-08,M,"100,039,759",DRINKFTN,I,M286-01,E High Low-Asphalt Green-DeKovats Playground,108,5,19,10128
M288-DF0145,Activated,F High Low,2,TRUE,FALSE,In Playground,TRUE,M288,Ramon Aponte Park,M288,,M-04,M,"100,039,584",DRINKFTN,I,M288,F High Low-Ramon Aponte Park,104,3,18,10036
M294-DF0253,Activated,C,1,FALSE,FALSE,In Playground,TRUE,M294,Ruppert Park,M294,,M-08,M,"100,039,775",DRINKFTN,I,M294,C-Ruppert Park,108,5,19,10128
M294-DF0254,Activated,C,1,FALSE,FALSE,Out in Open,TRUE,M294,Ruppert Park,M294,,M-08,M,"100,039,752",DRINKFTN,I,M294,C-Ruppert Park,108,5,19,10128
M308-DF0349,Activated,Pedestal,1,TRUE,FALSE,"Under Tree, In Playground",TRUE,M308,Washington Market Park,M308,,M-01,M,"100,039,922",DRINKFTN,I,M308,Pedestal-Washington Market Park,101,1,1,10013
M308-DF0350,Broken,Pedestal,1,TRUE,TRUE,Just Outside Playground,TRUE,M308,Washington Market Park,M308,,M-01,M,"100,039,945",DRINKFTN,I,M308,Pedestal-Washington Market Park,101,1,1,10013
M308-DF0872,NotYetActivated,Other,1,,FALSE,,TRUE,M308,Washington Market Park,M308,,M-01,M,"100,043,295",DRINKFTN,I,M308,Other-Washington Market Park,101,1,1,10013
M308-DF0876,NotYetActivated,Other,1,,FALSE,,TRUE,M308,Washington Market Park,M308,,M-01,M,"100,043,325",DRINKFTN,I,M308,Other-Washington Market Park,101,1,1,10013
M353-DF0028,Activated,D,1,FALSE,FALSE,"Under Tree, In Playground",TRUE,M353,Riverside Park South,M353-01,Little Engine Playground,M-14,M,"100,039,242",DRINKFTN,I,M353-01,D-Riverside Park South-Little Engine Playground,107,6,20,10069
M353-DF0046,Broken,D,1,TRUE,FALSE,Out in Open,TRUE,M353,Riverside Park South,M353-ZN01,South Waterfront West Side,M-14,M,"100,039,265",DRINKFTN,I,M353-ZN01,D-Riverside Park South-South Waterfront West Side,107,6,20,10069
M353-DF0077,Broken,D,1,TRUE,FALSE,Out in Open,TRUE,M353,Riverside Park South,M353-ZN01,South Waterfront West Side,M-14,M,"100,039,302",DRINKFTN,I,M353-ZN01,D-Riverside Park South-South Waterfront West Side,107,6,20,10069
M353-DF0078,Activated,D,1,TRUE,FALSE,"Under Tree, In Shade",TRUE,M353,Riverside Park South,M353-ZN03,South Waterfront Bike Path,M-14,M,"100,039,329",DRINKFTN,I,M353-ZN03,D-Riverside Park South-South Waterfront Bike Path,107,6,20,10023
M353-DF0079,Activated,D,1,TRUE,FALSE,Out in Open,TRUE,M353,Riverside Park South,M353-ZN03,South Waterfront Bike Path,M-14,M,"100,039,305",DRINKFTN,I,M353-ZN03,D-Riverside Park South-South Waterfront Bike Path,107,6,20,10069
M353-DF0686,Activated,CS Metal,1,,FALSE,,TRUE,M353,Riverside Park South,M353-ZN03,South Waterfront Bike Path,M-14,M,"100,043,272",DRINKFTN,I,M353-ZN03,CS Metal-Riverside Park South-South Waterfront Bike Path,107,6,20,10069
M355-DF0533,Activated,E High Low,2,TRUE,FALSE,In Playground,TRUE,M355,Robert L. Clinkscales Playground and Community Garden,M355,,M-10,M,"100,040,100",DRINKFTN,I,M355,E High Low-Robert L. Clinkscales Playground and Community Garden,110,9,32,10039
M360-DF0117,NotYetActivated,Trough,1,TRUE,FALSE,Out in Open,TRUE,M360,The High Line,M360-ZN01,The High Line Zone 1,M-16,M,"100,039,433",DRINKFTN,I,M360-ZN01,Trough-The High Line-The High Line Zone 1,104,3,10,10011
M360-DF0118,NotYetActivated,Other,1,TRUE,FALSE,Out in Open,TRUE,M360,The High Line,M360-ZN01,The High Line Zone 1,M-16,M,"100,039,486",DRINKFTN,I,M360-ZN01,Other-The High Line-The High Line Zone 1,104,3,10,10011
M360-DF0119,NotYetActivated,Other,1,TRUE,FALSE,Out in Open,TRUE,M360,The High Line,M360-ZN02,The High Line Zone 2,M-16,M,"100,039,435",DRINKFTN,I,M360-ZN02,Other-The High Line-The High Line Zone 2,104,3,10,10011
M360-DF0120,NotYetActivated,Trough,1,TRUE,FALSE,Out in Open,TRUE,M360,The High Line,M360-ZN02,The High Line Zone 2,M-16,M,"100,039,459",DRINKFTN,I,M360-ZN02,Trough-The High Line-The High Line Zone 2,104,3,10,10001
M360-DF0121,NotYetActivated,Trough,1,TRUE,FALSE,"Out in Open, Just Outside Playground",TRUE,M360,The High Line,M360-ZN02,The High Line Zone 2,M-16,M,"100,039,491",DRINKFTN,I,M360-ZN02,Trough-The High Line-The High Line Zone 2,104,3,10,10001
M360-DF0869,NotYetActivated,Trough,1,,FALSE,,TRUE,M360,The High Line,M360-ZN01,The High Line Zone 1,M-16,M,"100,043,324",DRINKFTN,I,M360-ZN01,Trough-The High Line-The High Line Zone 1,102,3,6,10014
M376-DF0058,Activated,Pedestal,1,FALSE,FALSE,Out in Open,TRUE,M376,West Harlem Piers,M376,,M-14,M,"100,039,335",DRINKFTN,I,M376,Pedestal-West Harlem Piers,109,7,26,10027
M376-DF0059,Broken,Other,1,FALSE,FALSE,Out in Open,TRUE,M376,West Harlem Piers,M376,,M-14,M,"100,039,386",DRINKFTN,I,M376,Other-West Harlem Piers,109,7,26,10027
M376-DF0060,Broken,Other,1,FALSE,FALSE,Under Tree,TRUE,M376,West Harlem Piers,M376,,M-14,M,"100,039,309",DRINKFTN,I,M376,Other-West Harlem Piers,109,7,26,10027
M378-DF0335,Activated,E High Low,2,TRUE,FALSE,Out in Open,TRUE,M378,Pearl St Playground,M378,,M-01,M,"100,039,943",DRINKFTN,I,M378,E High Low-Pearl St Playground,101,1,1,10038
M385-DF0871,UnderConstruction,F,1,,FALSE,,TRUE,M385,DeLury Square,M385,,M-01,M,"100,043,268",DRINKFTN,I,M385,F-DeLury Square,101,1,1,10038
M386-DF0334,Activated,E High Low,2,TRUE,FALSE,Out in Open,TRUE,M386,Imagination Playground,M386,,M-01,M,"100,039,960",DRINKFTN,I,M386,E High Low-Imagination Playground,101,1,1,10038
M391-DF0331,Activated,Pedestal,1,FALSE,FALSE,In Shade,TRUE,M391,East River Waterfront Esplanade,M391,,M-01,M,"100,039,926",DRINKFTN,I,M391,Pedestal-East River Waterfront Esplanade,101,1,1,10004
M391-DF0332,Activated,Pedestal,1,FALSE,FALSE,In Shade,TRUE,M391,East River Waterfront Esplanade,M391,,M-01,M,"100,039,949",DRINKFTN,I,M391,Pedestal-East River Waterfront Esplanade,101,1,1,10004
M391-DF0333,Activated,Pedestal High Low,2,FALSE,FALSE,In Shade,TRUE,M391,East River Waterfront Esplanade,M391,,M-01,M,"100,039,977",DRINKFTN,I,M391,Pedestal High Low-East River Waterfront Esplanade,101,1,1,10038
M391-DF0470,Activated,Other,1,FALSE,FALSE,"In Shade, Near Ballfield",TRUE,M391,East River Waterfront Esplanade,M391-ZN02,East River Waterfront Esplanade Zone 2,M-01,M,"100,039,989",DRINKFTN,I,M391-ZN02,Other-East River Waterfront Esplanade-East River Waterfront Esplanade Zone 2,103,1,7,10002
M391-DF0471,Activated,Other,1,FALSE,FALSE,"In Shade, Near Ballfield",TRUE,M391,East River Waterfront Esplanade,M391-ZN02,East River Waterfront Esplanade Zone 2,M-01,M,"100,040,077",DRINKFTN,I,M391-ZN02,Other-East River Waterfront Esplanade-East River Waterfront Esplanade Zone 2,103,1,7,10002
M391-DF0472,Activated,Other,1,FALSE,FALSE,"Near Ballfield, In Shade",TRUE,M391,East River Waterfront Esplanade,M391-ZN02,East River Waterfront Esplanade Zone 2,M-01,M,"100,040,038",DRINKFTN,I,M391-ZN02,Other-East River Waterfront Esplanade-East River Waterfront Esplanade Zone 2,103,1,7,10002
M399-DF0339,NotYetActivated,F,1,TRUE,FALSE,Just Outside Playground,TRUE,M399,Bella Abzug Park,M399,,M-04,M,"100,039,901",DRINKFTN,I,M399,F-Bella Abzug Park,104,3,10,10018
M399-DF0340,NotYetActivated,F,1,TRUE,FALSE,Out in Open,TRUE,M399,Bella Abzug Park,M399,,M-04,M,"100,039,924",DRINKFTN,I,M399,F-Bella Abzug Park,104,3,10,10001
M399-DF0342,NotYetActivated,F,1,TRUE,FALSE,Out in Open,TRUE,M399,Bella Abzug Park,M399,,M-04,M,"100,039,972",DRINKFTN,I,M399,F-Bella Abzug Park,104,3,10,10001
M404-DF0111,NotYetActivated,E,1,TRUE,FALSE,Out in Open,TRUE,M404,NYC AIDS Memorial Park at St. Vincent’s Triangle,M404,,M-02,M,"100,039,461",DRINKFTN,I,M404,E-NYC AIDS Memorial Park at St. Vincent’s Triangle,102,3,6,10011
MT02-DF1028,Activated,Indoor Drinking Fountain,1,,FALSE,Indoor,FALSE,MT02,Arsenal North,MT02,,M-11,M,"100,043,329",DRINKFTN,I,MT02-BLG0001,Indoor Drinking Fountain-Arsenal North,111,8,23,10029
MT02-DF1078,Activated,Bottle Filler Fountain,2,,FALSE,Indoor,FALSE,MT02,Arsenal North,MT02,,M-11,M,"100,042,471",DRINKFTN,I,MT02-BLG0001,Bottle Filler Fountain-Arsenal North,111,8,23,10029
MT03-DF1029,Activated,Water Cooler,1,,FALSE,Indoor,FALSE,MT03,Arsenal West,MT03,,M-07,M,"100,043,280",DRINKFTN,I,MT03-BLG0001,Water Cooler-Arsenal West-Arsenal West,107,3,20,10023
MT03-DF1030,Activated,Food Prep Sink,1,,FALSE,Indoor,FALSE,MT03,Arsenal West,MT03,,M-07,M,"100,043,282",DRINKFTN,I,MT03-BLG0001,Food Prep Sink-Arsenal West,107,3,20,10023
MT03-DF1031,Activated,Bottle Filler Fountain,2,,FALSE,Indoor,FALSE,MT03,Arsenal West,MT03,,M-07,M,"100,043,307",DRINKFTN,I,MT03-BLG0001,Bottle Filler Fountain-Arsenal West,107,3,20,10023
MT03-DF1032,Activated,Bottle Filler Fountain,2,,FALSE,Indoor,FALSE,MT03,Arsenal West,MT03,,M-07,M,"100,043,332",DRINKFTN,I,MT03-BLG0001,Bottle Filler Fountain-Arsenal West,107,3,20,10023
MT03-DF1033,Activated,Indoor Drinking Fountain,1,,FALSE,Indoor,FALSE,MT03,Arsenal West,MT03,,M-07,M,"100,043,248",DRINKFTN,I,MT03-BLG0001,Indoor Drinking Fountain-Arsenal West,107,3,20,10023
MT03-DF1034,Activated,Food Prep Sink,1,,FALSE,Indoor,FALSE,MT03,Arsenal West,MT03,,M-07,M,"100,043,304",DRINKFTN,I,MT03-BLG0001,Food Prep Sink-Arsenal West,107,3,20,10023
MT03-DF1079,Activated,Food Prep Sink,1,,FALSE,Indoor,FALSE,MT03,Arsenal West,MT03,,M-07,M,"100,042,468",DRINKFTN,I,MT03-BLG0001,Food Prep Sink-Arsenal West,107,3,20,10023
MT03-DF1080,Activated,Water Cooler,1,,FALSE,Indoor,FALSE,MT03,Arsenal West,MT03,,M-07,M,"100,042,478",DRINKFTN,I,MT03-BLG0001,Water Cooler-Arsenal West-Arsenal West,107,3,20,10023
MT03-DF1081,Activated,Bottle Filler Fountain,2,,FALSE,Indoor,FALSE,MT03,Arsenal West,MT03,,M-07,M,"100,042,481",DRINKFTN,I,MT03-BLG0001,Bottle Filler Fountain-Arsenal West,107,3,20,10023
MT03-DF1082,Activated,Food Prep Sink,1,,FALSE,Indoor,FALSE,MT03,Arsenal West,MT03,,M-07,M,"100,042,484",DRINKFTN,I,MT03-BLG0001,Food Prep Sink-Arsenal West,107,3,20,10023
MT03-DF1083,Activated,Water Cooler,1,,FALSE,Indoor,FALSE,MT03,Arsenal West,MT03,,M-07,M,"100,042,460",DRINKFTN,I,MT03-BLG0001,Water Cooler-Arsenal West-Arsenal West,107,3,20,10023
MT03-DF1084,Activated,Bottle Filler Fountain,2,,FALSE,Indoor,FALSE,MT03,Arsenal West,MT03,,M-07,M,"100,042,465",DRINKFTN,I,MT03-BLG0001,Bottle Filler Fountain-Arsenal West,107,3,20,10023
MZ02-DF0870,Activated,F High Low,2,,FALSE,,TRUE,MZ02,,MZ02,,M-02,M,"100,043,251",DRINKFTN,I,MZ02,F High Low-Spring Street Park,102,3,1,10013
MZ458-DF0918,Activated,F and Dog,2,,FALSE,at Monroe st,TRUE,MZ458,,MZ458,,M-03,M,"100,043,279",DRINKFTN,I,MZ458,F and Dog-Pike Street Malls,103,1,7,10002
MZ467-DF0879,Activated,D,1,,FALSE,,TRUE,MZ467,,MZ467,,M-12,M,"100,043,281",DRINKFTN,I,MZ467,D-Sherman Creek Waterfront Parks,112,10,34,10034
MZ468-DF0880,Activated,D,1,,FALSE,,TRUE,MZ468,,MZ468,,M-12,M,"100,043,247",DRINKFTN,I,MZ468,D-Sherman Creek Waterfront Parks,112,10,34,10034
MZ469-DF0881,Activated,D,1,,FALSE,,TRUE,MZ469,,MZ469,,M-12,M,"100,043,275",DRINKFTN,I,MZ469,D-Sherman Creek Waterfront Parks,112,10,34,10034
MZ470-DF0882,Activated,D,1,,FALSE,,TRUE,MZ470,,MZ470,,M-12,M,"100,043,249",DRINKFTN,I,MZ470,D-Sherman Creek Waterfront Parks,112,10,34,10034
Q001A-DF0708,Activated,Bottle Filler High Low,3,FALSE,FALSE,Near Ballfield,TRUE,Q001A,Alley Athletic Playground,Q001-ZN01,Alley Pond Park Zone 1,Q-07A,Q,"100,039,757",DRINKFTN,I,Q001-ZN01,Bottle Filler High Low-Alley Athletic Playground-Alley Pond Park Zone 1,413,23,105,11426
Q001A-DF0709,Activated,C,1,FALSE,FALSE,Just Outside Playground,TRUE,Q001A,Alley Athletic Playground,Q001A-01,Alley Athletic Playground,Q-07A,Q,"100,039,788",DRINKFTN,I,Q001A-01,C-Alley Athletic Playground-Alley Athletic Playground,413,23,105,11426
Q001A-DF0710,Activated,A,1,FALSE,FALSE,Out in Open,TRUE,Q001A,Alley Athletic Playground,Q001-ZN01,Alley Pond Park Zone 1,Q-07A,Q,"100,039,766",DRINKFTN,I,Q001-ZN01,A-Alley Athletic Playground-Alley Pond Park Zone 1,413,23,105,11426
Q001A-DF0711,Activated,A,1,FALSE,FALSE,Out in Open,TRUE,Q001A,Alley Athletic Playground,Q001-ZN01,Alley Pond Park Zone 1,Q-07A,Q,"100,039,745",DRINKFTN,I,Q001-ZN01,A-Alley Athletic Playground-Alley Pond Park Zone 1,413,23,105,11426
Q001A-DF0712,Activated,A,1,FALSE,FALSE,Near Ballfield,TRUE,Q001A,Alley Athletic Playground,Q001-ZN01,Alley Pond Park Zone 1,Q-07A,Q,"100,039,772",DRINKFTN,I,Q001-ZN01,A-Alley Athletic Playground-Alley Pond Park Zone 1,413,23,105,11426
Q001A-DF0713,Activated,A,1,FALSE,FALSE,Near Ballfield,TRUE,Q001A,Alley Athletic Playground,Q001-ZN01,Alley Pond Park Zone 1,Q-07A,Q,"100,039,750",DRINKFTN,I,Q001-ZN01,A-Alley Athletic Playground-Alley Pond Park Zone 1,413,23,105,11426
Q001-DF0665,Activated,A,1,FALSE,FALSE,In Playground,TRUE,Q001,Alley Pond Park,Q001-04,Horatio Playground,Q-07A,Q,"100,039,659",DRINKFTN,I,Q001-04,A-Alley Pond Park-Horatio Playground,411,23,111,11364
Q001-DF0666,Activated,A,1,FALSE,FALSE,Out in Open,TRUE,Q001,Alley Pond Park,Q001-04,Horatio Playground,Q-07A,Q,"100,039,680",DRINKFTN,I,Q001-04,A-Alley Pond Park-Horatio Playground,411,23,111,11364
Q001-DF0700,Activated,A,1,FALSE,FALSE,Near Ballfield,TRUE,Q001,Alley Pond Park,Q001-ZN03,Alley Pond Park Zone 3,Q-07A,Q,"100,039,773",DRINKFTN,I,Q001-ZN03,A-Alley Pond Park-Alley Pond Park Zone 3,411,23,111,11364
Q001-DF0701,Activated,A,1,FALSE,FALSE,Out in Open,TRUE,Q001,Alley Pond Park,Q001-ZN03,Alley Pond Park Zone 3,Q-07A,Q,"100,039,771",DRINKFTN,I,Q001-ZN03,A-Alley Pond Park-Alley Pond Park Zone 3,411,23,111,11364
Q001-DF0702,Activated,A,1,FALSE,FALSE,Out in Open,TRUE,Q001,Alley Pond Park,Q001-ZN03,Alley Pond Park Zone 3,Q-07A,Q,"100,039,778",DRINKFTN,I,Q001-ZN03,A-Alley Pond Park-Alley Pond Park Zone 3,411,23,111,11364
Q001-DF0703,Activated,A,1,FALSE,FALSE,Out in Open,TRUE,Q001,Alley Pond Park,Q001-ZN03,Alley Pond Park Zone 3,Q-07A,Q,"100,039,756",DRINKFTN,I,Q001-ZN03,A-Alley Pond Park-Alley Pond Park Zone 3,411,23,111,11364
Q001-DF0704,Activated,A,1,FALSE,FALSE,Near Ballfield,TRUE,Q001,Alley Pond Park,Q001-ZN02,Alley Pond Park Zone 2,Q-07A,Q,"100,039,787",DRINKFTN,I,Q001-ZN02,A-Alley Pond Park-Alley Pond Park Zone 2,411,23,111,11364
Q001-DF0705,Activated,B,1,FALSE,FALSE,Out in Open,TRUE,Q001,Alley Pond Park,Q001-ZN02,Alley Pond Park Zone 2,Q-07A,Q,"100,039,769",DRINKFTN,I,Q001-ZN02,B-Alley Pond Park-Alley Pond Park Zone 2,411,23,111,11364
Q001-DF0706,Activated,A,1,FALSE,FALSE,Out in Open,TRUE,Q001,Alley Pond Park,Q001-ZN04,Alley Pond Park Zone 4,Q-07A,Q,"100,039,748",DRINKFTN,I,Q001-ZN04,A-Alley Pond Park-Alley Pond Park Zone 4,411,23,111,11364
Q001-DF0707,Activated,A,1,FALSE,FALSE,Out in Open,TRUE,Q001,Alley Pond Park,Q001-ZN04,Alley Pond Park Zone 4,Q-07A,Q,"100,039,780",DRINKFTN,I,Q001-ZN04,A-Alley Pond Park-Alley Pond Park Zone 4,411,23,111,11364
Q001-DF0810,Activated,A,1,FALSE,FALSE,Near Ballfield,TRUE,Q001,Alley Pond Park,Q001-ZN02,Alley Pond Park Zone 2,Q-07A,Q,"100,040,365",DRINKFTN,I,Q001-ZN02,A-Alley Pond Park-Alley Pond Park Zone 2,411,23,111,11364
Q001-DF0811,Activated,A,1,FALSE,FALSE,"In Shade, Just Outside Playground",TRUE,Q001,Alley Pond Park,Q001-ZN02,Alley Pond Park Zone 2,Q-07A,Q,"100,040,387",DRINKFTN,I,Q001-ZN02,A-Alley Pond Park-Alley Pond Park Zone 2,411,23,111,11364
Q001-DF0813,Activated,A,1,FALSE,FALSE,"In Shade, Out in Open",TRUE,Q001,Alley Pond Park,Q001-ZN04,Alley Pond Park Zone 4,Q-07A,Q,"100,040,341",DRINKFTN,I,Q001-ZN04,A-Alley Pond Park-Alley Pond Park Zone 4,411,23,111,11364
Q001-DF0814,Activated,B,1,FALSE,FALSE,"In Shade, Out in Open",TRUE,Q001,Alley Pond Park,Q001-ZN02,Alley Pond Park Zone 2,Q-07A,Q,"100,040,384",DRINKFTN,I,Q001-ZN02,B-Alley Pond Park-Alley Pond Park Zone 2,411,23,111,11364
Q001-DF0994,Activated,Water Cooler,1,,FALSE,Indoor,FALSE,Q001,Alley Pond Park,Q001-ZN02,Alley Pond Park Zone 2,Q-07A,Q,"100,043,246",DRINKFTN,I,Q001-ZN02-BLG0448,Water Cooler-Alley Pond Park-Alley Pond Nature Center - Adventure Course,411,23,111,11364
Q001-DF0995,Activated,Slop Sink,1,,FALSE,Indoor,FALSE,Q001,Alley Pond Park,Q001-ZN02,Alley Pond Park Zone 2,Q-07A,Q,"100,043,322",DRINKFTN,I,Q001-ZN02-BLG0448,Slop Sink-Alley Pond Park-Nature Center-Adventure Course,411,23,111,11364
Q002-DF0512,Activated,C,1,FALSE,FALSE,In Playground,TRUE,Q002,Grover Cleveland Playground,Q002,,Q-05,Q,"100,038,804",DRINKFTN,I,Q002,C-Grover Cleveland Playground,405,34,104,11385
Q002-DF0513,Activated,C,1,FALSE,FALSE,In Playground,TRUE,Q002,Grover Cleveland Playground,Q002,,Q-05,Q,"100,038,806",DRINKFTN,I,Q002,C-Grover Cleveland Playground,405,34,104,11385
Q002-DF0514,Activated,C,1,FALSE,FALSE,Near Ballfield,TRUE,Q002,Grover Cleveland Playground,Q002,,Q-05,Q,"100,038,832",DRINKFTN,I,Q002,C-Grover Cleveland Playground,405,34,104,11385
Q002-DF0516,Activated,C,1,FALSE,FALSE,Near Ballfield,TRUE,Q002,Grover Cleveland Playground,Q002,,Q-05,Q,"100,038,825",DRINKFTN,I,Q002,C-Grover Cleveland Playground,405,34,104,11385
Q002-DF0904,Activated,C,1,,FALSE,Near Ballfield,TRUE,Q002,Grover Cleveland Playground,Q002,,Q-05,Q,"100,043,276",DRINKFTN,I,Q002,C-Grover Cleveland Playground,405,34,104,11385
Q004-DF0104,Activated,A,1,,FALSE,In Playground,TRUE,Q004,Astoria Park,Q004-ZN01,Astoria Park Zone 1,Q-01,Q,"100,038,099",DRINKFTN,I,Q004-ZN01,A-Astoria Park-Astoria Park Zone 1,401,22,114,11105
Q004-DF0105,Activated,A,1,FALSE,FALSE,In Playground,TRUE,Q004,Astoria Park,Q004-ZN01,Astoria Park Zone 1,Q-01,Q,"100,038,122",DRINKFTN,I,Q004-ZN01,A-Astoria Park-Astoria Park Zone 1,401,22,114,11105
Q004-DF0106,Activated,D,1,FALSE,FALSE,In Playground,TRUE,Q004,Astoria Park,Q004-ZN01,Astoria Park Zone 1,Q-01,Q,"100,038,139",DRINKFTN,I,Q004-ZN01,D-Astoria Park-Astoria Park Zone 1,401,22,114,11105
Q004-DF0107,Activated,A,1,FALSE,FALSE,In Playground,TRUE,Q004,Astoria Park,Q004-ZN01,Astoria Park Zone 1,Q-01,Q,"100,038,166",DRINKFTN,I,Q004-ZN01,A-Astoria Park-Astoria Park Zone 1,401,22,114,11105
Q004-DF0459,Activated,A,1,FALSE,FALSE,Out in Open,TRUE,Q004,Astoria Park,Q004-ZN03,Astoria Park Zone 3,Q-01,Q,"100,038,725",DRINKFTN,I,Q004-ZN03,A-Astoria Park-Astoria Park Zone 3,401,22,114,11105
Q004-DF0460,Activated,A,1,FALSE,FALSE,"Out in Open, Under Tree",TRUE,Q004,Astoria Park,Q004-ZN02,Astoria Park Zone 2,Q-01,Q,"100,038,770",DRINKFTN,I,Q004-ZN02,A-Astoria Park-Astoria Park Zone 2,401,22,114,11105
Q004-DF0461,UnderConstruction,D,1,FALSE,FALSE,In Playground,TRUE,Q004,Astoria Park,Q004-01,Charybdis Playground,Q-01,Q,"100,038,776",DRINKFTN,I,Q004-01,D-Astoria Park-Charybdis Playground,401,22,114,11105
Q004-DF0462,Activated,A,1,FALSE,TRUE,Out in Open,TRUE,Q004,Astoria Park,Q004-ZN02,Astoria Park Zone 2,Q-01,Q,"100,038,699",DRINKFTN,I,Q004-ZN02,A-Astoria Park-Astoria Park Zone 2,401,22,114,11105
Q004-DF0463,Activated,A,1,FALSE,FALSE,"Out in Open, Under Tree, In Shade",TRUE,Q004,Astoria Park,Q004-ZN03,Astoria Park Zone 3,Q-01,Q,"100,038,726",DRINKFTN,I,Q004-ZN03,A-Astoria Park-Astoria Park Zone 3,401,22,114,11105
Q004-DF0815,Activated,A,1,FALSE,FALSE,"Under Tree, Out in Open",TRUE,Q004,Astoria Park,Q004-ZN02,Astoria Park Zone 2,Q-01,Q,"100,040,309",DRINKFTN,I,Q004-ZN02-BLG0442,A-Astoria Park-Pool Building,401,22,114,11105
Q004-DF0838,Activated,A,1,,FALSE,Out_in_Open,TRUE,Q004,Astoria Park,Q004-ZN02,Astoria Park Zone 2,Q-01,Q,"100,043,303",DRINKFTN,I,Q004-ZN02,A-Astoria Park-Astoria Park Zone 2,401,22,114,11105
Q004-DF0839,Activated,A,1,,TRUE,Out_in_Open,TRUE,Q004,Astoria Park,Q004-ZN02,Astoria Park Zone 2,Q-01,Q,"100,042,321",DRINKFTN,I,Q004-ZN02,A-Astoria Park-Astoria Park Zone 2,401,22,114,11105
Q004-DF0939,Activated,Indoor Drinking Fountain,1,,FALSE,Indoor,FALSE,Q004,Astoria Park,Q004-ZN01,Astoria Park Zone 1,Q-01,Q,"100,043,244",DRINKFTN,I,Q066A-BLG0630,Indoor Drinking Fountain-Astoria Park-Triborough Bridge Playground A CS,401,22,114,11105
Q004-DF0996,Activated,A,1,,FALSE,Indoor,FALSE,Q004,Astoria Park,Q004-ZN02,Astoria Park Zone 2,Q-01,Q,"100,043,273",DRINKFTN,I,Q004-ZN02-BLG0442,A-Astoria Park-Pool Building,401,22,114,11105
Q004-DF0997,Activated,A,1,,FALSE,Indoor,FALSE,Q004,Astoria Park,Q004-ZN02,Astoria Park Zone 2,Q-01,Q,"100,043,297",DRINKFTN,I,Q004-ZN02-BLG0442,A-Astoria Park-Pool Building,401,22,114,11105
Q004-DF0998,Activated,Indoor Drinking Fountain,1,,FALSE,Indoor,FALSE,Q004,Astoria Park,Q004-ZN02,Astoria Park Zone 2,Q-01,Q,"100,043,326",DRINKFTN,I,Q004-ZN02-BLG0442,Indoor Drinking Fountain-Astoria Park-Pool Building,401,22,114,11105
Q004-DF0999,Activated,Water Cooler,1,,FALSE,Indoor,FALSE,Q004,Astoria Park,Q004-ZN02,Astoria Park Zone 2,Q-01,Q,"100,043,245",DRINKFTN,I,Q004-ZN02-BLG0442,Water Cooler-Astoria Park-Astoria Park,401,22,114,11105
Q004-DF1000,Activated,Indoor Drinking Fountain,1,,FALSE,Indoor,FALSE,Q004,Astoria Park,Q004-ZN02,Astoria Park Zone 2,Q-01,Q,"100,043,734",DRINKFTN,I,Q004-ZN02-BLG0443,Indoor Drinking Fountain-Astoria Park-Pool Concession,401,22,114,11105
Q005-DF0313,Activated,A,1,TRUE,FALSE,Under Tree,TRUE,Q005,Baisley Pond Park,Q005-ZN01,Baisley Pond Park Zone 1,Q-12,Q,"100,038,523",DRINKFTN,I,Q005-06,A-Baisley Pond Park-Baisley Pond Park,412,28,113,11434
Q005-DF0314,Activated,A,1,FALSE,FALSE,Near Ballfield,TRUE,Q005,Baisley Pond Park,Q005-ZN01,Baisley Pond Park Zone 1,Q-12,Q,"100,038,505",DRINKFTN,I,Q005-ZN01,A-Baisley Pond Park-Baisley Pond Park Zone 1,412,28,113,11434
Q005-DF0315,Activated,A,1,FALSE,FALSE,Near Ballfield,TRUE,Q005,Baisley Pond Park,Q005-ZN01,Baisley Pond Park Zone 1,Q-12,Q,"100,038,529",DRINKFTN,I,Q005-ZN01,A-Baisley Pond Park-Baisley Pond Park Zone 1,412,28,113,11434
Q005-DF0319,Activated,C,1,FALSE,FALSE,"Out in Open, Under Tree",TRUE,Q005,Baisley Pond Park,Q005-04,Lakeview Lane Playground,Q-12,Q,"100,038,552",DRINKFTN,I,Q005-04,C-Baisley Pond Park-Lakeview Lane Playground,412,28,113,11434
Q005-DF0324,Activated,C,1,FALSE,FALSE,Out in Open,TRUE,Q005,Baisley Pond Park,Q005-ZN03,Baisley Pond Park Zone 3,Q-12,Q,"100,038,527",DRINKFTN,I,Q005-ZN03,C-Baisley Pond Park-Baisley Pond Park Zone 3,412,28,113,11434
Q005-DF0326,Activated,A,1,TRUE,FALSE,Near Ballfield,TRUE,Q005,Baisley Pond Park,Q005-ZN05,Baisley Pond Park Zone 5,Q-12,Q,"100,038,576",DRINKFTN,I,Q005-ZN05,A-Baisley Pond Park-Baisley Pond Park Zone 5,412,28,113,11434
Q005-DF0329,Activated,A,1,TRUE,FALSE,"Under Tree, Near Ballfield",TRUE,Q005,Baisley Pond Park,Q005-11,Baisley Park South,Q-12,Q,"100,038,574",DRINKFTN,I,Q005-11,A-Baisley Pond Park-Baisley Park South,412,28,113,11434
Q005-DF0330,Activated,D,1,TRUE,FALSE,In Playground,TRUE,Q005,Baisley Pond Park,Q005-11,Baisley Park South,Q-12,Q,"100,038,501",DRINKFTN,I,Q005-11,D-Baisley Pond Park-Baisley Park South,412,28,113,11434
Q005-DF0331,Activated,A,1,FALSE,TRUE,Near Ballfield,TRUE,Q005,Baisley Pond Park,Q005-ZN05,Baisley Pond Park Zone 5,Q-12,Q,"100,038,515",DRINKFTN,I,Q005-ZN05,A-Baisley Pond Park-Baisley Pond Park Zone 5,412,28,113,11434
Q005-DF0332,Activated,E,1,FALSE,FALSE,In Playground,TRUE,Q005,Baisley Pond Park,Q005-12,Rockaway Blvd Playground,Q-12,Q,"100,038,618",DRINKFTN,I,Q005-12,E-Baisley Pond Park-Rockaway Blvd Playground,412,28,113,11434
Q005-DF0449,Activated,A,1,FALSE,FALSE,Just Outside Playground,TRUE,Q005,Baisley Pond Park,Q005-05,157 St Playground,Q-12,Q,"100,038,780",DRINKFTN,I,Q005-05,A-Baisley Pond Park-157 St Playground-Comfort Station,412,28,113,11434
Q005-DF0450,Activated,A,1,TRUE,FALSE,Near Ballfield,TRUE,Q005,Baisley Pond Park,Q005-05,157 St Playground,Q-12,Q,"100,038,704",DRINKFTN,I,Q005-05,A-Baisley Pond Park-157 St Playground,412,28,113,11434
Q005-DF0567,Activated,C,1,FALSE,TRUE,In Playground,TRUE,Q005,Baisley Pond Park,Q005-01,Sutphin Playground,Q-12,Q,"100,039,301",DRINKFTN,I,Q005-01,C-Baisley Pond Park-Sutphin Playground,412,28,113,11434
Q005-DF0760,Activated,C,1,FALSE,FALSE,Out in Open,TRUE,Q005,Baisley Pond Park,Q005-ZN04,Baisley Pond Park Zone 4,Q-12,Q,"100,040,182",DRINKFTN,I,Q005-ZN04,C-Baisley Pond Park-Baisley Pond Park Zone 4,412,28,113,11434
Q005-DF0775,Activated,C,1,FALSE,FALSE,Under Tree,TRUE,Q005,Baisley Pond Park,Q005-ZN04,Baisley Pond Park Zone 4,Q-12,Q,"100,040,257",DRINKFTN,I,Q005-ZN04,C-Baisley Pond Park-Baisley Pond Park Zone 4,412,28,113,11434
Q005-DF0776,Activated,E,1,FALSE,FALSE,In Shade,TRUE,Q005,Baisley Pond Park,Q005-ZN02,Baisley Pond Park Zone 2,Q-12,Q,"100,040,283",DRINKFTN,I,Q005-ZN02,E-Baisley Pond Park-Baisley Pond Park Zone 2,412,28,113,11434
Q005-DF0840,Activated,A,1,,FALSE,In_Playground,TRUE,Q005,Baisley Pond Park,Q005-05,157 St Playground,Q-12,Q,"100,043,266",DRINKFTN,I,Q005-05,A-Baisley Pond Park-157 St Playground,412,28,113,11434
Q005-DF0841,Activated,C,1,,FALSE,"Under_Tree,In_Shade",TRUE,Q005,Baisley Pond Park,Q005-ZN03,Baisley Pond Park Zone 3,Q-12,Q,"100,043,290",DRINKFTN,I,Q005-ZN03,C-Baisley Pond Park-Baisley Pond Park Zone 3,412,28,113,11434
Q006-DF0726,Activated,E High Low,2,TRUE,FALSE,In Playground,TRUE,Q006,Bowne Park,Q006-01,Bowne Playground,Q-07,Q,"100,039,888",DRINKFTN,I,Q006-01,E High Low-Bowne Park-Bowne Playground,407,19,109,11354
Q006-DF0798,Activated,C,1,FALSE,FALSE,"Under Tree, In Shade",TRUE,Q006,Bowne Park,Q006,,Q-07,Q,"100,040,300",DRINKFTN,I,Q006,C-Bowne Park,407,19,109,11354
Q007-DF0233,Activated,A,1,FALSE,FALSE,In Shade,TRUE,Q007,Bayswater Park,Q007-01,Bayswater Playground,Q-14,Q,"100,038,485",DRINKFTN,I,Q007-01,A-Bayswater Park-Bayswater Playground,414,31,101,11691
Q007-DF0234,Activated,A,1,FALSE,FALSE,Out in Open,TRUE,Q007,Bayswater Park,Q007,,Q-14,Q,"100,038,465",DRINKFTN,I,Q007,A-Bayswater Park,414,31,101,11691
Q007-DF0239,Activated,D,1,TRUE,TRUE,In Playground,TRUE,Q007,Bayswater Park,Q007-01,Bayswater Playground,Q-14,Q,"100,038,490",DRINKFTN,I,Q007-01,D-Bayswater Park-Bayswater Playground,414,31,101,11691
Q007-DF0240,Activated,A,1,TRUE,FALSE,Out in Open,TRUE,Q007,Bayswater Park,Q007-01,Bayswater Playground,Q-14,Q,"100,038,469",DRINKFTN,I,Q007-01,A-Bayswater Park-Bayswater Playground,414,31,101,11691
Q007-DF0241,Activated,D,1,TRUE,FALSE,In Playground,TRUE,Q007,Bayswater Park,Q007-01,Bayswater Playground,Q-14,Q,"100,038,475",DRINKFTN,I,Q007-01,D-Bayswater Park-Bayswater Playground,414,31,101,11691
Q007-DF0248,Activated,A,1,TRUE,FALSE,Out in Open,TRUE,Q007,Bayswater Park,Q007,,Q-14,Q,"100,038,477",DRINKFTN,I,Q007,A-Bayswater Park,414,31,101,11691
Q007-DF0250,Activated,D,1,FALSE,TRUE,Near Ballfield,TRUE,Q007,Bayswater Park,Q007,,Q-14,Q,"100,038,498",DRINKFTN,I,Q007,D-Bayswater Park,414,31,101,11691
Q007-DF0253,Activated,D,1,FALSE,FALSE,Near Ballfield,TRUE,Q007,Bayswater Park,Q007,,Q-14,Q,"100,038,573",DRINKFTN,I,Q007,D-Bayswater Park,414,31,101,11691
Q007-DF0895,Activated,Bottle Filler High Low,3,,FALSE,,TRUE,Q007,Bayswater Park,Q007,,Q-14,Q,"100,043,250",DRINKFTN,I,Q007,Bottle Filler High Low-Bayswater Park,414,31,101,11691
Q008-DF0683,Activated,A,1,FALSE,FALSE,Out in Open,TRUE,Q008,Brookville Park,Q008-ZN01,Brookville Park Zone 1,Q-13,Q,"100,039,616",DRINKFTN,I,Q008-ZN01,A-Brookville Park-Brookville Park Zone 1,413,31,105,11422
Q008-DF0684,Activated,D,1,FALSE,FALSE,In Playground,TRUE,Q008,Brookville Park,Q008-02,Brookville Park Playground,Q-13,Q,"100,039,670",DRINKFTN,I,Q008-02,D-Brookville Park-Brookville Park Playground,413,31,105,11422
Q008-DF0685,Activated,E,1,,FALSE,Just Outside Playground,TRUE,Q008,Brookville Park,Q008-02,Brookville Park Playground,Q-13,Q,"100,039,645",DRINKFTN,I,Q008-02,E-Brookville Park-Brookville Park Playground,413,31,105,11422
Q008-DF0762,Activated,C,1,FALSE,FALSE,In Playground,TRUE,Q008,Brookville Park,Q008-01,Brookville Playground,Q-13,Q,"100,040,133",DRINKFTN,I,Q008-01,C-Brookville Park-Brookville Playground,413,31,105,11422
Q008-DF0763,Activated,D,1,FALSE,TRUE,Near Ballfield,TRUE,Q008,Brookville Park,Q008-ZN02,Brookville Park Zone 2,Q-13,Q,"100,040,157",DRINKFTN,I,Q008-ZN02,D-Brookville Park-Brookville Park Zone 2,413,31,105,11413
Q008-DF0842,Activated,E High Low,2,,FALSE,Near_Ballfield,TRUE,Q008,Brookville Park,Q008,,Q-13,Q,"100,043,300",DRINKFTN,I,Q008,E High Low-Brookville Park,413,31,105,11422
Q009-DF0646,Activated,C,1,FALSE,FALSE,In Playground,TRUE,Q009,Hermon A. MacNeil Park,Q009-01,MacNeil Playground,Q-07,Q,"100,039,505",DRINKFTN,I,Q009-01,C-Macneil Park-MacNeil Playground,407,19,109,11356
Q009-DF0647,Activated,C,1,FALSE,FALSE,"Under Tree, In Playground",TRUE,Q009,Hermon A. MacNeil Park,Q009-01,MacNeil Playground,Q-07,Q,"100,039,501",DRINKFTN,I,Q009-01,C-Macneil Park-MacNeil Playground,407,19,109,11356
Q009-DF0648,Activated,A,1,FALSE,FALSE,Near Ballfield,TRUE,Q009,Hermon A. MacNeil Park,Q009-ZN01,MacNeil Park Zone 1,Q-07,Q,"100,039,575",DRINKFTN,I,Q009-ZN01,A-Macneil Park-MacNeil Park Zone 1,407,19,109,11356
Q010A-DF0664,Activated,E and Dog,2,FALSE,FALSE,Out in Open,TRUE,Q010A,Little Bay Park,Q010A-ZN01,Little Bay Park Zone 1,Q-07A,Q,"100,039,657",DRINKFTN,I,Q010A-ZN01,E and Dog-Little Bay Park-Little Bay Park Zone 1,407,19,109,11360
Q010A-DF0669,Activated,E,1,TRUE,FALSE,Out in Open,TRUE,Q010A,Little Bay Park,Q010A-ZN02,Little Bay Park Zone 2,Q-07A,Q,"100,039,647",DRINKFTN,I,Q010A-ZN02,E-Little Bay Park-Little Bay Park Zone 2,407,19,109,11360
Q010A-DF0746,Activated,C,1,FALSE,FALSE,Near Ballfield,TRUE,Q010A,Little Bay Park,Q010A-ZN01,Little Bay Park Zone 1,Q-07A,Q,"100,040,187",DRINKFTN,I,Q010A-ZN01,C-Little Bay Park-Little Bay Park Zone 1,407,19,109,11360
Q010A-DF0747,Activated,E and Dog,2,FALSE,FALSE,Out in Open,TRUE,Q010A,Little Bay Park,Q010A-ZN01,Little Bay Park Zone 1,Q-07A,Q,"100,040,139",DRINKFTN,I,Q010A-ZN01,E and Dog-Little Bay Park-Little Bay Park Zone 1,407,19,109,11360
Q010A-DF0843,Activated,C,1,,FALSE,Out_in_Open,TRUE,Q010A,Little Bay Park,Q010A-ZN01,Little Bay Park Zone 1,Q-07A,Q,"100,043,274",DRINKFTN,I,Q010A-ZN01,C-Little Bay Park-Little Bay Park Zone 1,407,19,109,11360
Q010A-DF0844,Activated,F High Low,2,,FALSE,Out_in_Open,TRUE,Q010A,Little Bay Park,Q010A-ZN01,Little Bay Park Zone 1,Q-07A,Q,"100,043,299",DRINKFTN,I,Q010A-ZN01,F High Low-Little Bay Park-Little Bay Park Zone 1,407,19,109,11360
Q011-DF0651,Activated,J,1,FALSE,FALSE,In Playground,TRUE,Q011,Poppenhusen Playground,Q011,,Q-07,Q,"100,039,617",DRINKFTN,I,Q011,J-Poppenhusen Playground,407,19,109,11356
Q011-DF0652,Activated,A,1,FALSE,FALSE,"Out in Open, Just Outside Playground",TRUE,Q011,Poppenhusen Playground,Q011,,Q-07,Q,"100,039,642",DRINKFTN,I,Q011,A-Poppenhusen Playground,407,19,109,11356
Q012B-DF0752,Activated,A,1,FALSE,FALSE,Near Ballfield,TRUE,Q012B,John Golden Park,Q012B,,Q-07A,Q,"100,040,107",DRINKFTN,I,Q012B,A-John Golden Park,411,19,111,11361
Q012B-DF0753,Activated,A,1,FALSE,TRUE,Near Ballfield,TRUE,Q012B,John Golden Park,Q012B,,Q-07A,Q,"100,040,135",DRINKFTN,I,Q012B,A-John Golden Park,411,19,111,11361
Q012-DF0138,Activated,C,1,FALSE,FALSE,Out in Open,TRUE,Q012,Crocheron Park,Q012-ZN01,Crocheron Park Zone 1,Q-07A,Q,"100,038,330",DRINKFTN,I,Q012-ZN01,C-Crocheron Park-Crocheron Park Zone 1,411,19,111,11361
Q012-DF0748,Activated,E,1,FALSE,FALSE,In Playground,TRUE,Q012,Crocheron Park,Q012-01,Buz O'Rourke Playground,Q-07A,Q,"100,040,142",DRINKFTN,I,Q012-01,E-Crocheron Park-Buz O'Rourke Playground,411,19,111,11361
Q012-DF0749,UnderConstruction,C,1,,TRUE,Near Ballfield,TRUE,Q012,Crocheron Park,Q012-ZN01,Crocheron Park Zone 1,Q-07A,Q,"100,040,153",DRINKFTN,I,Q012-ZN01,C-Crocheron Park-Crocheron Park Zone 1,411,19,111,11361
Q012-DF0750,UnderConstruction,C,1,FALSE,FALSE,Just Outside Playground,TRUE,Q012,Crocheron Park,Q012-ZN01,Crocheron Park Zone 1,Q-07A,Q,"100,040,158",DRINKFTN,I,Q012-ZN01,C-Crocheron Park-Crocheron Park Zone 1,411,19,111,11361
Q012-DF0751,Activated,A,1,FALSE,FALSE,Out in Open,TRUE,Q012,Crocheron Park,Q012-ZN03,Crocheron Park Zone 3,Q-07A,Q,"100,040,184",DRINKFTN,I,Q012-ZN03,A-Crocheron Park-Crocheron Park Zone 3,411,19,111,11361
Q012-DF0804,Activated,A,1,FALSE,TRUE,Near Ballfield,TRUE,Q012,Crocheron Park,Q012-ZN03,Crocheron Park Zone 3,Q-07A,Q,"100,040,345",DRINKFTN,I,Q012-ZN03,A-Crocheron Park-Crocheron Park Zone 3,411,19,111,11361
Q012-DF0805,Activated,A,1,FALSE,FALSE,In Shade,TRUE,Q012,Crocheron Park,Q012-ZN03,Crocheron Park Zone 3,Q-07A,Q,"100,040,366",DRINKFTN,I,Q012-ZN03,A-Crocheron Park-Crocheron Park Zone 3,411,19,111,11361
Q013-DF0730,Activated,E,1,FALSE,FALSE,"Under Tree, Just Outside Playground",TRUE,Q013,Veterans Grove,Q013,,Q-04,Q,"100,040,037",DRINKFTN,I,Q013,E-Veterans Grove,404,25,110,11373
Q013-DF0731,Activated,E High Low,2,FALSE,FALSE,"Under Tree, In Playground",TRUE,Q013,Veterans Grove,Q013,,Q-04,Q,"100,040,060",DRINKFTN,I,Q013,E High Low-Veterans Grove,404,25,110,11373
Q014-DF0799,Activated,CS Metal,1,FALSE,FALSE,Just Outside Playground,TRUE,Q014,Astoria Heights Playground,Q014,,Q-01,Q,"100,040,315",DRINKFTN,I,Q014,CS Metal-Astoria Heights Playground,401,22,114,11103
Q014-DF0800,Activated,Bottle Filler High Low,3,TRUE,FALSE,Just Outside Playground,TRUE,Q014,Astoria Heights Playground,Q014,,Q-01,Q,"100,040,347",DRINKFTN,I,Q014,Bottle Filler High Low-Astoria Heights Playground,401,22,114,11103
Q014-DF0801,Activated,Bottle Filler,1,TRUE,FALSE,Just Outside Playground,TRUE,Q014,Astoria Heights Playground,Q014,,Q-01,Q,"100,040,367",DRINKFTN,I,Q014,Bottle Filler-Astoria Heights Playground,401,22,114,11103
Q014-DF0802,Activated,Bottle Filler High Low,3,TRUE,FALSE,Out in Open,TRUE,Q014,Astoria Heights Playground,Q014,,Q-01,Q,"100,040,290",DRINKFTN,I,Q014,Bottle Filler High Low-Astoria Heights Playground,401,22,114,11103
Q015-DF0001,UnderConstruction,CS Concrete,1,FALSE,FALSE,Just Outside Playground,TRUE,Q015,Forest Park,Q015-02,Sobelsohn Park,Q-16,Q,"100,037,746",DRINKFTN,I,Q015-02,CS Concrete-Forest Park-Sobelsohn Park,482,29,102,11415
Q015-DF0002,UnderConstruction,E,1,TRUE,FALSE,In Playground,TRUE,Q015,Forest Park,Q015-02,Sobelsohn Park,Q-16,Q,"100,037,761",DRINKFTN,I,Q015-02,E-Forest Park-Sobelsohn Park,482,29,102,11415
Q015-DF0003,UnderConstruction,E,1,TRUE,FALSE,In Playground,TRUE,Q015,Forest Park,Q015-02,Sobelsohn Park,Q-16,Q,"100,037,784",DRINKFTN,I,Q015-02,E-Forest Park-Sobelsohn Park,482,29,102,11415
Q015-DF0004,Activated,E High Low,2,TRUE,FALSE,In Playground,TRUE,Q015,Forest Park,Q015-07,Joseph Devoy Playground,Q-16,Q,"100,037,719",DRINKFTN,I,Q015-07,E High Low-Forest Park-Joseph Devoy Playground,482,30,102,11375
Q015-DF0005,Activated,A,1,,FALSE,Under Tree,TRUE,Q015,Forest Park,Q015-ZN04,Victory Field,Q-16,Q,"100,037,744",DRINKFTN,I,Q015-ZN04,A-Forest Park-Victory Field,482,30,102,11385
Q015-DF0006,Activated,A,1,TRUE,FALSE,In Shade,TRUE,Q015,Forest Park,Q015-ZN04,Victory Field,Q-16,Q,"100,037,753",DRINKFTN,I,Q015-ZN04,A-Forest Park-Victory Field,482,30,102,11385
Q015-DF0007,Activated,C,1,TRUE,FALSE,Near Ballfield,TRUE,Q015,Forest Park,Q015-ZN04,Victory Field,Q-16,Q,"100,037,820",DRINKFTN,I,Q015-ZN04,C-Forest Park-Victory Field,482,30,102,11385
Q015-DF0008,Activated,A,1,TRUE,FALSE,In Shade,TRUE,Q015,Forest Park,Q015-ZN04,Victory Field,Q-16,Q,"100,037,806",DRINKFTN,I,Q015-ZN04,A-Forest Park-Victory Field,482,30,102,11385
Q015-DF0009,Activated,A,1,,FALSE,"In Shade, Under Tree",TRUE,Q015,Forest Park,Q015-ZN04,Victory Field,Q-16,Q,"100,037,857",DRINKFTN,I,Q015-ZN04,A-Forest Park-Victory Field,482,30,102,11385
Q015-DF0010,Activated,D,1,TRUE,FALSE,Out in Open,TRUE,Q015,Forest Park,Q015-ZN04,Victory Field,Q-16,Q,"100,037,879",DRINKFTN,I,Q015-ZN04,D-Forest Park-Victory Field,482,30,102,11385
Q015-DF0011,Activated,A,1,TRUE,TRUE,Out in Open,TRUE,Q015,Forest Park,Q015-ZN04,Victory Field,Q-16,Q,"100,037,803",DRINKFTN,I,Q015-ZN04,A-Forest Park-Victory Field,482,30,102,11385
Q015-DF0012,Activated,C,1,FALSE,TRUE,In Shade,TRUE,Q015,Forest Park,Q015-03,Jackson Pond Playground,Q-16,Q,"100,037,892",DRINKFTN,I,Q015-03,C-Forest Park-Jackson Pond Playground,482,30,102,11385
Q015-DF0013,Activated,D,1,FALSE,FALSE,In Playground,TRUE,Q015,Forest Park,Q015-03,Jackson Pond Playground,Q-16,Q,"100,037,813",DRINKFTN,I,Q015-03,D-Forest Park-Jackson Pond Playground,482,30,102,11385
Q015-DF0014,Activated,D,1,FALSE,FALSE,In Playground,TRUE,Q015,Forest Park,Q015-03,Jackson Pond Playground,Q-16,Q,"100,037,862",DRINKFTN,I,Q015-03,D-Forest Park-Jackson Pond Playground,482,30,102,11385
Q015-DF0015,Activated,A,1,TRUE,TRUE,In Shade,TRUE,Q015,Forest Park,Q015-08,Dry Harbor Playground,Q-16,Q,"100,037,885",DRINKFTN,I,Q015-08,A-Forest Park-Dry Harbor Playground,405,30,102,11385
Q015-DF0016,Activated,E High Low,2,FALSE,FALSE,Just Outside Playground,TRUE,Q015,Forest Park,Q015-08,Dry Harbor Playground,Q-16,Q,"100,037,819",DRINKFTN,I,Q015-08,E High Low-Forest Park-Dry Harbor Playground,405,30,102,11385
Q015-DF0017,Activated,E,1,FALSE,FALSE,In Playground,TRUE,Q015,Forest Park,Q015-08,Dry Harbor Playground,Q-16,Q,"100,037,848",DRINKFTN,I,Q015-08,E-Forest Park-Dry Harbor Playground,405,30,102,11385
Q015-DF0018,Activated,A,1,TRUE,FALSE,Near Ballfield,TRUE,Q015,Forest Park,Q015-08,Dry Harbor Playground,Q-16,Q,"100,037,871",DRINKFTN,I,Q015-08,A-Forest Park-Dry Harbor Playground,405,30,102,11385
Q015-DF0019,Activated,A,1,TRUE,FALSE,In Playground,TRUE,Q015,Forest Park,Q015-05,Greenhouse Playground,Q-16,Q,"100,037,815",DRINKFTN,I,Q015-05,A-Forest Park-Greenhouse Playground,482,30,102,11385
Q015-DF0020,Activated,C,1,TRUE,FALSE,Just Outside Playground,TRUE,Q015,Forest Park,Q015-05,Greenhouse Playground,Q-16,Q,"100,037,841",DRINKFTN,I,Q015-05,C-Forest Park-Greenhouse Playground,482,30,102,11385
Q015-DF0021,Activated,A,1,FALSE,FALSE,In Shade,TRUE,Q015,Forest Park,Q015-ZN05,Forest Park Visitors Center,Q-16,Q,"100,037,868",DRINKFTN,I,Q015-ZN05,A-Forest Park-Carousel,482,30,102,11385
Q015-DF0022,Activated,A,1,FALSE,FALSE,Out in Open,TRUE,Q015,Forest Park,Q015-ZN06,The Bandshell,Q-16,Q,"100,037,811",DRINKFTN,I,Q015-ZN06,A-Forest Park-The Bandshell,482,30,102,11385
Q015-DF0023,Activated,A,1,FALSE,FALSE,Out in Open,TRUE,Q015,Forest Park,Q015-ZN06,The Bandshell,Q-16,Q,"100,037,835",DRINKFTN,I,Q015-ZN06,A-Forest Park-The Bandshell,482,30,102,11385
Q015-DF0024,Activated,A,1,FALSE,FALSE,In Shade,TRUE,Q015,Forest Park,Q015-ZN06,The Bandshell,Q-16,Q,"100,037,882",DRINKFTN,I,Q015-ZN06,A-Forest Park-The Bandshell,482,30,102,11385
Q015-DF0025,Activated,A,1,FALSE,FALSE,In Shade,TRUE,Q015,Forest Park,Q015-ZN06,The Bandshell,Q-16,Q,"100,037,805",DRINKFTN,I,Q015-ZN06,A-Forest Park-The Bandshell,482,30,102,11385
Q015-DF0026,Activated,E,1,,FALSE,Out in Open,TRUE,Q015,Forest Park,Q015-ZN06,The Bandshell,Q-16,Q,"100,037,842",DRINKFTN,I,Q015-ZN06,E-Forest Park-The Bandshell,482,30,102,11385
Q015-DF0027,Activated,A,1,TRUE,FALSE,Out in Open,TRUE,Q015,Forest Park,Q015-ZN07,Tennis Courts - Forest Parkway,Q-16,Q,"100,037,869",DRINKFTN,I,Q015-ZN07,A-Forest Park-Tennis Courts - Forest Parkway,482,30,102,11385
Q015-DF0028,Activated,E,1,FALSE,FALSE,In Shade,TRUE,Q015,Forest Park,Q015-ZN07,Tennis Courts - Forest Parkway,Q-16,Q,"100,037,890",DRINKFTN,I,Q015-ZN07,E-Forest Park-Tennis Courts - Forest Parkway,482,30,102,11385
Q015-DF0029,Activated,E High Low,2,FALSE,FALSE,In Playground,TRUE,Q015,Forest Park,Q015-09,Giovanelli Playground,Q-16,Q,"100,037,837",DRINKFTN,I,Q015-09,E High Low-Forest Park-Giovanelli Playground,482,30,102,11385
Q015-DF0030,Activated,E,1,FALSE,FALSE,In Playground,TRUE,Q015,Forest Park,Q015-10,Mary Whalen Playground,Q-16,Q,"100,037,865",DRINKFTN,I,Q015-10,E-Forest Park-Mary Whalen Playground,482,30,102,11385
Q015-DF0771,UnderConstruction,C,1,FALSE,FALSE,Near Ballfield,TRUE,Q015,Forest Park,Q015-ZN01,The Overlook,Q-16,Q,"100,040,211",DRINKFTN,I,Q015-ZN01,C-Forest Park-The Overlook,482,29,102,11415
Q015-DF0795,NotYetActivated,A,1,TRUE,FALSE,Just Outside Playground,TRUE,Q015,Forest Park,Q015-ZN04,Victory Field,Q-16,Q,"100,040,218",DRINKFTN,I,Q015-ZN04,A-Forest Park-Victory Field,482,30,102,11385
Q015-DF0796,Activated,D,1,FALSE,FALSE,"Near Ballfield, Just Outside Playground",TRUE,Q015,Forest Park,Q015-ZN04,Victory Field,Q-16,Q,"100,040,263",DRINKFTN,I,Q015-ZN04,D-Forest Park-Victory Field,482,30,102,11385
Q015-DF0797,Activated,C,1,TRUE,FALSE,Near Ballfield,TRUE,Q015,Forest Park,Q015-ZN04,Victory Field,Q-16,Q,"100,040,287",DRINKFTN,I,Q015-ZN04,C-Forest Park-Victory Field,482,30,102,11385
Q015-DF0845,Activated,E High Low,2,,TRUE,Out_in_Open,TRUE,Q015,Forest Park,Q015-ZN06,The Bandshell,Q-16,Q,"100,042,313",DRINKFTN,I,Q015-ZN06,E High Low-Seuffert Bandshell-The Bandshell,482,30,102,11385
Q015-DF0848,Activated,Bottle Filler Wall,1,,FALSE,,TRUE,Q015,Forest Park,Q015-ZN06,The Bandshell,Q-16,Q,"100,042,317",DRINKFTN,I,Q015-ZN06,Bottle Filler Wall-Forest Park-The Bandshell,482,30,102,11385
Q015-DF0849,Activated,B,1,,TRUE,"Under_Tree,In_Shade",TRUE,Q015,Forest Park,Q015-ZN08,Oakridge,Q-16,Q,"100,042,318",DRINKFTN,I,Q015-ZN08,B-Forest Park-Forest Park Headquarters,482,30,102,11385
Q015-DF0896,Activated,Bottle Filler,1,,FALSE,,TRUE,Q015,Forest Park,Q015-ZN04,Victory Field,Q-16,Q,"100,043,271",DRINKFTN,I,Q015-ZN04,Bottle Filler-Forest Park-Victory Field,482,30,102,11385
Q015-DF0897,Activated,A,1,,FALSE,,TRUE,Q015,Forest Park,Q015-ZN05,Carousel,Q-16,Q,"100,043,265",DRINKFTN,I,Q015-ZN05,A-Forest Park-Carousel,482,30,102,11385
Q015-DF0908,UnderConstruction,Bottle Filler Wall,1,,FALSE,,TRUE,Q015,Forest Park,Q015-02,Sobelsohn Park,Q-16,Q,"100,043,241",DRINKFTN,I,Q015-02,Bottle Filler Wall-Forest Park-Sobelsohn Park,482,29,102,11415
Q015-DF0910,Activated,Indoor Drinking Fountain,1,,FALSE,Indoor,FALSE,Q015,Forest Park,Q015-ZN01,The Overlook,Q-16,Q,"100,043,239",DRINKFTN,I,Q015-ZN01-BLG0424,Indoor Drinking Fountain-Forest Park-Overlook,482,29,102,11415
Q015-DF0911,Activated,Indoor Drinking Fountain,1,,FALSE,Indoor,FALSE,Q015,Forest Park,Q015-ZN05,Carousel,Q-16,Q,"100,043,262",DRINKFTN,I,Q015-ZN05-BLG0435,Indoor Drinking Fountain-Forest Park-Greenhouse,482,30,102,11385
Q015-DF0912,Activated,Indoor Drinking Fountain,1,,FALSE,Indoor,FALSE,Q015,Forest Park,Q015-ZN05,Carousel,Q-16,Q,"100,043,288",DRINKFTN,I,Q015-ZN05-BLG0438,Indoor Drinking Fountain-Forest Park-Visitor Center/Greenhouse Playground CS,482,30,102,11385
Q015-DF0913,Activated,Indoor Drinking Fountain,1,,FALSE,Indoor,FALSE,Q015,Forest Park,Q015-ZN06,The Bandshell,Q-16,Q,"100,043,316",DRINKFTN,I,Q015-ZN06-BLG0413,Indoor Drinking Fountain-Forest Park-Storehouse,482,30,102,11385
Q015-DF0914,Activated,Indoor Drinking Fountain,1,,FALSE,Indoor,FALSE,Q015,Forest Park,Q015-ZN06,The Bandshell,Q-16,Q,"100,043,240",DRINKFTN,I,Q015-ZN06-BLG0413,Indoor Drinking Fountain-Forest Park-Storehouse,482,30,102,11385
Q015-DF0915,Activated,Indoor Drinking Fountain,1,,FALSE,Indoor,FALSE,Q015,Forest Park,Q015-ZN06,The Bandshell,Q-16,Q,"100,043,263",DRINKFTN,I,Q015-ZN06-BLG0413,Indoor Drinking Fountain-Forest Park-Storehouse,482,30,102,11385
Q015-DF0916,Activated,Indoor Drinking Fountain,1,,TRUE,Indoor,FALSE,Q015,Forest Park,Q015-ZN06,The Bandshell,Q-16,Q,"100,042,323",DRINKFTN,I,Q015-ZN06-BLG0414,Indoor Drinking Fountain-Forest Park-Bandshell,482,30,102,11385
Q015-DF0917,Activated,Indoor Drinking Fountain,1,,FALSE,Indoor,FALSE,Q015,Forest Park,Q015-ZN06,The Bandshell,Q-16,Q,"100,043,317",DRINKFTN,I,Q015-ZN06-BLG0414,Indoor Drinking Fountain-Forest Park-Bandshell,482,30,102,11385
Q015-DF0918,Activated,Indoor Drinking Fountain,1,,FALSE,Indoor,FALSE,Q015,Forest Park,Q015-ZN06,The Bandshell,Q-16,Q,"100,043,257",DRINKFTN,I,Q015-ZN06-BLG0414,Indoor Drinking Fountain-Forest Park-Bandshell,482,30,102,11385
Q015-DF0919,Activated,Indoor Drinking Fountain,1,,FALSE,Indoor,FALSE,Q015,Forest Park,Q015-ZN08,Forest Park Headquarters,Q-16,Q,"100,043,292",DRINKFTN,I,Q015-ZN08-BLG0404,Indoor Drinking Fountain-Forest Park-Oak Ridge,482,30,102,11385
Q015-DF0920,Activated,Food Prep Sink,1,,TRUE,Indoor,FALSE,Q015,Forest Park,Q015-ZN08,Forest Park Headquarters,Q-16,Q,"100,042,324",DRINKFTN,I,Q015-ZN08-BLG0404,Food Prep Sink-Forest Park-Oak Ridge,482,30,102,11385
Q015-DF0921,Activated,Slop Sink,1,,FALSE,Indoor,FALSE,Q015,Forest Park,Q015-ZN08,Forest Park Headquarters,Q-16,Q,"100,043,311",DRINKFTN,I,Q015-ZN08-BLG0404,Slop Sink-Forest Park-Forest Park,482,30,102,11385
Q015-DF0922,Activated,Slop Sink,1,,FALSE,Indoor,FALSE,Q015,Forest Park,Q015-ZN08,Forest Park Headquarters,Q-16,Q,"100,043,314",DRINKFTN,I,Q015-ZN08-BLG0404,Slop Sink-Forest Park-Forest Park,482,30,102,11385
Q015-DF0923,Activated,Indoor Drinking Fountain,1,,FALSE,Indoor,FALSE,Q015,Forest Park,Q015-ZN06,The Bandshell,Q-16,Q,"100,043,747",DRINKFTN,I,Q015-ZN06-BLG0418,Indoor Drinking Fountain-Forest Park-The Bandshell,482,30,102,11385
Q015-DF0924,Activated,Bottle Filler,1,,FALSE,Indoor,FALSE,Q015,Forest Park,Q015-ZN06,The Bandshell,Q-16,Q,"100,043,746",DRINKFTN,I,Q015-ZN06-BLG0418,Bottle Filler-Forest Park-The Bandshell,482,30,102,11385
Q015-DF0925,Activated,Indoor Drinking Fountain,1,,FALSE,Indoor,FALSE,Q015,Forest Park,Q015-ZN06,The Bandshell,Q-16,Q,"100,043,748",DRINKFTN,I,Q015-ZN06-BLG0418,Indoor Drinking Fountain-Forest Park-The Bandshell,482,30,102,11385
Q015-DF1001,Activated,Food Prep Sink,1,,FALSE,Indoor,FALSE,Q015,Forest Park,Q015-08,Dry Harbor Playground,Q-16,Q,"100,043,315",DRINKFTN,I,Q015-08-BLG0457,Food Prep Sink-Forest Park-Dry Harbor Playground Comfort Station,405,30,102,11385
Q015-DF1002,Activated,Food Prep Sink,1,,FALSE,Indoor,FALSE,Q015,Forest Park,Q015-ZN01,The Overlook,Q-16,Q,"100,042,458",DRINKFTN,I,Q015-ZN01-BLG0424,Food Prep Sink-Forest Park-Overlook,482,29,102,11415
Q015-DF1003,Activated,Slop Sink,1,,FALSE,Indoor,FALSE,Q015,Forest Park,Q015-ZN01,The Overlook,Q-16,Q,"100,042,454",DRINKFTN,I,Q015-ZN01-BLG0424,Slop Sink-Forest Park-Forest Park,482,29,102,11415
Q015-DF1004,Activated,Food Prep Sink,1,,FALSE,Indoor,FALSE,Q015,Forest Park,Q015-ZN01,The Overlook,Q-16,Q,"100,042,440",DRINKFTN,I,Q015-ZN01-BLG0424,Food Prep Sink-Forest Park-Overlook,482,29,102,11415
Q015-DF1016,Activated,Water Cooler,1,,FALSE,Indoor,FALSE,Q015,Forest Park,Q015-08,Dry Harbor Playground,Q-16,Q,"100,042,470",DRINKFTN,I,Q015-08-BLG0457,Water Cooler-Forest Park-Forest Park,405,30,102,11385
Q015-DF1017,Activated,Indoor Drinking Fountain,1,,TRUE,Indoor,FALSE,Q015,Forest Park,Q015-08,Dry Harbor Playground,Q-16,Q,"100,042,475",DRINKFTN,I,Q015-08-BLG0457,Indoor Drinking Fountain-Forest Park-Dry Harbor Playground,405,30,102,11385
Q017-DF0741,Activated,D,1,FALSE,TRUE,In Playground,TRUE,Q017,The Olde Towne of Flushing Burial Ground,Q017,,Q-07,Q,"100,040,093",DRINKFTN,I,Q017,D-The Olde Towne of Flushing Burial Ground,407,20,109,11358
Q020-DF0031,Activated,A,1,TRUE,FALSE,In Shade,TRUE,Q020,Highland Park,Q020-ZN01,Highland Park Zone 1,Q-05A,Q,"100,037,828",DRINKFTN,I,Q020-ZN01,A-Highland Park-Zone 1-Comfort Station,405,30,104,11385
Q020-DF0032,Activated,E,1,FALSE,FALSE,Out in Open,TRUE,Q020,Highland Park,Q020-ZN06,Highland Park Zone 6,Q-05A,Q,"100,037,855",DRINKFTN,I,Q020-ZN06,E-Highland Park-Highland Park Zone 6,405,30,104,11385
Q020-DF0850,Activated,C,1,,FALSE,Out_in_Open,TRUE,Q020,Highland Park,Q020-ZN04,Highland Park Zone 4,Q-05A,Q,"100,043,327",DRINKFTN,I,Q020-ZN04,C-Highland Park-Highland Park Zone 4,305,37,75,11208
Q020-DF0851,Activated,Bottle Filler High Low,3,,FALSE,"Out_in_Open,Under_Tree",TRUE,Q020,Highland Park,Q020-ZN04,Highland Park Zone 4,Q-05A,Q,"100,043,298",DRINKFTN,I,Q020-ZN04,Bottle Filler High Low-Highland Park-Highland Park Zone 4,305,37,75,11208
Q020-DF0852,Activated,A,1,,FALSE,"Under_Tree,Out_in_Open",TRUE,Q020,Highland Park,Q020-ZN04,Highland Park Zone 4,Q-05A,Q,"100,043,318",DRINKFTN,I,Q020-ZN04,A-Highland Park-Highland Park Zone 4,305,37,75,11208
Q021B-DF0435,Activated,C,1,FALSE,FALSE,In Playground,TRUE,Q021B,McLaughlin Playground,Q021B,,Q-08,Q,"100,038,714",DRINKFTN,I,Q021B,C-McLaughlin Playground,408,23,107,11423
Q021-DF0158,Activated,D,1,FALSE,FALSE,Near Ballfield,TRUE,Q021,Cunningham Park,Q021-ZN04,Cunningham Park Zone 4,Q-08,Q,"100,038,345",DRINKFTN,I,Q021-ZN04,D-Cunningham Park-Cunningham Park Zone 4,408,23,107,11364
Q021-DF0160,Activated,D,1,FALSE,FALSE,Near Ballfield,TRUE,Q021,Cunningham Park,Q021-ZN04,Cunningham Park Zone 4,Q-08,Q,"100,038,372",DRINKFTN,I,Q021-ZN04,D-Cunningham Park-Cunningham Park Zone 4,408,23,107,11364
Q021-DF0348,Activated,A,1,FALSE,FALSE,"Out in Open, Near Ballfield",TRUE,Q021,Cunningham Park,Q021-ZN05,Cunningham Park Zone 5,Q-08,Q,"100,038,613",DRINKFTN,I,Q021-ZN05,A-Cunningham Park-Cunningham Park Zone 5,408,23,107,11364
Q021-DF0354,Activated,A,1,FALSE,TRUE,Near Ballfield,TRUE,Q021,Cunningham Park,Q021-ZN05,Cunningham Park Zone 5,Q-08,Q,"100,038,637",DRINKFTN,I,Q021-ZN05,A-Cunningham Park-Cunningham Park Zone 5,408,23,107,11364
Q021-DF0359,Activated,CS Concrete,1,,FALSE,"In Playground, Near Ballfield",TRUE,Q021,Cunningham Park,Q021-03,210 St Playground,Q-08,Q,"100,038,647",DRINKFTN,I,Q021-03,CS Concrete-Cunningham Park-210 St Playground,408,23,107,11364
Q021-DF0361,Activated,A,1,,FALSE,"In Playground, Under Tree",TRUE,Q021,Cunningham Park,Q021-03,210 St Playground,Q-08,Q,"100,038,651",DRINKFTN,I,Q021-03,A-Cunningham Park-210 St Playground,408,23,107,11364
Q021-DF0362,Activated,D,1,FALSE,FALSE,Out in Open,TRUE,Q021,Cunningham Park,Q021-ZN06,Cunningham Park Zone 6,Q-08,Q,"100,038,634",DRINKFTN,I,Q021-ZN06,D-Cunningham Park-Cunningham Park Zone 6,408,23,107,11364
Q021-DF0436,Activated,Pedestal High Low and Dog,3,FALSE,FALSE,Just Outside Playground,TRUE,Q021,Cunningham Park,Q021-ZN01,Cunningham Park Zone 1,Q-08,Q,"100,038,718",DRINKFTN,I,Q021-ZN01,Pedestal High Low and Dog-Cunningham Park-Cunningham Park Zone 1,408,23,107,11423
Q021-DF0437,Activated,C,1,FALSE,FALSE,"Just Outside Playground, Near Ballfield",TRUE,Q021,Cunningham Park,Q021-ZN01,Cunningham Park Zone 1,Q-08,Q,"100,038,785",DRINKFTN,I,Q021-ZN01,C-Cunningham Park-Cunningham Park Zone 1,408,23,107,11423
Q021-DF0439,Activated,C,1,FALSE,FALSE,"Near Ballfield, Out in Open",TRUE,Q021,Cunningham Park,Q021-ZN02,Cunningham Park Zone 2,Q-08,Q,"100,038,730",DRINKFTN,I,Q021-ZN02,C-Cunningham Park-Cunningham Park Zone 2,408,23,107,11423
Q021-DF0440,Activated,C,1,FALSE,FALSE,"Near Ballfield, Out in Open",TRUE,Q021,Cunningham Park,Q021-ZN02,Cunningham Park Zone 2,Q-08,Q,"100,038,734",DRINKFTN,I,Q021-ZN02,C-Cunningham Park-Cunningham Park Zone 2,408,23,107,11423
Q021-DF0441,Activated,C,1,FALSE,TRUE,"Near Ballfield, Out in Open",TRUE,Q021,Cunningham Park,Q021-ZN02,Cunningham Park Zone 2,Q-08,Q,"100,038,758",DRINKFTN,I,Q021-ZN02,C-Cunningham Park-Cunningham Park Zone 2,408,23,107,11423
Q021-DF0442,Activated,C,1,FALSE,FALSE,"Near Ballfield, Out in Open",TRUE,Q021,Cunningham Park,Q021-ZN02,Cunningham Park Zone 2,Q-08,Q,"100,038,781",DRINKFTN,I,Q021-ZN02,C-Cunningham Park-Cunningham Park Zone 2,408,23,107,11423
Q021-DF0443,Activated,C,1,FALSE,FALSE,"Out in Open, Near Ballfield",TRUE,Q021,Cunningham Park,Q021-ZN02,Cunningham Park Zone 2,Q-08,Q,"100,038,783",DRINKFTN,I,Q021-ZN02,C-Cunningham Park-Cunningham Park Zone 2,408,23,107,11423
Q021-DF0444,Activated,C,1,FALSE,FALSE,"Out in Open, Near Ballfield",TRUE,Q021,Cunningham Park,Q021-ZN02,Cunningham Park Zone 2,Q-08,Q,"100,038,705",DRINKFTN,I,Q021-ZN02,C-Cunningham Park-Cunningham Park Zone 2,408,23,107,11423
Q021-DF0445,Activated,A,1,FALSE,FALSE,"Near Ballfield, Out in Open",TRUE,Q021,Cunningham Park,Q021-ZN02,Cunningham Park Zone 2,Q-08,Q,"100,038,760",DRINKFTN,I,Q021-ZN02,A-Cunningham Park-Cunningham Park Zone 2,408,23,107,11423
Q021-DF0446,Activated,A,1,FALSE,TRUE,Out in Open,TRUE,Q021,Cunningham Park,Q021-ZN02,Cunningham Park Zone 2,Q-08,Q,"100,038,702",DRINKFTN,I,Q021-ZN02,A-Cunningham Park-Cunningham Park Zone 2,408,23,107,11423
Q021-DF0447,Activated,A,1,FALSE,FALSE,Out in Open,TRUE,Q021,Cunningham Park,Q021-ZN02,Cunningham Park Zone 2,Q-08,Q,"100,038,729",DRINKFTN,I,Q021-ZN02,A-Cunningham Park-Cunningham Park Zone 2,408,23,107,11423
Q021-DF0500,Activated,A,1,FALSE,FALSE,"Out in Open, Near Ballfield",TRUE,Q021,Cunningham Park,Q021-ZN03,Cunningham Park Zone 3,Q-08,Q,"100,038,807",DRINKFTN,I,Q021-ZN03,A-Cunningham Park-Cunningham Park Zone 3,408,23,107,11364
Q021-DF0501,Activated,A,1,FALSE,FALSE,"Near Ballfield, Out in Open",TRUE,Q021,Cunningham Park,Q021-ZN03,Cunningham Park Zone 3,Q-08,Q,"100,038,833",DRINKFTN,I,Q021-ZN03,A-Cunningham Park-Cunningham Park Zone 3,408,23,107,11364
Q021-DF0502,Activated,A,1,FALSE,FALSE,"Out in Open, Near Ballfield",TRUE,Q021,Cunningham Park,Q021-ZN03,Cunningham Park Zone 3,Q-08,Q,"100,038,858",DRINKFTN,I,Q021-ZN03,A-Cunningham Park-Cunningham Park Zone 3,408,23,107,11364
Q021-DF0503,Activated,A,1,FALSE,FALSE,"Out in Open, Near Ballfield",TRUE,Q021,Cunningham Park,Q021-ZN03,Cunningham Park Zone 3,Q-08,Q,"100,038,884",DRINKFTN,I,Q021-ZN03,A-Cunningham Park-Cunningham Park Zone 3,408,23,107,11364
Q021-DF0504,Activated,A,1,FALSE,FALSE,"Near Ballfield, Out in Open",TRUE,Q021,Cunningham Park,Q021-ZN03,Cunningham Park Zone 3,Q-08,Q,"100,038,808",DRINKFTN,I,Q021-ZN03,A-Cunningham Park-Cunningham Park Zone 3,408,23,107,11364
Q021-DF0505,Activated,A,1,FALSE,FALSE,"Near Ballfield, Out in Open",TRUE,Q021,Cunningham Park,Q021-ZN03,Cunningham Park Zone 3,Q-08,Q,"100,038,816",DRINKFTN,I,Q021-ZN03,A-Cunningham Park-Cunningham Park Zone 3,408,23,107,11364
Q021-DF0506,Activated,A,1,FALSE,FALSE,"Out in Open, Near Ballfield",TRUE,Q021,Cunningham Park,Q021-ZN03,Cunningham Park Zone 3,Q-08,Q,"100,038,799",DRINKFTN,I,Q021-ZN03,A-Cunningham Park-Cunningham Park Zone 3,408,23,107,11364
Q021-DF0507,Activated,A,1,FALSE,FALSE,"Near Ballfield, Out in Open",TRUE,Q021,Cunningham Park,Q021-ZN03,Cunningham Park Zone 3,Q-08,Q,"100,038,819",DRINKFTN,I,Q021-ZN03,A-Cunningham Park-Cunningham Park Zone 3,408,23,107,11364
Q021-DF0508,Activated,A,1,FALSE,FALSE,"Out in Open, Near Ballfield",TRUE,Q021,Cunningham Park,Q021-ZN03,Cunningham Park Zone 3,Q-08,Q,"100,038,828",DRINKFTN,I,Q021-ZN03,A-Cunningham Park-Cunningham Park Zone 3,408,23,107,11364
Q021-DF0509,Activated,A,1,FALSE,FALSE,"Out in Open, Near Ballfield",TRUE,Q021,Cunningham Park,Q021-ZN03,Cunningham Park Zone 3,Q-08,Q,"100,038,830",DRINKFTN,I,Q021-ZN03,A-Cunningham Park-Cunningham Park Zone 3,408,23,107,11364
Q021-DF0510,Activated,A,1,FALSE,FALSE,"Out in Open, Near Ballfield",TRUE,Q021,Cunningham Park,Q021-ZN03,Cunningham Park Zone 3,Q-08,Q,"100,038,854",DRINKFTN,I,Q021-ZN03,A-Cunningham Park-Cunningham Park Zone 3,408,23,107,11364
Q021-DF0511,Activated,C,1,FALSE,FALSE,"Out in Open, Near Ballfield",TRUE,Q021,Cunningham Park,Q021-ZN03,Cunningham Park Zone 3,Q-08,Q,"100,038,881",DRINKFTN,I,Q021-ZN03,C-Cunningham Park-Cunningham Park Zone 3,408,23,107,11364
Q021-DF0754,Activated,D,1,FALSE,FALSE,Near Ballfield,TRUE,Q021,Cunningham Park,Q021-ZN06,Cunningham Park Zone 6,Q-08,Q,"100,040,159",DRINKFTN,I,Q021-ZN06,D-Cunningham Park-Cunningham Park Zone 6,408,23,107,11364
Q021-DF0853,Activated,A,1,,FALSE,Near_Ballfield,TRUE,Q021,Cunningham Park,Q021-ZN03,Cunningham Park Zone 3,Q-08,Q,"100,043,267",DRINKFTN,I,Q021-ZN03,A-Cunningham Garage-Cunningham Park Zone 3,408,23,107,11364
Q021-DF0854,Activated,Bottle Filler,1,,FALSE,Near_Ballfield,TRUE,Q021,Cunningham Park,Q021-ZN03,Cunningham Park Zone 3,Q-08,Q,"100,043,270",DRINKFTN,I,Q021-ZN03,Bottle Filler-Cunningham Park-Cunningham Park Zone 3,408,23,107,11364
Q021-DF0855,Activated,Bottle Filler,1,,TRUE,,TRUE,Q021,Cunningham Park,Q021-ZN02,Cunningham Park Zone 2,Q-08,Q,"100,042,322",DRINKFTN,I,Q021-ZN02,Bottle Filler-Cunningham Park-Cunningham Park Zone 2,408,23,107,11423
Q021-DF0938,Activated,Water Cooler,1,,FALSE,Indoor,FALSE,Q021,Cunningham Park,Q021-ZN02,Cunningham Park Zone 2,Q-08,Q,"100,043,321",DRINKFTN,I,Q021-ZN02-BLG0426,Water Cooler-Cunningham Park-Cunningham Park,408,23,107,11423
Q021-DF0940,Activated,Indoor Drinking Fountain,1,,FALSE,Indoor,FALSE,Q021,Cunningham Park,Q021-ZN01,Cunningham Park Zone 1,Q-08,Q,"100,043,242",DRINKFTN,I,Q021-ZN01-BLG0431,Indoor Drinking Fountain-Cunningham Park-Field House,408,23,107,11423
Q022-DF0716,Activated,CS Concrete,1,FALSE,FALSE,Just Outside Playground,TRUE,Q022,Margaret I. Carman Green - Weeping Beech,Q022,,Q-07,Q,"100,039,742",DRINKFTN,I,Q022,CS Concrete-Margaret I. Carman Green - Weeping Beech,407,20,109,11354
Q023-DF0456,Activated,A,1,FALSE,FALSE,"Under Tree, Just Outside Playground",TRUE,Q023,Rufus King Park,Q023,,Q-12,Q,"100,038,724",DRINKFTN,I,Q023,A-Rufus King Park,412,24,103,11432
Q023-DF0457,Activated,C,1,FALSE,FALSE,Near Ballfield,TRUE,Q023,Rufus King Park,Q023,,Q-12,Q,"100,038,723",DRINKFTN,I,Q023,C-Rufus King Park,412,24,103,11432
Q023-DF0458,Activated,A,1,TRUE,FALSE,Out in Open,TRUE,Q023,Rufus King Park,Q023,,Q-12,Q,"100,038,751",DRINKFTN,I,Q023,A-Rufus King Park,412,24,103,11432
Q023-DF0856,Activated,A,1,,FALSE,Out_in_Open,TRUE,Q023,Rufus King Park,Q023,,Q-12,Q,"100,043,235",DRINKFTN,I,Q023,A-Rufus King Park,412,24,103,11432
Q024-DF0562,Activated,C,1,FALSE,FALSE,"Under Tree, In Shade, In Playground",TRUE,Q024,Kissena Park,Q024-03,Four Winds Playground,Q-07,Q,"100,039,263",DRINKFTN,I,Q024-03,C-Kissena Park-Four Winds Playground,407,20,109,11365
Q024-DF0563,Activated,C,1,FALSE,FALSE,"Out in Open, In Playground",TRUE,Q024,Kissena Park,Q024-03,Four Winds Playground,Q-07,Q,"100,039,209",DRINKFTN,I,Q024-03,C-Kissena Park-Four Winds Playground,407,20,109,11365
Q024-DF0634,Activated,D,1,FALSE,FALSE,"Under Tree, In Playground",TRUE,Q024,Kissena Park,Q024-05,Playground,Q-07,Q,"100,039,572",DRINKFTN,I,Q024-05,D-Kissena Park-Playground,407,20,109,11365
Q024-DF0635,Activated,D,1,FALSE,FALSE,"Under Tree, In Shade",TRUE,Q024,Kissena Park,Q024-ZN01,Kissena Park Zone 1,Q-07,Q,"100,039,561",DRINKFTN,I,Q024-ZN01,D-Kissena Park-Kissena Park Zone 1,407,20,109,11365
Q024-DF0636,Activated,A,1,FALSE,FALSE,"Under Tree, In Playground",TRUE,Q024,Kissena Park,Q024-02,Playground,Q-07,Q,"100,039,512",DRINKFTN,I,Q024-02,A-Kissena Park-Playground,407,20,109,11365
Q024-DF0637,Activated,A,1,FALSE,FALSE,"Under Tree, In Playground",TRUE,Q024,Kissena Park,Q024-02,Playground,Q-07,Q,"100,039,535",DRINKFTN,I,Q024-02,A-Kissena Park-Playground,407,20,109,11365
Q024-DF0638,Activated,C,1,FALSE,FALSE,Out in Open,TRUE,Q024,Kissena Park,Q024-ZN01,Kissena Park Zone 1,Q-07,Q,"100,039,562",DRINKFTN,I,Q024-ZN01,C-Kissena Park-Kissena Park Zone 1,407,20,109,11365
Q024-DF0639,Activated,A,1,FALSE,FALSE,"Under Tree, Near Ballfield",TRUE,Q024,Kissena Park,Q024-ZN01,Kissena Park Zone 1,Q-07,Q,"100,039,585",DRINKFTN,I,Q024-ZN01,A-Kissena Park-Kissena Park Zone 1,407,20,109,11365
Q024-DF0640,Activated,A,1,FALSE,FALSE,Under Tree,TRUE,Q024,Kissena Park,Q024-ZN02,Kissena Park Zone 2 (Tennis Courts),Q-07,Q,"100,039,513",DRINKFTN,I,Q024-ZN02,A-Kissena Park-Kissena Park Zone 2 (Tennis Courts),407,20,109,11365
Q024-DF0641,Activated,A,1,FALSE,TRUE,Near Ballfield,TRUE,Q024,Kissena Park,Q024-ZN03,Kissena Park Zone 3,Q-07,Q,"100,039,546",DRINKFTN,I,Q024-ZN03,A-Kissena Park-Kissena Park Zone 3,407,20,109,11365
Q024-DF0642,Activated,A,1,FALSE,FALSE,Near Ballfield,TRUE,Q024,Kissena Park,Q024-ZN03,Kissena Park Zone 3,Q-07,Q,"100,039,581",DRINKFTN,I,Q024-ZN03,A-Kissena Park-Kissena Park Zone 3,407,20,109,11365
Q024-DF0643,Activated,A,1,FALSE,FALSE,Near Ballfield,TRUE,Q024,Kissena Park,Q024-ZN03,Kissena Park Zone 3,Q-07,Q,"100,039,509",DRINKFTN,I,Q024-ZN03,A-Kissena Park-Kissena Park Zone 3,407,20,109,11365
Q024-DF0644,Activated,A,1,FALSE,TRUE,Near Ballfield,TRUE,Q024,Kissena Park,Q024-ZN03,Kissena Park Zone 3,Q-07,Q,"100,039,582",DRINKFTN,I,Q024-ZN03,A-Kissena Park-Kissena Park Zone 3,407,20,109,11365
Q024-DF0645,Activated,A,1,FALSE,FALSE,Out in Open,TRUE,Q024,Kissena Park,Q024-ZN02,Kissena Park Zone 2 (Tennis Courts),Q-07,Q,"100,039,510",DRINKFTN,I,Q024-ZN02,A-Kissena Park-Kissena Park Zone 2 (Tennis Courts),407,20,109,11365
Q026-DF0144,UnderConstruction,D,1,FALSE,FALSE,Just Outside Playground,TRUE,Q026,Park Of The Americas,Q026,,Q-04,Q,"100,038,304",DRINKFTN,I,Q026,D-Park Of The Americas,404,21,110,11368
Q026-DF0145,UnderConstruction,C,1,FALSE,FALSE,Near Ballfield,TRUE,Q026,Park Of The Americas,Q026,,Q-04,Q,"100,038,339",DRINKFTN,I,Q026,C-Park Of The Americas,404,21,110,11368
Q026-DF0146,UnderConstruction,C,1,FALSE,TRUE,Near Ballfield,TRUE,Q026,Park Of The Americas,Q026,,Q-04,Q,"100,038,319",DRINKFTN,I,Q026,C-Park Of The Americas,404,21,110,11368
Q026-DF0557,UnderConstruction,A,1,FALSE,FALSE,"Out in Open, Near Ballfield",TRUE,Q026,Park Of The Americas,Q026,,Q-04,Q,"100,039,031",DRINKFTN,I,Q026,A-Park Of The Americas,404,21,110,11368
Q027-DF0663,Activated,C,1,FALSE,FALSE,Out in Open,TRUE,Q027,Laurelton Parkway,Q027-02,Laurelton Parkway West Playground,Q-13,Q,"100,039,611",DRINKFTN,I,Q027-02,C-Laurelton Parkway-Laurelton Parkway West Playground,413,27,105,11411
Q027-DF0764,Activated,D,1,FALSE,FALSE,Near Ballfield,TRUE,Q027,Laurelton Parkway,Q027-02,Laurelton Parkway West Playground,Q-13,Q,"100,040,183",DRINKFTN,I,Q027-02,D-Laurelton Parkway-Laurelton Parkway West Playground,413,27,105,11411
Q027-DF0765,Activated,D,1,FALSE,FALSE,Near Ballfield,TRUE,Q027,Laurelton Parkway,Q027-02,Laurelton Parkway West Playground,Q-13,Q,"100,040,106",DRINKFTN,I,Q027-02,D-Laurelton Parkway-Laurelton Parkway West Playground,413,27,105,11411
Q029-DF0586,Activated,C,1,,FALSE,Out in Open,TRUE,Q029,William F Moore Park,Q029,,Q-04,Q,"100,039,312",DRINKFTN,I,Q029,C-William F Moore Park,404,21,110,11368
Q031A-DF0078,Activated,C,1,TRUE,FALSE,"Under Tree, In Shade, Out in Open",TRUE,Q031A,Doughboy Park,Q031A,,Q-02,Q,"100,038,035",DRINKFTN,I,Q031A,C-Doughboy Plaza,402,26,108,11377
Q031-DF0077,Activated,A,1,FALSE,FALSE,"Under Tree, Just Outside Playground",TRUE,Q031,Lawrence Virgilio Playground,Q031,,Q-02,Q,"100,038,011",DRINKFTN,I,Q031,A-Lawrence Virgilio Playground,402,26,108,11377
Q031-DF0079,Activated,D,1,FALSE,FALSE,Out in Open,TRUE,Q031,Lawrence Virgilio Playground,Q031,,Q-02,Q,"100,038,082",DRINKFTN,I,Q031,D-Lawrence Virgilio Playground,402,26,108,11377
Q038-DF0320,Activated,A,1,FALSE,FALSE,Just Outside Playground,TRUE,Q038,Benninger Playground,Q038,,Q-05,Q,"100,038,575",DRINKFTN,I,Q038,A-Benninger Playground,405,30,104,11385
Q038-DF0321,Activated,A,1,FALSE,FALSE,"Under Tree, Just Outside Playground",TRUE,Q038,Benninger Playground,Q038,,Q-05,Q,"100,038,516",DRINKFTN,I,Q038,A-Benninger Playground,405,30,104,11385
Q044-DF0083,Activated,F High Low,2,TRUE,FALSE,"Under Tree, Just Outside Playground",TRUE,Q044,L/CPL Thomas P. Noonan Jr. Playground,Q044,,Q-02,Q,"100,038,090",DRINKFTN,I,Q044,F High Low-L/CPL Thomas P. Noonan Jr. Playground,402,26,108,11104
Q044-DF0085,Activated,C,1,FALSE,FALSE,"Under Tree, Just Outside Playground",TRUE,Q044,L/CPL Thomas P. Noonan Jr. Playground,Q044,,Q-02,Q,"100,038,065",DRINKFTN,I,Q044,C-L/CPL Thomas P. Noonan Jr. Playground,402,26,108,11104
Q045-DF0117,Activated,E,1,TRUE,FALSE,"Under Tree, In Playground",TRUE,Q045,Andrews Grove,Q045,,Q-02,Q,"100,038,213",DRINKFTN,I,Q045,E-Andrews Grove,402,26,108,11101
Q046-DF0601,Activated,D,1,,TRUE,Just Outside Playground,TRUE,Q046,Josephine Caminiti Playground,Q046,,Q-04,Q,"100,039,469",DRINKFTN,I,Q046,D-Josephine Caminiti Playground,404,21,110,11368
Q048-DF0040,Activated,A,1,FALSE,FALSE,Just Outside Playground,TRUE,Q048,Rainey Park,Q048-01,Rainey Park Playground,Q-01,Q,"100,037,928",DRINKFTN,I,Q048-01,A-Rainey Park-Rainey Park Playground,401,26,114,11106
Q049-DF0985,Activated,Food Prep Sink,1,,FALSE,Indoor,FALSE,Q049,Jacobs Riis Park,Q049,,Q-14,Q,"100,043,334",DRINKFTN,I,Q164-BLG0900,Food Prep Sink-Beach 149th Lifeguard Station,414,32,100,11694
Q050-DF0430,Activated,Trough,1,FALSE,FALSE,Out in Open,TRUE,Q050,Rockaway Beach,Q050-ZN08A,Rockaway Beach 08a,Q-14,Q,"100,038,708",DRINKFTN,I,Q050-ZN08A,Trough-Rockaway Beach-Rockaway Beach 08a,414,32,100,11694
Q050-DF0431,Activated,Trough,1,FALSE,FALSE,Out in Open,TRUE,Q050,Rockaway Beach,Q050-ZN08B,Rockaway Beach 08b,Q-14,Q,"100,038,736",DRINKFTN,I,Q050-ZN08B,Trough-Rockaway Beach-Rockaway Beach 08b,414,32,100,11694
Q050-DF0432,Activated,Trough,1,FALSE,FALSE,Out in Open,TRUE,Q050,Rockaway Beach,Q050-ZN08B,Rockaway Beach 08b,Q-14,Q,"100,038,763",DRINKFTN,I,Q050-ZN08B,Trough-Rockaway Beach-Rockaway Beach 08b,414,32,100,11694
Q050-DF0433,Activated,Trough,1,FALSE,FALSE,Out in Open,TRUE,Q050,Rockaway Beach,Q050-ZN08B,Rockaway Beach 08b,Q-14,Q,"100,038,787",DRINKFTN,I,Q050-ZN08B,Trough-Rockaway Beach-Rockaway Beach 08b,414,32,100,11694
Q050-DF0434,Activated,Trough,1,FALSE,FALSE,Out in Open,TRUE,Q050,Rockaway Beach,Q050-ZN09,Rockaway Beach 9,Q-14,Q,"100,038,697",DRINKFTN,I,Q050-ZN09,Trough-Rockaway Beach-Rockaway Beach 9,414,32,100,11694
Q050-DF0986,Activated,Slop Sink,1,,FALSE,Indoor,FALSE,Q050,Rockaway Beach,Q050-ZN08A,Rockaway Beach 08a,Q-14,Q,"100,043,306",DRINKFTN,I,Q050-BLG-092,Slop Sink-Null-Beach 115 Comfort Station,414,32,100,11694
Q050-DF0987,Activated,Food Prep Sink,1,,FALSE,Indoor,FALSE,Q050,Rockaway Beach,Q050-ZN08A,Rockaway Beach 08a,Q-14,Q,"100,043,731",DRINKFTN,I,Q050-BLG0993,Food Prep Sink-Rockaway Beach-Beach 115 Lifeguard,414,32,100,11694
Q051-DF0303,Activated,C,1,FALSE,FALSE,In Playground,TRUE,Q051,St. Albans Park,Q051,,Q-12,Q,"100,038,512",DRINKFTN,I,Q051,C-St. Albans Park,412,27,113,11433
Q051-DF0304,Activated,D,1,FALSE,FALSE,In Playground,TRUE,Q051,St. Albans Park,Q051-01,174 St Playground,Q-12,Q,"100,038,508",DRINKFTN,I,Q051-01,D-St. Albans Park-174 St Playground,412,27,113,11433
Q051-DF0305,Activated,C,1,FALSE,FALSE,Out in Open,TRUE,Q051,St. Albans Park,Q051,,Q-12,Q,"100,038,509",DRINKFTN,I,Q051,C-St. Albans Park,412,27,113,11433
Q051-DF0306,Activated,C,1,FALSE,FALSE,Out in Open,TRUE,Q051,St. Albans Park,Q051,,Q-12,Q,"100,038,559",DRINKFTN,I,Q051,C-St. Albans Park,412,27,113,11433
Q051-DF0448,Activated,D,1,FALSE,FALSE,Near Ballfield,TRUE,Q051,St. Albans Park,Q051,,Q-12,Q,"100,038,757",DRINKFTN,I,Q051,D-St. Albans Park,412,27,113,11433
Q051-DF0857,Activated,C,1,,FALSE,,TRUE,Q051,St. Albans Park,Q051,,Q-12,Q,"100,043,256",DRINKFTN,I,Q051,C-St. Albans Park,412,27,113,11433
Q052-DF0290,Activated,A,1,FALSE,FALSE,In Playground,TRUE,Q052,Captain Tilly Park,Q052,,Q-08,Q,"100,038,585",DRINKFTN,I,Q052,A-Captain Tilly Park,408,24,107,11432
Q053-DF0629,Activated,A,1,FALSE,FALSE,In Playground,TRUE,Q053,Equity Playground,Q053,,Q-09,Q,"100,039,538",DRINKFTN,I,Q053,A-Equity Playground,409,32,102,11421
Q057-DF0371,Activated,A,1,FALSE,FALSE,Out in Open,TRUE,Q057,Sohncke Square,Q057,,Q-02,Q,"100,038,649",DRINKFTN,I,Q057,A-Sohncke Square,402,26,108,11377
Q059-DF0615,Activated,E,1,FALSE,FALSE,Under Tree,TRUE,Q059,Catharine Turner Richardson Park,Q059,,Q-11,Q,"100,039,547",DRINKFTN,I,Q059,E-Catharine Turner Richardson Park,411,19,111,11363
Q065-DF0369,Activated,A,1,FALSE,TRUE,"Under Tree, Out in Open",TRUE,Q065,John Vincent Daniels Jr. Square,Q065,,Q-02,Q,"100,038,646",DRINKFTN,I,Q065,A-John Vincent Daniels Jr. Square,402,26,108,11377
Q066B-DF0464,Activated,C,1,FALSE,FALSE,In Playground,TRUE,Q066B,Triborough Bridge Playground B,Q066B,,Q-01,Q,"100,038,754",DRINKFTN,I,Q066B,C-Triborough Bridge Playground B,401,22,114,11102
Q066C-DF0858,Activated,Other,1,,FALSE,Out_in_Open,TRUE,Q066C,Triborough Bridge Playground C,Q066C,,Q-01,Q,"100,043,323",DRINKFTN,I,Q066C,Other-Triborough Bridge Playground C,401,22,114,11102
Q066C-DF0859,Activated,Other,1,,FALSE,Out_in_Open,TRUE,Q066C,Triborough Bridge Playground C,Q066C,,Q-01,Q,"100,043,238",DRINKFTN,I,Q066C,Other-Triborough Bridge Playground C,401,22,114,11102
Q066C-DF0860,Activated,Bottle Filler High Low,3,,FALSE,Out_in_Open,TRUE,Q066C,Triborough Bridge Playground C,Q066C,,Q-01,Q,"100,043,261",DRINKFTN,I,Q066C,Bottle Filler High Low-Triborough Bridge Playground C,401,22,114,11102
Q066F-DF0068,Activated,C,1,,FALSE,"Out in Open, Under Tree, In Shade",TRUE,Q066F,Hoyt Playground,Q066F,,Q-01,Q,"100,038,013",DRINKFTN,I,Q066F,C-Hoyt Playground,401,22,114,11102
Q066F-DF0069,Activated,C,1,FALSE,FALSE,"In Playground, Near Ballfield",TRUE,Q066F,Hoyt Playground,Q066F,,Q-01,Q,"100,038,062",DRINKFTN,I,Q066F,C-Hoyt Playground,401,22,114,11102
Q067A-DF0072,UnderConstruction,D,1,FALSE,FALSE,"Under Tree, Just Outside Playground",TRUE,Q067A,General Hart Playground,Q067A,,Q-02,Q,"100,038,048",DRINKFTN,I,Q067A,D-General Hart Playground,402,26,108,11377
Q067A-DF0074,UnderConstruction,CS Concrete,1,FALSE,TRUE,Out in Open,TRUE,Q067A,General Hart Playground,Q067A,,Q-02,Q,"100,038,015",DRINKFTN,I,Q067A,CS Concrete-General Hart Playground,402,26,108,11377
Q067A-DF0075,UnderConstruction,A,1,FALSE,FALSE,Out in Open,TRUE,Q067A,General Hart Playground,Q067A,,Q-02,Q,"100,038,041",DRINKFTN,I,Q067A,A-General Hart Playground,402,26,108,11377
Q073-DF0742,Activated,C,1,FALSE,FALSE,Out in Open,TRUE,Q073,Plaut Triangle,Q073,,Q-07,Q,"100,040,117",DRINKFTN,I,Q073,C-Plaut Triangle,407,19,109,11358
Q075-DF0189,Activated,E,1,FALSE,FALSE,Out in Open,TRUE,Q075,Glendale Veterans Triangle,Q075,,Q-05,Q,"100,038,422",DRINKFTN,I,Q075,E-Glendale Veterans Triangle,405,30,104,11385
Q082-DF0098,Activated,A,1,FALSE,FALSE,In Playground,TRUE,Q082,Wayanda Park,Q082,,Q-13,Q,"100,038,140",DRINKFTN,I,Q082,A-Wayanda Park,413,27,105,11429
Q084A-DF0312,Activated,B,1,TRUE,FALSE,Out in Open,TRUE,Q099,Flushing Meadows Corona Park,Q099,,Q-15,Q,"100,038,555",DRINKFTN,I,Q099,B-Flushing Meadows Corona Park,481,21,110,11368
Q084A-DF0316,Activated,C,1,TRUE,FALSE,"Out in Open, Under Tree",TRUE,Q099,Flushing Meadows Corona Park,Q099,,Q-15,Q,"100,038,556",DRINKFTN,I,Q099,C-Flushing Meadows Corona Park,403,21,110,11368
Q084A-DF0317,Activated,C,1,TRUE,FALSE,Under Tree,TRUE,Q099,Flushing Meadows Corona Park,Q099,,Q-15,Q,"100,038,579",DRINKFTN,I,Q099,C-Flushing Meadows Corona Park,403,21,115,11368
Q084A-DF0318,Activated,B,1,TRUE,FALSE,Out in Open,TRUE,Q099,Flushing Meadows Corona Park,Q099,,Q-15,Q,"100,038,506",DRINKFTN,I,Q099,B-Flushing Meadows Corona Park,403,21,115,11368
Q084A-DF0325,Activated,C,1,TRUE,FALSE,Under Tree,TRUE,Q099,Flushing Meadows Corona Park,Q099,,Q-15,Q,"100,038,554",DRINKFTN,I,Q099,C-Flushing Meadows Corona Park,403,21,115,11368
Q084A-DF0327,Activated,B,1,TRUE,TRUE,Out in Open,TRUE,Q099,Flushing Meadows Corona Park,Q099,,Q-15,Q,"100,038,504",DRINKFTN,I,Q099,B-Flushing Meadows Corona Park,403,21,110,11368
Q084A-DF0328,Activated,B,1,TRUE,FALSE,Under Tree,TRUE,Q099,Flushing Meadows Corona Park,Q099,,Q-15,Q,"100,038,500",DRINKFTN,I,Q099,B-Flushing Meadows Corona Park,403,21,110,11368
Q084A-DF0564,Activated,CS Concrete,1,FALSE,FALSE,Out in Open,TRUE,Q099-01,Flushing Meadows Corona Park,Q099-01,World's Fair Playground,Q-06,Q,"100,039,211",DRINKFTN,I,Q099-01,CS Concrete-Grand Central Parkway Extension-World's Fair Playground,406,29,112,11375
Q084A-DF0565,Activated,D,1,FALSE,FALSE,"Out in Open, In Playground",TRUE,Q099-01,Flushing Meadows Corona Park,Q099-01,World's Fair Playground,Q-06,Q,"100,039,279",DRINKFTN,I,Q099-01,D-Grand Central Parkway Extension-World's Fair Playground,406,29,112,11375
Q084A-DF0566,Activated,D,1,FALSE,FALSE,"Out in Open, Just Outside Playground",TRUE,Q099-01,Flushing Meadows Corona Park,Q099-01,World's Fair Playground,Q-06,Q,"100,039,203",DRINKFTN,I,Q099-01,D-Grand Central Parkway Extension-World's Fair Playground,406,29,112,11375
Q084A-DF0831,Activated,C,1,FALSE,FALSE,Under tree,TRUE,Q099,Flushing Meadows Corona Park,Q099,,Q-15,Q,"100,043,287",DRINKFTN,I,Q099,C-Grand Central Parkway Extension,403,21,110,11368
Q084A-DF0832,Activated,C,1,FALSE,FALSE,Out in open,TRUE,Q099,Flushing Meadows Corona Park,Q099-ZN01,Flushing Bay Promenade,Q-15,Q,"100,043,341",DRINKFTN,I,Q099-ZN01,C-Grand Central Parkway Extension-Flushing Bay Promenade,481,21,110,11368
Q084A-DF0833,Activated,B,1,FALSE,FALSE,out in open,TRUE,Q099,Flushing Meadows Corona Park,Q099,,Q-15,Q,"100,043,414",DRINKFTN,I,Q099,B-Grand Central Parkway Extension,403,21,115,11368
Q085-DF0152,Activated,A,1,FALSE,FALSE,Out in Open,TRUE,Q085,Gorman Playground,Q085,,Q-03,Q,"100,038,386",DRINKFTN,I,Q085,A-Gorman Playground,403,22,115,11370
Q086-DF0080,Activated,D,1,FALSE,FALSE,"In Playground, Under Tree, Out in Open",TRUE,Q086,Flushing Fields,Q086-01,Leonardo Ingravallo Playground,Q-07,Q,"100,038,005",DRINKFTN,I,Q086-01,D-Flushing Fields-Leonardo Ingravallo Playground,407,19,109,11354
Q086-DF0081,Activated,A,1,FALSE,FALSE,"Out in Open, Near Ballfield",TRUE,Q086,Flushing Fields,Q086,,Q-07,Q,"100,038,042",DRINKFTN,I,Q086,A-Flushing Fields,407,19,109,11354
Q086-DF0082,Activated,D,1,FALSE,FALSE,"Near Ballfield, Out in Open",TRUE,Q086,Flushing Fields,Q086,,Q-07,Q,"100,038,069",DRINKFTN,I,Q086,D-Flushing Fields,407,19,109,11354
Q086-DF0084,Activated,D,1,,FALSE,Near Ballfield,TRUE,Q086,Flushing Fields,Q086,,Q-07,Q,"100,038,037",DRINKFTN,I,Q086,D-Flushing Fields,407,19,109,11354
Q086-DF0628,Activated,A,1,FALSE,FALSE,"Under Tree, Near Ballfield",TRUE,Q086,Flushing Fields,Q086,,Q-07,Q,"100,039,579",DRINKFTN,I,Q086,A-Flushing Fields,407,19,109,11354
Q089B-DF0653,Activated,D,1,FALSE,FALSE,Under Tree,TRUE,Q089B,Harvey Park,Q089B,,Q-07,Q,"100,039,667",DRINKFTN,I,Q089B,D-Harvey Park,407,19,109,11357
Q089B-DF0654,Activated,A,1,FALSE,FALSE,Near Ballfield,TRUE,Q089B,Harvey Park,Q089B,,Q-07,Q,"100,039,688",DRINKFTN,I,Q089B,A-Harvey Park,407,19,109,11357
Q089B-DF0655,Activated,A,1,FALSE,FALSE,Just Outside Playground,TRUE,Q089B,Harvey Park,Q089B,,Q-07,Q,"100,039,618",DRINKFTN,I,Q089B,A-Harvey Park,407,19,109,11357
Q089B-DF0656,Activated,A,1,FALSE,FALSE,Near Ballfield,TRUE,Q089B,Harvey Park,Q089B,,Q-07,Q,"100,039,643",DRINKFTN,I,Q089B,A-Harvey Park,407,19,109,11357
Q089B-DF0657,Activated,D,1,FALSE,FALSE,In Playground,TRUE,Q089B,Harvey Park,Q089B-01,Harvey Playground,Q-07,Q,"100,039,668",DRINKFTN,I,Q089B-01,D-Harvey Park-Harvey Playground,407,19,109,11357
Q089B-DF0658,Activated,A,1,FALSE,FALSE,Just Outside Playground,TRUE,Q089B,Harvey Park,Q089B-01,Harvey Playground,Q-07,Q,"100,039,607",DRINKFTN,I,Q089B-01,A-Harvey Park-Harvey Playground,407,19,109,11357
Q092-DF0486,Activated,A,1,TRUE,FALSE,Under Tree,TRUE,Q092,Police Officer Edward Byrne Park,Q092,,Q-10,Q,"100,038,868",DRINKFTN,I,Q092,A-Police Officer Edward Byrne Park,410,28,106,11420
Q092-DF0487,Activated,D,1,TRUE,FALSE,Under Tree,TRUE,Q092,Police Officer Edward Byrne Park,Q092,,Q-10,Q,"100,038,891",DRINKFTN,I,Q092,D-Police Officer Edward Byrne Park,410,28,106,11420
Q092-DF0488,Activated,A,1,TRUE,FALSE,Near Ballfield,TRUE,Q092,Police Officer Edward Byrne Park,Q092,,Q-10,Q,"100,038,815",DRINKFTN,I,Q092,A-Police Officer Edward Byrne Park,410,28,106,11420
Q092-DF0489,Activated,A,1,TRUE,FALSE,Near Ballfield,TRUE,Q092,Police Officer Edward Byrne Park,Q092,,Q-10,Q,"100,038,796",DRINKFTN,I,Q092,A-Police Officer Edward Byrne Park,410,28,106,11420
Q094-DF0495,Activated,D,1,FALSE,FALSE,Under Tree,TRUE,Q094,Tudor Park,Q094-01,Addabbo Playground,Q-10,Q,"100,038,889",DRINKFTN,I,Q094-01,D-Tudor Park-Addabbo Playground,410,32,106,11417
Q094-DF0496,Activated,H,1,TRUE,FALSE,Under Tree,TRUE,Q094,Tudor Park,Q094-01,Addabbo Playground,Q-10,Q,"100,038,813",DRINKFTN,I,Q094-01,H-Tudor Park-Addabbo Playground,410,32,106,11417
Q094-DF0497,Activated,D,1,FALSE,FALSE,Near Ballfield,TRUE,Q094,Tudor Park,Q094,,Q-10,Q,"100,038,840",DRINKFTN,I,Q094,D-Tudor Park,410,32,106,11417
Q094-DF0498,Activated,D,1,FALSE,TRUE,Near Ballfield,TRUE,Q094,Tudor Park,Q094,,Q-10,Q,"100,038,878",DRINKFTN,I,Q094,D-Tudor Park,410,32,106,11417
Q094-DF0592,Activated,C,1,FALSE,FALSE,Near Ballfield,TRUE,Q094,Tudor Park,Q094,,Q-10,Q,"100,039,476",DRINKFTN,I,Q094,C-Tudor Park,410,32,106,11417
Q094-DF0593,Activated,C,1,FALSE,FALSE,Out in Open,TRUE,Q094,Tudor Park,Q094,,Q-10,Q,"100,039,404",DRINKFTN,I,Q094,C-Tudor Park,410,32,106,11417
Q094-DF0594,Activated,C,1,FALSE,FALSE,Near Ballfield,TRUE,Q094,Tudor Park,Q094,,Q-10,Q,"100,039,426",DRINKFTN,I,Q094,C-Tudor Park,410,32,106,11417
Q095-DF0521,Activated,C,1,TRUE,FALSE,Near Ballfield,TRUE,Q095,Vito Locascio Field,Q095,,Q-10,Q,"100,038,803",DRINKFTN,I,Q095,C-Vito Locascio Field,410,32,106,11417
Q096B-DF0490,Activated,C,1,FALSE,FALSE,Under Tree,TRUE,Q096B,Southern Fields,Q096B,,Q-10,Q,"100,038,892",DRINKFTN,I,Q096B,C-Southern Fields,410,32,106,11420
Q096B-DF0491,Activated,C,1,FALSE,FALSE,Near Ballfield,TRUE,Q096B,Southern Fields,Q096B,,Q-10,Q,"100,038,888",DRINKFTN,I,Q096B,C-Southern Fields,410,32,106,11420
Q096B-DF0492,Activated,A,1,FALSE,TRUE,Near Ballfield,TRUE,Q096B,Southern Fields,Q096B,,Q-10,Q,"100,038,812",DRINKFTN,I,Q096B,A-Southern Fields,410,32,106,11420
Q096B-DF0745,Activated,C,1,FALSE,FALSE,"Out in Open, Near Ballfield",TRUE,Q096B,Southern Fields,Q096B,,Q-10,Q,"100,040,145",DRINKFTN,I,Q096B,C-Southern Fields,410,32,106,11420
Q096E-DF0757,Activated,E,1,FALSE,FALSE,In Playground,TRUE,Q096E,Lefferts Playground,Q096E,,Q-10,Q,"100,040,110",DRINKFTN,I,Q096E,E-Lefferts Playground,410,28,106,11420
Q096E-DF0758,Activated,A,1,FALSE,FALSE,Out in Open,TRUE,Q096E,Lefferts Playground,Q096E,,Q-10,Q,"100,040,179",DRINKFTN,I,Q096E,A-Lefferts Playground,410,28,106,11420
Q098-DF0575,Activated,A,1,,FALSE,In Playground,TRUE,Q098,Frank D. O'Connor Playground,Q098,,Q-04,Q,"100,039,345",DRINKFTN,I,Q098,A-Frank D. O'Connor Playground,404,25,110,11373
Q098-DF0576,Activated,A,1,,FALSE,"In Playground, Just Outside Playground",TRUE,Q098,Frank D. O'Connor Playground,Q098,,Q-04,Q,"100,039,388",DRINKFTN,I,Q098,A-Frank D. O'Connor Playground,404,25,110,11373
Q098-DF0577,Activated,D,1,,FALSE,Just Outside Playground,TRUE,Q098,Frank D. O'Connor Playground,Q098,,Q-04,Q,"100,039,313",DRINKFTN,I,Q098,D-Frank D. O'Connor Playground,404,25,110,11373
Q099-DF0125,Activated,A,1,TRUE,FALSE,"Out in Open, Just Outside Playground",TRUE,Q099,Flushing Meadows Corona Park,Q099-ZN19,Ballfields,Q-15,Q,"100,038,274",DRINKFTN,I,Q099-ZN19,A-Flushing Meadows Corona Park-Ballfields,481,21,110,11368
Q099-DF0126,Activated,A,1,TRUE,TRUE,"Just Outside Playground, Under Tree",TRUE,Q099,Flushing Meadows Corona Park,Q099-ZN19,Ballfields,Q-15,Q,"100,038,279",DRINKFTN,I,Q099-ZN19,A-Flushing Meadows Corona Park-Ballfields,481,21,110,11368
Q099-DF0127,Activated,A,1,TRUE,TRUE,"Out in Open, Just Outside Playground",TRUE,Q099,Flushing Meadows Corona Park,Q099-ZN19,Ballfields,Q-15,Q,"100,038,291",DRINKFTN,I,Q099-ZN19,A-Flushing Meadows Corona Park-Ballfields,481,21,110,11368
Q099-DF0128,Activated,A,1,TRUE,TRUE,"Near Ballfield, Just Outside Playground",TRUE,Q099,Flushing Meadows Corona Park,Q099-ZN19,Ballfields,Q-15,Q,"100,038,272",DRINKFTN,I,Q099-ZN19,A-Flushing Meadows Corona Park-Ballfields,481,21,110,11368
Q099-DF0129,Activated,D,1,TRUE,FALSE,Under Tree,TRUE,Q099,Flushing Meadows Corona Park,Q099-ZN18,QN Wldlf Ctr-Terr On Park-NY Hall Of Sci,Q-15,Q,"100,038,261",DRINKFTN,I,Q099-ZN18,D-Flushing Meadows Corona Park-QN Wldlf Ctr-Terr On Park-NY Hall Of Sci,481,21,110,11368
Q099-DF0130,Activated,A,1,TRUE,TRUE,Under Tree,TRUE,Q099,Flushing Meadows Corona Park,Q099-ZN18,QN Wldlf Ctr-Terr On Park-NY Hall Of Sci,Q-15,Q,"100,038,294",DRINKFTN,I,Q099-ZN18,A-Flushing Meadows Corona Park-QN Wldlf Ctr-Terr On Park-NY Hall Of Sci,481,21,110,11368
Q099-DF0131,Activated,A,1,TRUE,FALSE,Under Tree,TRUE,Q099,Flushing Meadows Corona Park,Q099-ZN18,QN Wldlf Ctr-Terr On Park-NY Hall Of Sci,Q-15,Q,"100,038,302",DRINKFTN,I,Q099-ZN18,A-Flushing Meadows Corona Park-QN Wldlf Ctr-Terr On Park-NY Hall Of Sci,481,21,110,11368
Q099-DF0132,Activated,A,1,TRUE,FALSE,Near Ballfield,TRUE,Q099,Flushing Meadows Corona Park,Q099-ZN19,Ballfields,Q-15,Q,"100,038,293",DRINKFTN,I,Q099-ZN19,A-Flushing Meadows Corona Park-Ballfields,481,21,110,11368
Q099-DF0133,Activated,A,1,TRUE,FALSE,Under Tree,TRUE,Q099,Flushing Meadows Corona Park,Q099-ZN18,QN Wldlf Ctr-Terr On Park-NY Hall Of Sci,Q-15,Q,"100,038,296",DRINKFTN,I,Q099-ZN18,A-Flushing Meadows Corona Park-QN Wldlf Ctr-Terr On Park-NY Hall Of Sci,481,21,110,11368
Q099-DF0134,Activated,A,1,TRUE,FALSE,Under Tree,TRUE,Q099,Flushing Meadows Corona Park,Q099-ZN18,QN Wldlf Ctr-Terr On Park-NY Hall Of Sci,Q-15,Q,"100,038,297",DRINKFTN,I,Q099-ZN18,A-Flushing Meadows Corona Park-QN Wldlf Ctr-Terr On Park-NY Hall Of Sci,481,21,110,11368
Q099-DF0135,Activated,A,1,TRUE,TRUE,Under Tree,TRUE,Q099,Flushing Meadows Corona Park,Q099-ZN18,QN Wldlf Ctr-Terr On Park-NY Hall Of Sci,Q-15,Q,"100,038,295",DRINKFTN,I,Q099-ZN18,A-Flushing Meadows Corona Park-QN Wldlf Ctr-Terr On Park-NY Hall Of Sci,481,21,110,11368
Q099-DF0195,Activated,D,1,TRUE,FALSE,In Playground,TRUE,Q099,Flushing Meadows Corona Park,Q099-15,Triassic Playground,Q-15,Q,"100,038,405",DRINKFTN,I,Q099-15,D-Flushing Meadows Corona Park-Triassic Playground,481,24,110,11367
Q104-DF0036,Activated,C,1,FALSE,FALSE,Near Ballfield,TRUE,Q104,Queensbridge Park,Q104,,Q-01,Q,"100,037,933",DRINKFTN,I,Q104,C-Queensbridge Park,401,26,114,11101
Q099-DF0198,Activated,A,1,FALSE,FALSE,In Playground,TRUE,Q099,Flushing Meadows Corona Park,Q099-15,Triassic Playground,Q-15,Q,"100,038,420",DRINKFTN,I,Q099-15,A-Flushing Meadows Corona Park-Triassic Playground,481,24,110,11367
Q099-DF0204,Activated,E,1,TRUE,FALSE,Out in Open,TRUE,Q099,Flushing Meadows Corona Park,Q099-ZN20,Meadow Lake North,Q-15,Q,"100,038,462",DRINKFTN,I,Q099-ZN20,E-Flushing Meadows Corona Park-Meadow Lake North,481,24,110,11367
Q099-DF0207,Activated,E,1,TRUE,FALSE,Out in Open,TRUE,Q099,Flushing Meadows Corona Park,Q099-ZN20,Meadow Lake North,Q-15,Q,"100,038,453",DRINKFTN,I,Q099-ZN20,E-Flushing Meadows Corona Park-Meadow Lake North,481,24,110,11367
Q099-DF0208,Activated,A,1,TRUE,FALSE,"Out in Open, Under Tree",TRUE,Q099,Flushing Meadows Corona Park,Q099-ZN20,Meadow Lake North,Q-15,Q,"100,038,451",DRINKFTN,I,Q099-ZN20,A-Flushing Meadows Corona Park-Meadow Lake North,481,24,110,11367
Q099-DF0209,Activated,A,1,TRUE,FALSE,"Out in Open, Under Tree",TRUE,Q099,Flushing Meadows Corona Park,Q099-ZN20,Meadow Lake North,Q-15,Q,"100,038,458",DRINKFTN,I,Q099-ZN20,A-Flushing Meadows Corona Park-Meadow Lake North,481,24,110,11367
Q099-DF0210,Activated,D,1,TRUE,FALSE,"Under Tree, Out in Open",TRUE,Q099,Flushing Meadows Corona Park,Q099-ZN20,Meadow Lake North,Q-15,Q,"100,038,486",DRINKFTN,I,Q099-ZN20,D-Flushing Meadows Corona Park-Meadow Lake North,481,24,110,11367
Q099-DF0211,Activated,A,1,FALSE,FALSE,Under Tree,TRUE,Q099,Flushing Meadows Corona Park,Q099-ZN12,Unisphere,Q-15,Q,"100,038,466",DRINKFTN,I,Q099-ZN12,A-Flushing Meadows Corona Park-Unisphere,481,21,110,11368
Q099-DF0213,Activated,A,1,FALSE,FALSE,Under Tree,TRUE,Q099,Flushing Meadows Corona Park,Q099-ZN12,Unisphere,Q-15,Q,"100,038,478",DRINKFTN,I,Q099-ZN12,A-Flushing Meadows Corona Park-Unisphere,481,21,110,11368
Q099-DF0214,Activated,A,1,FALSE,FALSE,Under Tree,TRUE,Q099,Flushing Meadows Corona Park,Q099-ZN12,Unisphere,Q-15,Q,"100,038,459",DRINKFTN,I,Q099-ZN12,A-Flushing Meadows Corona Park-Unisphere,481,21,110,11368
Q099-DF0216,Activated,A,1,FALSE,FALSE,Under Tree,TRUE,Q099,Flushing Meadows Corona Park,Q099-ZN13,Reflecting Pool Lawns,Q-15,Q,"100,038,467",DRINKFTN,I,Q099-ZN13,A-Flushing Meadows Corona Park-Reflecting Pool Lawns,481,21,110,11368
Q099-DF0217,Activated,A,1,FALSE,FALSE,Under Tree,TRUE,Q099,Flushing Meadows Corona Park,Q099-ZN13,Reflecting Pool Lawns,Q-15,Q,"100,038,446",DRINKFTN,I,Q099-ZN13,A-Flushing Meadows Corona Park-Reflecting Pool Lawns,481,21,110,11368
Q099-DF0219,Activated,A,1,TRUE,FALSE,Out in Open,TRUE,Q099,Flushing Meadows Corona Park,Q099-ZN12,Unisphere,Q-15,Q,"100,038,452",DRINKFTN,I,Q099-ZN12,A-Flushing Meadows Corona Park-Unisphere,481,21,110,11368
Q099-DF0220,Activated,A,1,TRUE,FALSE,Out in Open,TRUE,Q099,Flushing Meadows Corona Park,Q099-ZN12,Unisphere,Q-15,Q,"100,038,480",DRINKFTN,I,Q099-ZN12,A-Flushing Meadows Corona Park-Unisphere,481,21,110,11368
Q099-DF0221,Activated,A,1,TRUE,FALSE,Out in Open,TRUE,Q099,Flushing Meadows Corona Park,Q099-ZN12,Unisphere,Q-15,Q,"100,038,461",DRINKFTN,I,Q099-ZN12,A-Flushing Meadows Corona Park-Unisphere,481,21,110,11368
Q099-DF0222,Activated,A,1,TRUE,FALSE,Under Tree,TRUE,Q099,Flushing Meadows Corona Park,Q099-ZN13,Reflecting Pool Lawns,Q-15,Q,"100,038,492",DRINKFTN,I,Q099-ZN13,A-Flushing Meadows Corona Park-Reflecting Pool Lawns,481,21,110,11368
Q099-DF0223,Activated,A,1,TRUE,FALSE,Under Tree,TRUE,Q099,Flushing Meadows Corona Park,Q099-ZN13,Reflecting Pool Lawns,Q-15,Q,"100,038,471",DRINKFTN,I,Q099-ZN13,A-Flushing Meadows Corona Park-Reflecting Pool Lawns,481,21,110,11368
Q099-DF0224,Activated,D,1,TRUE,FALSE,Out in Open,TRUE,Q099,Flushing Meadows Corona Park,Q099-ZN06,Pavilion & Astral Fountain,Q-15,Q,"100,038,454",DRINKFTN,I,Q099-ZN06,D-Flushing Meadows Corona Park-Pavilion & Astral Fountain,481,21,110,11368
Q099-DF0225,Activated,D,1,TRUE,FALSE,Out in Open,TRUE,Q099,Flushing Meadows Corona Park,Q099-ZN06,Pavilion & Astral Fountain,Q-15,Q,"100,038,481",DRINKFTN,I,Q099-ZN06,D-Flushing Meadows Corona Park-Pavilion & Astral Fountain,481,21,110,11368
Q099-DF0226,Activated,D,1,TRUE,FALSE,Out in Open,TRUE,Q099,Flushing Meadows Corona Park,Q099-ZN06,Pavilion & Astral Fountain,Q-15,Q,"100,038,463",DRINKFTN,I,Q099-ZN06,D-Flushing Meadows Corona Park-Pavilion & Astral Fountain,481,21,110,11368
Q099-DF0227,Activated,D,1,TRUE,FALSE,Out in Open,TRUE,Q099,Flushing Meadows Corona Park,Q099-ZN06,Pavilion & Astral Fountain,Q-15,Q,"100,038,489",DRINKFTN,I,Q099-ZN06,D-Flushing Meadows Corona Park-Pavilion & Astral Fountain,481,21,110,11368
Q099-DF0229,Activated,A,1,TRUE,FALSE,In Playground,TRUE,Q099,Flushing Meadows Corona Park,Q099-20,Albert H. Mauro Playground,Q-15,Q,"100,038,464",DRINKFTN,I,Q099-20,A-Flushing Meadows Corona Park-Albert H. Mauro Playground,408,24,107,11367
Q099-DF0231,Activated,CS Concrete,1,TRUE,FALSE,In Playground,TRUE,Q099,Flushing Meadows Corona Park,Q099-20,Albert H. Mauro Playground,Q-15,Q,"100,038,473",DRINKFTN,I,Q099-20,CS Concrete-Flushing Meadows Corona Park-Albert H. Mauro Playground,408,24,107,11367
Q099-DF0232,Activated,A,1,TRUE,FALSE,Under Tree,TRUE,Q099,Flushing Meadows Corona Park,Q099-ZN07,Festival Sq & Garden Of Meditation,Q-15,Q,"100,038,457",DRINKFTN,I,Q099-ZN07,A-Flushing Meadows Corona Park-Festival Sq & Garden Of Meditation,481,21,110,11368
Q099-DF0235,Activated,A,1,TRUE,FALSE,Under Tree,TRUE,Q099,Flushing Meadows Corona Park,Q099-ZN07,Festival Sq & Garden Of Meditation,Q-15,Q,"100,038,447",DRINKFTN,I,Q099-ZN07,A-Flushing Meadows Corona Park-Festival Sq & Garden Of Meditation,481,21,110,11368
Q099-DF0236,Activated,A,1,TRUE,FALSE,Under Tree,TRUE,Q099,Flushing Meadows Corona Park,Q099-ZN07,Festival Sq & Garden Of Meditation,Q-15,Q,"100,038,476",DRINKFTN,I,Q099-ZN07,A-Flushing Meadows Corona Park-Festival Sq & Garden Of Meditation,481,21,110,11368
Q099-DF0238,Activated,A,1,TRUE,FALSE,Under Tree,TRUE,Q099,Flushing Meadows Corona Park,Q099-ZN07,Festival Sq & Garden Of Meditation,Q-15,Q,"100,038,482",DRINKFTN,I,Q099-ZN07,A-Flushing Meadows Corona Park-Festival Sq & Garden Of Meditation,481,21,110,11368
Q099-DF0242,Activated,A,1,TRUE,FALSE,Under Tree,TRUE,Q099,Flushing Meadows Corona Park,Q099-ZN15,South Lawn,Q-15,Q,"100,038,450",DRINKFTN,I,Q099-ZN15,A-Flushing Meadows Corona Park-South Lawn,481,21,110,11368
Q099-DF0244,Activated,A,1,TRUE,FALSE,Under Tree,TRUE,Q099,Flushing Meadows Corona Park,Q099-ZN15,South Lawn,Q-15,Q,"100,038,460",DRINKFTN,I,Q099-ZN15,A-Flushing Meadows Corona Park-South Lawn,481,21,110,11368
Q099-DF0245,Activated,A,1,TRUE,FALSE,Under Tree,TRUE,Q099,Flushing Meadows Corona Park,Q099-ZN15,South Lawn,Q-15,Q,"100,038,491",DRINKFTN,I,Q099-ZN15,A-Flushing Meadows Corona Park-South Lawn,481,21,110,11368
Q099-DF0247,Activated,A,1,TRUE,FALSE,Under Tree,TRUE,Q099,Flushing Meadows Corona Park,Q099-ZN15,South Lawn,Q-15,Q,"100,038,448",DRINKFTN,I,Q099-ZN15,A-Flushing Meadows Corona Park-South Lawn,481,21,110,11368
Q099-DF0249,Activated,A,1,TRUE,FALSE,Under Tree,TRUE,Q099,Flushing Meadows Corona Park,Q099-ZN08,South Of Fountain Of The Planets,Q-15,Q,"100,038,484",DRINKFTN,I,Q099-ZN08,A-Flushing Meadows Corona Park-South Of Fountain Of The Planets,481,21,110,11368
Q099-DF0251,Activated,A,1,TRUE,FALSE,Under Tree,TRUE,Q099,Flushing Meadows Corona Park,Q099-ZN08,South Of Fountain Of The Planets,Q-15,Q,"100,038,525",DRINKFTN,I,Q099-ZN08,A-Flushing Meadows Corona Park-South Of Fountain Of The Planets,481,21,110,11368
Q099-DF0252,Activated,A,1,TRUE,FALSE,Out in Open,TRUE,Q099,Flushing Meadows Corona Park,Q099-ZN08,South Of Fountain Of The Planets,Q-15,Q,"100,038,547",DRINKFTN,I,Q099-ZN08,A-Flushing Meadows Corona Park-South Of Fountain Of The Planets,481,21,110,11368
Q099-DF0254,Activated,D,1,TRUE,FALSE,Out in Open,TRUE,Q099,Flushing Meadows Corona Park,Q099-ZN08,South Of Fountain Of The Planets,Q-15,Q,"100,038,499",DRINKFTN,I,Q099-ZN08,D-Flushing Meadows Corona Park-South Of Fountain Of The Planets,481,21,110,11368
Q099-DF0256,Activated,A,1,TRUE,FALSE,Under Tree,TRUE,Q099,Flushing Meadows Corona Park,Q099-ZN08,South Of Fountain Of The Planets,Q-15,Q,"100,038,548",DRINKFTN,I,Q099-ZN08,A-Flushing Meadows Corona Park-South Of Fountain Of The Planets,481,21,110,11368
Q099-DF0257,Activated,A,1,TRUE,FALSE,Out in Open,TRUE,Q099,Flushing Meadows Corona Park,Q099-ZN08,South Of Fountain Of The Planets,Q-15,Q,"100,038,530",DRINKFTN,I,Q099-ZN08,A-Flushing Meadows Corona Park-South Of Fountain Of The Planets,481,21,110,11368
Q099-DF0258,Activated,A,1,TRUE,FALSE,Out in Open,TRUE,Q099,Flushing Meadows Corona Park,Q099-ZN08,South Of Fountain Of The Planets,Q-15,Q,"100,038,550",DRINKFTN,I,Q099-ZN08,A-Flushing Meadows Corona Park-South Of Fountain Of The Planets,481,21,110,11368
Q099-DF0260,Activated,A,1,TRUE,FALSE,Under Tree,TRUE,Q099,Flushing Meadows Corona Park,Q099-ZN08,South Of Fountain Of The Planets,Q-15,Q,"100,038,544",DRINKFTN,I,Q099-ZN08,A-Flushing Meadows Corona Park-South Of Fountain Of The Planets,481,21,110,11368
Q099-DF0261,Activated,A,1,TRUE,FALSE,Under Tree,TRUE,Q099,Flushing Meadows Corona Park,Q099-ZN15,South Lawn,Q-15,Q,"100,038,570",DRINKFTN,I,Q099-ZN15,A-Flushing Meadows Corona Park-South Lawn,481,21,110,11368
Q099-DF0262,Activated,A,1,TRUE,FALSE,Under Tree,TRUE,Q099,Flushing Meadows Corona Park,Q099-ZN15,South Lawn,Q-15,Q,"100,038,494",DRINKFTN,I,Q099-ZN15,A-Flushing Meadows Corona Park-South Lawn,481,21,110,11368
Q099-DF0263,Activated,A,1,TRUE,FALSE,Under Tree,TRUE,Q099,Flushing Meadows Corona Park,Q099-ZN15,South Lawn,Q-15,Q,"100,038,497",DRINKFTN,I,Q099-ZN15,A-Flushing Meadows Corona Park-South Lawn,481,21,110,11368
Q099-DF0264,Activated,A,1,TRUE,FALSE,Under Tree,TRUE,Q099,Flushing Meadows Corona Park,Q099-ZN15,South Lawn,Q-15,Q,"100,038,524",DRINKFTN,I,Q099-ZN15,A-Flushing Meadows Corona Park-South Lawn,481,21,110,11368
Q099-DF0266,Activated,A,1,TRUE,FALSE,Under Tree,TRUE,Q099,Flushing Meadows Corona Park,Q099-ZN08,South Of Fountain Of The Planets,Q-15,Q,"100,038,572",DRINKFTN,I,Q099-ZN08,A-Flushing Meadows Corona Park-South Of Fountain Of The Planets,481,21,110,11368
Q099-DF0267,Activated,A,1,TRUE,FALSE,Under Tree,TRUE,Q099,Flushing Meadows Corona Park,Q099-ZN08,South Of Fountain Of The Planets,Q-15,Q,"100,038,519",DRINKFTN,I,Q099-ZN08,A-Flushing Meadows Corona Park-South Of Fountain Of The Planets,481,21,110,11368
Q099-DF0268,Activated,A,1,TRUE,FALSE,Under Tree,TRUE,Q099,Flushing Meadows Corona Park,Q099-ZN08,South Of Fountain Of The Planets,Q-15,Q,"100,038,549",DRINKFTN,I,Q099-ZN08,A-Flushing Meadows Corona Park-South Of Fountain Of The Planets,481,21,110,11368
Q099-DF0269,Activated,A,1,TRUE,FALSE,Under Tree,TRUE,Q099,Flushing Meadows Corona Park,Q099-ZN08,South Of Fountain Of The Planets,Q-15,Q,"100,038,542",DRINKFTN,I,Q099-ZN08,A-Flushing Meadows Corona Park-South Of Fountain Of The Planets,481,21,110,11368
Q099-DF0270,Activated,C,1,FALSE,FALSE,Under Tree,TRUE,Q099,Flushing Meadows Corona Park,Q099-ZN09,North Of Fountain Of The Planets,Q-15,Q,"100,038,568",DRINKFTN,I,Q099-ZN09,C-Flushing Meadows Corona Park-North Of Fountain Of The Planets,481,21,110,11368
Q099-DF0271,Activated,A,1,TRUE,FALSE,Out in Open,TRUE,Q099,Flushing Meadows Corona Park,Q099-ZN09,North Of Fountain Of The Planets,Q-15,Q,"100,038,592",DRINKFTN,I,Q099-ZN09,A-Flushing Meadows Corona Park-North Of Fountain Of The Planets,481,21,110,11368
Q099-DF0272,Activated,A,1,TRUE,FALSE,Out in Open,TRUE,Q099,Flushing Meadows Corona Park,Q099-ZN09,North Of Fountain Of The Planets,Q-15,Q,"100,038,543",DRINKFTN,I,Q099-ZN09,A-Flushing Meadows Corona Park-North Of Fountain Of The Planets,481,21,110,11368
Q099-DF0274,Activated,A,1,TRUE,FALSE,Out in Open,TRUE,Q099,Flushing Meadows Corona Park,Q099-ZN09,North Of Fountain Of The Planets,Q-15,Q,"100,038,493",DRINKFTN,I,Q099-ZN09,A-Flushing Meadows Corona Park-North Of Fountain Of The Planets,481,21,110,11368
Q099-DF0276,Activated,C,1,FALSE,FALSE,Out in Open,TRUE,Q099,Flushing Meadows Corona Park,Q099-ZN09,North Of Fountain Of The Planets,Q-15,Q,"100,038,587",DRINKFTN,I,Q099-ZN09,C-Flushing Meadows Corona Park-North Of Fountain Of The Planets,481,21,110,11368
X201-DF0118,Activated,D,1,FALSE,FALSE,Out in Open,TRUE,X201,Seton Park,X201,,X-08,X,"100,038,108",DRINKFTN,I,X201,D-Seton Park,208,11,50,10471
Q099-DF0280,Activated,C,1,FALSE,FALSE,Out in Open,TRUE,Q099,Flushing Meadows Corona Park,Q099-ZN15,South Lawn,Q-15,Q,"100,038,551",DRINKFTN,I,Q099-ZN15,C-Flushing Meadows Corona Park-South Lawn,481,21,110,11368
Q099-DF0282,Activated,C,1,FALSE,FALSE,Under Tree,TRUE,Q099,Flushing Meadows Corona Park,Q099-ZN14,North Lawn,Q-15,Q,"100,038,578",DRINKFTN,I,Q099-ZN14,C-Flushing Meadows Corona Park-North Lawn,481,21,110,11368
Q099-DF0283,Activated,A,1,FALSE,FALSE,Under Tree,TRUE,Q099,Flushing Meadows Corona Park,Q099-ZN14,North Lawn,Q-15,Q,"100,038,539",DRINKFTN,I,Q099-ZN14,A-Flushing Meadows Corona Park-North Lawn,481,21,110,11368
Q099-DF0285,Activated,C,1,FALSE,FALSE,Out in Open,TRUE,Q099,Flushing Meadows Corona Park,Q099-ZN14,North Lawn,Q-15,Q,"100,038,589",DRINKFTN,I,Q099-ZN14,C-Flushing Meadows Corona Park-North Lawn,481,21,110,11368
Q099-DF0287,Activated,C,1,FALSE,FALSE,Out in Open,TRUE,Q099,Flushing Meadows Corona Park,Q099-ZN10,Putt-putt Golf Course & Allied Bldg,Q-15,Q,"100,038,553",DRINKFTN,I,Q099-ZN10,C-Flushing Meadows Corona Park-Putt-putt Golf Course & Allied Bldg,481,21,110,11368
Q099-DF0288,Activated,B,1,FALSE,FALSE,Out in Open,TRUE,Q099,Flushing Meadows Corona Park,Q099-ZN10,Putt-putt Golf Course & Allied Bldg,Q-15,Q,"100,038,535",DRINKFTN,I,Q099-ZN10,B-Flushing Meadows Corona Park-Putt-putt Golf Course & Allied Bldg,481,21,110,11368
Q099-DF0289,Activated,C,1,TRUE,FALSE,Near Ballfield,TRUE,Q099,Flushing Meadows Corona Park,Q099-ZN17,College Point Blvd Soccer Fields,Q-15,Q,"100,038,577",DRINKFTN,I,Q099-ZN17,C-Flushing Meadows Corona Park-College Point Blvd Soccer Fields,407,20,109,11355
Q099-DF0291,Activated,C,1,TRUE,FALSE,Near Ballfield,TRUE,Q099,Flushing Meadows Corona Park,Q099-ZN17,College Point Blvd Soccer Fields,Q-15,Q,"100,038,536",DRINKFTN,I,Q099-ZN17,C-Flushing Meadows Corona Park-College Point Blvd Soccer Fields,407,20,109,11355
Q099-DF0296,Activated,Double A,2,TRUE,FALSE,Out in Open,TRUE,Q099,Flushing Meadows Corona Park,Q099-ZN25,Meadow Lake NE,Q-15,Q,"100,038,571",DRINKFTN,I,Q099-ZN25,Double A-Flushing Meadows Corona Park-Meadow Lake NE,481,24,110,11367
Q099-DF0297,Activated,Double A,2,TRUE,FALSE,Out in Open,TRUE,Q099,Flushing Meadows Corona Park,Q099-ZN25,Meadow Lake NE,Q-15,Q,"100,038,560",DRINKFTN,I,Q099-ZN25,Double A-Flushing Meadows Corona Park-Meadow Lake NE,481,24,110,11367
Q099-DF0307,Activated,C,2,FALSE,FALSE,Under Tree,TRUE,Q099,Flushing Meadows Corona Park,Q099-ZN01,Flushing Bay Promenade,Q-15,Q,"100,038,533",DRINKFTN,I,Q099-ZN01,C-Flushing Meadows Corona Park-Flushing Bay Promenade,481,21,110,11368
Q099-DF0310,Activated,B,1,FALSE,FALSE,Out in Open,TRUE,Q099,Flushing Meadows Corona Park,Q099-ZN01,Flushing Bay Promenade,Q-15,Q,"100,038,531",DRINKFTN,I,Q099-ZN01,B-Flushing Meadows Corona Park-Flushing Bay Promenade,481,21,110,11368
Q099-DF0311,Activated,C,1,FALSE,TRUE,Out in Open,TRUE,Q099,Flushing Meadows Corona Park,Q099,,Q-15,Q,"100,038,528",DRINKFTN,I,Q099,C-Flushing Meadows Corona Park,481,21,110,11368
Q099-DF0774,Activated,D,1,FALSE,FALSE,In Playground,TRUE,Q099,Flushing Meadows Corona Park,Q099-16,Jurassic Playground,Q-15,Q,"100,040,206",DRINKFTN,I,Q099-16,D-Flushing Meadows Corona Park-Jurassic Playground,481,24,110,11367
Q099-DF0793,Activated,A,1,FALSE,FALSE,Under Tree,TRUE,Q099,Flushing Meadows Corona Park,Q099-ZN25,Meadow Lake NE,Q-15,Q,"100,040,223",DRINKFTN,I,Q099-ZN25,A-Flushing Meadows Corona Park-Meadow Lake NE,481,24,110,11367
Q099-DF0794,Activated,A,1,FALSE,FALSE,Under Tree,TRUE,Q099,Flushing Meadows Corona Park,Q099-ZN25,Meadow Lake NE,Q-15,Q,"100,040,246",DRINKFTN,I,Q099-ZN25,A-Flushing Meadows Corona Park-Meadow Lake NE,481,24,110,11367
Q099-DF0819,Activated,D,1,FALSE,FALSE,In Playground,TRUE,Q099,Flushing Meadows Corona Park,Q099-18,Playground For All Children,Q-15,Q,"100,040,402",DRINKFTN,I,Q099-18,D-Flushing Meadows Corona Park-Playground For All Children,481,21,110,11368
Q099-DF0820,Activated,D,1,FALSE,FALSE,In Playground,TRUE,Q099,Flushing Meadows Corona Park,Q099-18,Playground For All Children,Q-15,Q,"100,040,426",DRINKFTN,I,Q099-18,D-Flushing Meadows Corona Park-Playground for All Children,481,21,110,11368
Q099-DF0821,Activated,D,1,FALSE,FALSE,In Playground,TRUE,Q099,Flushing Meadows Corona Park,Q099-18,Playground For All Children,Q-15,Q,"100,040,455",DRINKFTN,I,Q099-18,D-Flushing Meadows Corona Park-Playground For All Children,481,21,110,11368
Q099-DF0822,Activated,D,1,FALSE,FALSE,In Playground,TRUE,Q099,Flushing Meadows Corona Park,Q099-18,Playground For All Children,Q-15,Q,"100,040,488",DRINKFTN,I,Q099-18,D-Flushing Meadows Corona Park-Playground For All Children,481,21,110,11368
Q099-DF0829,Activated,B,1,FALSE,FALSE,Under tree,TRUE,Q099,Flushing Meadows Corona Park,Q099-ZN01,Flushing Bay Promenade,Q-15,Q,"100,043,391",DRINKFTN,I,Q099-ZN01,B-Flushing Meadows Corona Park-Flushing Bay Promenade,481,21,110,11368
Q099-DF0830,Activated,C,1,FALSE,FALSE,Out in Open,TRUE,Q099,Flushing Meadows Corona Park,Q099-ZN01,Flushing Bay Promenade,Q-15,Q,"100,043,405",DRINKFTN,I,Q099-ZN01,C-Flushing Meadows Corona Park-Flushing Bay Promenade,481,21,110,11368
Q099-DF0861,Activated,Bottle Filler,1,,FALSE,East of south east corner of Queens Museum.,TRUE,Q099,Flushing Meadows Corona Park,Q099-ZN12,Unisphere,Q-15,Q,"100,043,415",DRINKFTN,I,Q099-ZN12,Bottle Filler-Flushing Meadows Corona Park-Unisphere,481,21,110,11368
Q099-DF0898,Activated,B,1,,FALSE,,TRUE,Q099,Flushing Meadows Corona Park,Q099-ZN01,Flushing Bay Promenade,Q-15,Q,"100,043,434",DRINKFTN,I,Q099-ZN01,B-Flushing Meadows Corona Park-Flushing Bay Promenade,481,21,110,11368
Q099-DF0899,Activated,C,1,,TRUE,,TRUE,Q099,Flushing Meadows Corona Park,Q099-ZN01,Flushing Bay Promenade,Q-15,Q,"100,042,438",DRINKFTN,I,Q099-ZN01,C-Flushing Meadows Corona Park-Flushing Bay Promenade,481,21,110,11368
Q099-DF0926,Activated,Indoor Drinking Fountain,1,,FALSE,Indoor,FALSE,Q099,Flushing Meadows Corona Park,Q099,,Q-15,Q,"100,043,387",DRINKFTN,I,Q099-BLG0225,Indoor Drinking Fountain-Flushing Meadows Corona Park-Al Oerter Rec Center,407,20,109,11355
Q099-DF0927,Activated,Indoor Drinking Fountain,1,,FALSE,Indoor,FALSE,Q099,Flushing Meadows Corona Park,Q099,,Q-15,Q,"100,043,411",DRINKFTN,I,Q099-BLG0225,Indoor Drinking Fountain-Flushing Meadows Corona Park-Al Oerter Rec Center,407,20,109,11355
Q099-DF0928,Activated,Indoor Drinking Fountain,1,,FALSE,Indoor,FALSE,Q099,Flushing Meadows Corona Park,Q099,,Q-15,Q,"100,043,412",DRINKFTN,I,Q099-BLG0225,Indoor Drinking Fountain-Flushing Meadows Corona Park-Al Oerter Rec Center,407,20,109,11355
Q099-DF0929,Activated,Indoor Drinking Fountain,1,,FALSE,Indoor,FALSE,Q099,Flushing Meadows Corona Park,Q099,,Q-15,Q,"100,043,336",DRINKFTN,I,Q099-BLG0225,Indoor Drinking Fountain-Flushing Meadows Corona Park-Al Oerter Rec Center,407,20,109,11355
Q099-DF0932,Activated,Indoor Drinking Fountain,1,,FALSE,Indoor,FALSE,Q099,Flushing Meadows Corona Park,Q099,,Q-15,Q,"100,043,362",DRINKFTN,I,Q099-BLG0225,Indoor Fountain-Flushing Meadows Corona Park-Al Oerter Recreation Center,407,20,109,11355
Q099-DF0933,Activated,Indoor Drinking Fountain,1,,FALSE,Indoor,FALSE,Q099,Flushing Meadows Corona Park,Q099,,Q-15,Q,"100,043,429",DRINKFTN,I,Q099-BLG0225,Indoor Drinking Fountain-Flushing Meadows Corona Park-Al Oerter Rec Center,407,20,109,11355
Q099-DF0934,Activated,Indoor Drinking Fountain,1,,FALSE,Indoor,FALSE,Q099,Flushing Meadows Corona Park,Q099-ZN10,Putt-putt Golf Course & Allied Bldg,Q-15,Q,"100,043,404",DRINKFTN,I,Q099-BLG0280,Indoor Drinking Fountain-Flushing Meadows Corona Park-Aquatic Center,481,21,110,11368
Q099-DF0935,Activated,Indoor Drinking Fountain,1,,FALSE,Indoor,FALSE,Q099,Flushing Meadows Corona Park,Q099-ZN10,Putt-putt Golf Course & Allied Bldg,Q-15,Q,"100,043,413",DRINKFTN,I,Q099-BLG0280,Indoor Drinking Fountain-Flushing Meadows Corona Park-Aquatic Center,481,21,110,11368
Q099-DF0936,Activated,Indoor Drinking Fountain,1,,FALSE,Indoor,FALSE,Q099,Flushing Meadows Corona Park,Q099-ZN10,Putt-putt Golf Course & Allied Bldg,Q-15,Q,"100,043,357",DRINKFTN,I,Q099-BLG0280,Indoor Drinking Fountain-Flushing Meadows Corona Park-Aquatic Center,481,21,110,11368
Q099-DF0937,Activated,Indoor Drinking Fountain,1,,FALSE,Indoor,FALSE,Q099,Flushing Meadows Corona Park,Q099-ZN10,Putt-putt Golf Course & Allied Bldg,Q-15,Q,"100,043,385",DRINKFTN,I,Q099-BLG0280,Indoor Drinking Fountain-Flushing Meadows Corona Park-Aquatic Center,481,21,110,11368
Q099-DF0941,Activated,Indoor Drinking Fountain,1,,FALSE,Indoor,FALSE,Q099,Flushing Meadows Corona Park,Q099-ZN11,Passerelle,Q-15,Q,"100,043,409",DRINKFTN,I,Q099-BLG0330,Indoor Drinking Fountain-Flushing Meadows Corona Park-Passarelle Building,481,21,110,11368
Q099-DF0942,Activated,Water Cooler,1,,FALSE,Indoor,FALSE,Q099,Flushing Meadows Corona Park,Q099-ZN11,Passerelle,Q-15,Q,"100,043,433",DRINKFTN,I,Q099-BLG0330,Water Cooler-Flushing Meadows Corona Park-Flushing Meadows Corona Park,481,21,110,11368
Q099-DF0943,Activated,Food Prep Sink,1,,FALSE,Indoor,FALSE,Q099,Flushing Meadows Corona Park,Q099,,Q-15,Q,"100,043,358",DRINKFTN,I,Q099-BLG0536,Food Prep Sink-Flushing Meadows Corona Park-Garage,481,21,110,11368
Q099-DF0944,Activated,Food Prep Sink,1,,FALSE,Indoor,FALSE,Q099,Flushing Meadows Corona Park,Q099,,Q-15,Q,"100,043,386",DRINKFTN,I,Q099-BLG0536,Food Prep Sink-Flushing Meadows Corona Park-Garage,481,21,110,11368
Q099-DF0945,Activated,Bottle Filler Fountain,2,,FALSE,Indoor,FALSE,Q099,Flushing Meadows Corona Park,Q099-ZN03,Olmsted Center,Q-04,Q,"100,043,410",DRINKFTN,I,Q099-ZN03-BLG0395,Bottle Filler Fountain-Flushing Meadows Corona Park-Olmsted Center,481,21,110,11368
Q099-DF0946,Activated,Indoor Drinking Fountain,1,,FALSE,Indoor,FALSE,Q099,Flushing Meadows Corona Park,Q099-ZN03,Olmsted Center,Q-04,Q,"100,043,354",DRINKFTN,I,Q099-ZN03-BLG0395,Indoor Fountain-Flushing Meadows Corona Park-Olmsted Center,481,21,110,11368
Q099-DF0947,Activated,Indoor Drinking Fountain,1,,FALSE,Indoor,FALSE,Q099,Flushing Meadows Corona Park,Q099-ZN03,Olmsted Center,Q-04,Q,"100,043,380",DRINKFTN,I,Q099-ZN03-BLG0395,Indoor Fountain-Flushing Meadows Corona Park-Olmsted Center,481,21,110,11368
Q099-DF0948,Activated,Bottle Filler Fountain,2,,FALSE,Indoor,FALSE,Q099,Flushing Meadows Corona Park,Q099-ZN03,Olmsted Center,Q-04,Q,"100,043,356",DRINKFTN,I,Q099-ZN03-BLG0395,Bottle Filler Fountain-Flushing Meadows Corona Park-Olmsted Center,481,21,110,11368
Q099-DF0949,Activated,Indoor Drinking Fountain,1,,FALSE,Indoor,FALSE,Q099,Flushing Meadows Corona Park,Q099-ZN10,Putt-putt Golf Course & Allied Bldg,Q-15,Q,"100,043,383",DRINKFTN,I,Q099-ZN10-BLG0380,Indoor Drinking Fountain-Flushing Meadows Corona Park-Allied II,481,21,110,11368
Q099-DF0950,Activated,Indoor Drinking Fountain,1,,FALSE,Indoor,FALSE,Q099,Flushing Meadows Corona Park,Q099-ZN10,Putt-putt Golf Course & Allied Bldg,Q-15,Q,"100,043,407",DRINKFTN,I,Q099-ZN10-BLG0380,Indoor Drinking Fountain-Flushing Meadows Corona Park-Allied II,481,21,110,11368
Q099-DF0957,Activated,Food Prep Sink,1,,FALSE,Indoor,FALSE,Q099,Flushing Meadows Corona Park,Q099,,Q-15,Q,"100,043,591",DRINKFTN,I,Q099-BLG6448,Food Prep Sink-Flushing Meadows Corona Park-Olmsted - Forestry Trailer,481,21,110,11368
Q099-DF1005,Activated,Indoor Drinking Fountain,1,,FALSE,Indoor,FALSE,Q099,Flushing Meadows Corona Park,Q099-ZN10,Putt-putt Golf Course & Allied Bldg,Q-15,Q,"100,042,447",DRINKFTN,I,Q099-BLG0280,Indoor Drinking Fountain-Flushing Meadows Corona Park-Aquatic Center,481,21,110,11368
Q099-DF1021,Activated,Indoor Drinking Fountain,1,,FALSE,Indoor,FALSE,Q099,Flushing Meadows Corona Park,Q099-ZN03,Olmsted Center,Q-04,Q,"100,043,384",DRINKFTN,I,Q099-ZN03-BLG0395,Indoor Fountain-Flushing Meadows Corona Park-Olmsted Center,481,21,110,11368
Q099-DF1022,Activated,Food Prep Sink,1,,FALSE,Indoor,FALSE,Q099,Flushing Meadows Corona Park,Q099-ZN11,Passerelle,Q-15,Q,"100,043,408",DRINKFTN,I,Q099-BLG0330,Food Prep Sink-Flushing Meadows Corona Park-Passarelle Building,481,21,110,11368
Q099-DF1023,Activated,Food Prep Sink,1,,FALSE,Indoor,FALSE,Q099,Flushing Meadows Corona Park,Q099-ZN11,Passerelle,Q-15,Q,"100,043,432",DRINKFTN,I,Q099-BLG0330,Food Prep Sink-Flushing Meadows Corona Park-Passarelle Building,481,21,110,11368
Q099-DF1024,Activated,Indoor Drinking Fountain,1,,FALSE,Indoor,FALSE,Q099,Flushing Meadows Corona Park,Q099-ZN11,Passerelle,Q-15,Q,"100,043,379",DRINKFTN,I,Q099-BLG0330,Indoor Drinking Fountain-Flushing Meadows Corona Park-Passarelle Building,481,21,110,11368
Q099-DF1025,Activated,Food Prep Sink,1,,FALSE,Indoor,FALSE,Q099,Flushing Meadows Corona Park,Q099-ZN11,Passerelle,Q-15,Q,"100,043,406",DRINKFTN,I,Q099-BLG0330,Food Prep Sink-Flushing Meadows Corona Park-Passarelle Building,481,21,110,11368
Q099-DF1026,Activated,Indoor Drinking Fountain,1,,FALSE,Indoor,FALSE,Q099,Flushing Meadows Corona Park,Q099-ZN11,Passerelle,Q-15,Q,"100,043,402",DRINKFTN,I,Q099-BLG0330,Indoor Fountain-Flushing Meadows Corona Park-Passarelle Building,481,21,110,11368
Q101-DF0166,Activated,A,1,TRUE,FALSE,In Playground,TRUE,Q101,Middle Village Playground,Q101,,Q-05,Q,"100,038,403",DRINKFTN,I,Q101,A-Middle Village Playground,405,30,104,11379
Q102-DF0395,Broken,E,1,FALSE,FALSE,Out in Open,TRUE,Q102,Juniper Valley Park,Q102-ZN01,Juniper Valley Park Zone 1,Q-05,Q,"100,038,674",DRINKFTN,I,Q102-ZN01,E-Juniper Valley Park-Juniper Valley Park Zone 1,405,30,104,11379
Q102-DF0396,Broken,A,1,TRUE,FALSE,Out in Open,TRUE,Q102,Juniper Valley Park,Q102-ZN01,Juniper Valley Park Zone 1,Q-05,Q,"100,038,597",DRINKFTN,I,Q102-ZN01,A-Juniper Valley Park-Juniper Valley Park Zone 1,405,30,104,11379
Q102-DF0397,Activated,A,1,FALSE,FALSE,Near Ballfield,TRUE,Q102,Juniper Valley Park,Q102-ZN02,Juniper Valley Park Zone 2,Q-05,Q,"100,038,675",DRINKFTN,I,Q102-ZN02,A-Juniper Valley Park-Juniper Valley Park Zone 2,405,30,104,11379
Q102-DF0398,Activated,A,1,FALSE,FALSE,Near Ballfield,TRUE,Q102,Juniper Valley Park,Q102-ZN02,Juniper Valley Park Zone 2,Q-05,Q,"100,038,672",DRINKFTN,I,Q102-ZN02,A-Juniper Valley Park-Juniper Valley Park Zone 2,405,30,104,11379
Q102-DF0399,Activated,A,1,TRUE,FALSE,Just Outside Playground,TRUE,Q102,Juniper Valley Park,Q102-02,Juniper North Playground Tennis,Q-05,Q,"100,038,595",DRINKFTN,I,Q102-02,A-Juniper Valley Park-Juniper North Playground Tennis,405,30,104,11379
Q102-DF0400,Activated,A,1,FALSE,FALSE,Under Tree,TRUE,Q102,Juniper Valley Park,Q102-02,Juniper North Playground Tennis,Q-05,Q,"100,038,593",DRINKFTN,I,Q102-02,A-Juniper Valley Park-Juniper North Playground Tennis,405,30,104,11379
Q102-DF0401,Activated,D,1,TRUE,FALSE,Out in Open,TRUE,Q102,Juniper Valley Park,Q102-02,Juniper North Playground Tennis,Q-05,Q,"100,038,621",DRINKFTN,I,Q102-02,D-Juniper Valley Park-Juniper North Playground Tennis,405,30,104,11379
Q102-DF0402,Activated,A,1,FALSE,FALSE,Near Ballfield,TRUE,Q102,Juniper Valley Park,Q102-ZN02,Juniper Valley Park Zone 2,Q-05,Q,"100,038,622",DRINKFTN,I,Q102-ZN02,A-Juniper Valley Park-Juniper Valley Park Zone 2,405,30,104,11379
Q102-DF0403,Activated,A,1,FALSE,FALSE,Near Ballfield,TRUE,Q102,Juniper Valley Park,Q102-ZN02,Juniper Valley Park Zone 2,Q-05,Q,"100,038,678",DRINKFTN,I,Q102-ZN02,A-Juniper Valley Park-Juniper Valley Park Zone 2,405,30,104,11379
Q102-DF0404,Activated,E,1,FALSE,FALSE,Out in Open,TRUE,Q102,Juniper Valley Park,Q102-ZN01,Juniper Valley Park Zone 1,Q-05,Q,"100,038,673",DRINKFTN,I,Q102-ZN01,E-Juniper Valley Park-Juniper Valley Park Zone 1,405,30,104,11379
Q102-DF0405,Activated,E,1,FALSE,FALSE,Near Ballfield,TRUE,Q102,Juniper Valley Park,Q102-ZN01,Juniper Valley Park Zone 1,Q-05,Q,"100,038,645",DRINKFTN,I,Q102-ZN01,E-Juniper Valley Park-Juniper Valley Park Zone 1,405,30,104,11379
Q102-DF0406,Activated,E,1,FALSE,FALSE,Near Ballfield,TRUE,Q102,Juniper Valley Park,Q102-ZN01,Juniper Valley Park Zone 1,Q-05,Q,"100,038,623",DRINKFTN,I,Q102-ZN01,E-Juniper Valley Park-Juniper Valley Park Zone 1,405,30,104,11379
Q102-DF0407,Activated,E,1,FALSE,FALSE,Near Ballfield,TRUE,Q102,Juniper Valley Park,Q102-ZN01,Juniper Valley Park Zone 1,Q-05,Q,"100,038,676",DRINKFTN,I,Q102-ZN01,E-Juniper Valley Park-Juniper Valley Park Zone 1,405,30,104,11379
Q102-DF0408,Activated,C,1,FALSE,FALSE,In Playground,TRUE,Q102,Juniper Valley Park,Q102-03,Juniper South Playground,Q-05,Q,"100,038,594",DRINKFTN,I,Q102-03,C-Juniper Valley Park-Juniper South Playground,405,30,104,11379
Q102-DF0409,Activated,C,1,FALSE,FALSE,In Playground,TRUE,Q102,Juniper Valley Park,Q102-03,Juniper South Playground,Q-05,Q,"100,038,620",DRINKFTN,I,Q102-03,C-Juniper Valley Park-Juniper South Playground,405,30,104,11379
Q102-DF0862,Activated,A,1,,FALSE,Out_in_Open,TRUE,Q102,Juniper Valley Park,Q102-ZN03,Juniper Valley Park Zone 3,Q-05,Q,"100,043,430",DRINKFTN,I,Q102-ZN03,A-Juniper Valley Park-Juniper Valley Park Zone 3,405,30,104,11379
Q102-DF0863,Activated,Bottle Filler Wall,1,,FALSE,Just_Outside_Playground,TRUE,Q102,Juniper Valley Park,Q102-02,Juniper North Playground Tennis,Q-05,Q,"100,043,346",DRINKFTN,I,Q102-02,Bottle Filler Wall-Juniper Valley Park-Juniper North Playground Tennis,405,30,104,11379
Q102-DF0864,Activated,Bottle Filler Wall,1,,FALSE,Out_in_Open,TRUE,Q102,Juniper Valley Park,Q102-ZN01,Juniper Valley Park Zone 1,Q-05,Q,"100,043,373",DRINKFTN,I,Q102-ZN01,Bottle Filler Wall-Juniper Valley Park-Brennan Fieldhouse CS,405,30,104,11379
Q102-DF0951,Activated,Indoor Drinking Fountain,1,,FALSE,Indoor,FALSE,Q102,Juniper Valley Park,Q102-ZN01,Juniper Valley Park Zone 1,Q-05,Q,"100,043,350",DRINKFTN,I,Q102-ZN01-BLG0397,Indoor Drinking Fountain-Juniper Valley Park-Brennan Fieldhouse CS,405,30,104,11379
Q103-DF0625,Activated,C,1,TRUE,FALSE,In Playground,TRUE,Q103,Kennedy Playground,Q103,,Q-11,Q,"100,039,494",DRINKFTN,I,Q103,C-Kennedy Playground,411,19,111,11361
Q104-DF0034,Activated,H,1,FALSE,FALSE,In Playground,TRUE,Q104,Queensbridge Park,Q104-01,Vernon Playground,Q-01,Q,"100,037,965",DRINKFTN,I,Q104-01,H-Queensbridge Park-Vernon Playground,401,26,114,11101
Q104-DF0035,Activated,C,1,FALSE,FALSE,Near Ballfield,TRUE,Q104,Queensbridge Park,Q104,,Q-01,Q,"100,037,987",DRINKFTN,I,Q104,C-Queensbridge Park,401,26,114,11101
M037-DF1118,Activated,D,,FALSE,FALSE,,TRUE,M037,Highbridge Park,M037-ZN03,Highbridge Park Zone 3,M-12A,M,,DRINKFTN,,,,,,,
Q104-DF0037,Activated,C,1,FALSE,FALSE,Out in Open,TRUE,Q104,Queensbridge Park,Q104,,Q-01,Q,"100,037,960",DRINKFTN,I,Q104,C-Queensbridge Park,401,26,114,11101
Q105-DF0455,Activated,D,1,FALSE,FALSE,In Playground,TRUE,Q105,Howard Von Dohlen Playground,Q105,,Q-12,Q,"100,038,720",DRINKFTN,I,Q105,D-Howard Von Dohlen Playground,412,24,103,11435
Q106-DF0468,Activated,D,1,TRUE,FALSE,Just Outside Playground,TRUE,Q106,Daniel M. O'Connell Playground,Q106,,Q-12,Q,"100,038,721",DRINKFTN,I,Q106,D-Daniel M. O'Connell Playground,412,27,113,11412
Q106-DF0469,Activated,A,1,TRUE,FALSE,Out in Open,TRUE,Q106,Daniel M. O'Connell Playground,Q106,,Q-12,Q,"100,038,748",DRINKFTN,I,Q106,A-Daniel M. O'Connell Playground,412,27,113,11412
Q106-DF0470,Activated,D,1,FALSE,FALSE,Out in Open,TRUE,Q106,Daniel M. O'Connell Playground,Q106,,Q-12,Q,"100,038,773",DRINKFTN,I,Q106,D-Daniel M. O'Connell Playground,412,27,113,11412
Q106-DF0471,Activated,D,1,FALSE,FALSE,In Playground,TRUE,Q106,Daniel M. O'Connell Playground,Q106,,Q-12,Q,"100,038,696",DRINKFTN,I,Q106,D-Daniel M. O'Connell Playground,412,27,113,11412
Q107-DF0670,Activated,D,1,FALSE,FALSE,Just Outside Playground,TRUE,Q107,Springfield Park,Q107-01,Springfield Playground,Q-13,Q,"100,039,640",DRINKFTN,I,Q107-01,D-Springfield Park-Springfield Playground,413,31,105,11413
Q107-DF0671,Activated,D,1,FALSE,FALSE,Just Outside Playground,TRUE,Q107,Springfield Park,Q107-01,Springfield Playground,Q-13,Q,"100,039,602",DRINKFTN,I,Q107-01,D-Springfield Park-Springfield Playground,413,31,105,11413
Q107-DF0865,Activated,A,1,,FALSE,Near_Ballfield,TRUE,Q107,Springfield Park,Q107,,Q-13,Q,"100,043,349",DRINKFTN,I,Q107,A-Springfield Park,413,31,105,11413
Q108-DF0691,Activated,C,1,FALSE,FALSE,Just Outside Playground,TRUE,Q108,Laurelton Playground,Q108,,Q-13,Q,"100,039,689",DRINKFTN,I,Q108,C-Laurelton Playground,413,31,105,11422
Q108-DF0866,Activated,Bottle Filler High Low,3,,FALSE,Near skate park.,TRUE,Q108,Laurelton Playground,Q108,,Q-13,Q,"100,043,378",DRINKFTN,I,Q108,Bottle Filler High Low-Laurelton Playground,413,31,105,11422
Q118-DF0528,Activated,F High Low,2,FALSE,FALSE,Under Tree,TRUE,Q118,Police Officer Nicholas Demutiis Park,Q118,,Q-10,Q,"100,038,839",DRINKFTN,I,Q118,F High Low-Police Officer Nicholas Demutiis Park,410,32,106,11417
Q119-DF0537,Activated,C,1,FALSE,TRUE,Just Outside Playground,TRUE,Q119,Frederick B. Judge Playground,Q119,,Q-10,Q,"100,038,908",DRINKFTN,I,Q119,C-Frederick B. Judge Playground,410,28,106,11420
Q119-DF0538,Activated,C,1,FALSE,FALSE,Near Ballfield,TRUE,Q119,Frederick B. Judge Playground,Q119,,Q-10,Q,"100,038,969",DRINKFTN,I,Q119,C-Frederick B. Judge Playground,410,28,106,11420
Q120-DF0475,Activated,Bottle Filler High Low,3,TRUE,FALSE,Out in Open,TRUE,Q120,Harvard Playground,Q120,,Q-12,Q,"100,038,717",DRINKFTN,I,Q120,Bottle Filler High Low-Harvard Playground,412,27,103,11432
Q120-DF0476,Activated,A,1,FALSE,FALSE,Out in Open,TRUE,Q120,Harvard Playground,Q120,,Q-12,Q,"100,038,774",DRINKFTN,I,Q120,A-Harvard Playground,412,27,103,11432
Q121-DF0477,Activated,D,1,FALSE,TRUE,Just Outside Playground,TRUE,Q121,Detective Keith L Williams Park,Q121-01,173 St Playground (det. Williams),Q-12,Q,"100,038,745",DRINKFTN,I,Q121-01,D-Detective Keith L Williams Park-173 St Playground (det. Williams),412,27,103,11433
Q121-DF0478,Activated,D,1,TRUE,FALSE,Near Ballfield,TRUE,Q121,Detective Keith L Williams Park,Q121,,Q-12,Q,"100,038,746",DRINKFTN,I,Q121,D-Detective Keith L Williams Park,412,27,103,11433
Q121-DF0479,Activated,A,1,FALSE,FALSE,In Shade,TRUE,Q121,Detective Keith L Williams Park,Q121,,Q-12,Q,"100,038,771",DRINKFTN,I,Q121,A-Detective Keith L Williams Park,412,27,103,11433
Q121-DF0480,Activated,A,1,FALSE,FALSE,Out in Open,TRUE,Q121,Detective Keith L Williams Park,Q121,,Q-12,Q,"100,038,694",DRINKFTN,I,Q121,A-Detective Keith L Williams Park,412,27,103,11433
Q121-DF0481,Activated,A,1,TRUE,FALSE,Under Tree,TRUE,Q121,Detective Keith L Williams Park,Q121,,Q-12,Q,"100,038,752",DRINKFTN,I,Q121,A-Detective Keith L Williams Park,412,27,103,11433
Q121-DF0482,Activated,A,1,FALSE,FALSE,Out in Open,TRUE,Q121,Detective Keith L Williams Park,Q121-02,K.l. Williams Playground (Tennis),Q-12,Q,"100,038,747",DRINKFTN,I,Q121-02,A-Detective Keith L Williams Park-K.l. Williams Playground (Tennis),412,27,103,11433
Q121-DF0483,Activated,A,1,FALSE,FALSE,Out in Open,TRUE,Q121,Detective Keith L Williams Park,Q121-02,K.l. Williams Playground (Tennis),Q-12,Q,"100,038,766",DRINKFTN,I,Q121-02,A-Detective Keith L Williams Park-K.l. Williams Playground (Tennis),412,27,103,11433
Q121-DF0484,Activated,A,1,TRUE,FALSE,Out in Open,TRUE,Q121,Detective Keith L Williams Park,Q121-02,K.l. Williams Playground (Tennis),Q-12,Q,"100,038,716",DRINKFTN,I,Q121-02,A-Detective Keith L Williams Park-K.l. Williams Playground (Tennis),412,27,103,11433
Q121-DF0867,Activated,CS Metal,1,,TRUE,,TRUE,Q121,Detective Keith L Williams Park,Q121,,Q-12,Q,"100,042,330",DRINKFTN,I,Q121,CS Metal-Detective Keith L Williams Park,412,27,103,11433
Q121-DF0868,Activated,CS Metal,1,,FALSE,,TRUE,Q121,Detective Keith L Williams Park,Q121,,Q-12,Q,"100,043,424",DRINKFTN,I,Q121,CS Metal-Detective Keith L Williams Park,412,27,103,11433
Q121-DF0901,Activated,Bottle Filler Wall,1,,FALSE,,TRUE,Q121,Detective Keith L Williams Park,Q121-02,K.l. Williams Playground (Tennis),Q-12,Q,"100,043,347",DRINKFTN,I,Q121-02,Bottle Filler Wall-Detective Keith L Williams Park-Playground (Tennis),412,27,103,11433
Q121-DF0952,Activated,Indoor Drinking Fountain,1,,FALSE,Indoor,FALSE,Q121,Detective Keith L Williams Park,Q121-01,173 St Playground (det. Williams),Q-12,Q,"100,043,374",DRINKFTN,I,Q121-BLG0334,Indoor Drinking Fountain-Detective Keith L Williams Park-173 St Plgd Field House,412,27,103,11433
Q121-DF0953,Activated,Indoor Drinking Fountain,1,,FALSE,Indoor,FALSE,Q121,Detective Keith L Williams Park,Q121-01,173 St Playground (det. Williams),Q-12,Q,"100,043,417",DRINKFTN,I,Q121-BLG0334,Indoor Drinking Fountain-Detective Keith L Williams Park-173 St Plgd Field House,412,27,103,11433
Q121-DF0954,Activated,Indoor Drinking Fountain,1,,FALSE,Indoor,FALSE,Q121,Detective Keith L Williams Park,Q121,,Q-12,Q,"100,043,425",DRINKFTN,I,Q121-BLG0453,Indoor Drinking Fountain-Detective Keith L Williams Park-Pool Building,412,27,103,11433
Q122-DF0598,Activated,D,1,FALSE,FALSE,"Just Outside Playground, Out in Open",TRUE,Q122,Junction Playground,Q122,,Q-03,Q,"100,039,422",DRINKFTN,I,Q122,D-Junction Playground,403,21,115,11372
Q122-DF0599,Activated,D,1,FALSE,FALSE,Out in Open,TRUE,Q122,Junction Playground,Q122,,Q-03,Q,"100,039,445",DRINKFTN,I,Q122,D-Junction Playground,403,21,115,11372
Q123-DF0869,Activated,Bottle Filler High Low,3,,FALSE,"Out_in_Open,Just_Outside_Playground",TRUE,Q123,Astoria Health Playground,Q123,,Q-01,Q,"100,043,400",DRINKFTN,I,Q123,Bottle Filler High Low-Astoria Health Playground,401,22,114,11106
Q126-DF0675,Activated,A,1,FALSE,FALSE,Under Tree,TRUE,Q126,Francis Lewis Park,Q126,,Q-07,Q,"100,039,597",DRINKFTN,I,Q126,A-Francis Lewis Park,407,19,109,11357
Q126-DF0676,Activated,CS Concrete,1,FALSE,FALSE,On parkhouse wall,TRUE,Q126,Francis Lewis Park,Q126,,Q-07,Q,"100,039,623",DRINKFTN,I,Q126,CS Concrete-Francis Lewis Park,407,19,109,11357
Q126-DF0677,Activated,D,1,FALSE,FALSE,Under Tree,TRUE,Q126,Francis Lewis Park,Q126,,Q-07,Q,"100,039,649",DRINKFTN,I,Q126,D-Francis Lewis Park,407,19,109,11357
Q126-DF0678,Activated,F High Low,2,FALSE,FALSE,In Playground,TRUE,Q126,Francis Lewis Park,Q126-01,Francis Lewis Playground,Q-07,Q,"100,039,624",DRINKFTN,I,Q126-01,F High Low-Francis Lewis Park-Francis Lewis Playground,407,19,109,11357
Q126-DF0679,Activated,E High Low,2,FALSE,FALSE,"Under Tree, In Playground",TRUE,Q126,Francis Lewis Park,Q126,,Q-07,Q,"100,039,669",DRINKFTN,I,Q126,E High Low-Francis Lewis Park,407,19,109,11357
Q127-DF0298,Activated,D,1,FALSE,FALSE,In Playground,TRUE,Q127,Marconi Park,Q127,,Q-12,Q,"100,038,583",DRINKFTN,I,Q127,D-Marconi Park,412,28,103,11433
Q127-DF0299,Activated,C,1,FALSE,FALSE,Under Tree,TRUE,Q127,Marconi Park,Q127,,Q-12,Q,"100,038,511",DRINKFTN,I,Q127,C-Marconi Park,412,28,103,11433
Q127-DF0300,Activated,C,1,FALSE,FALSE,Near Ballfield,TRUE,Q127,Marconi Park,Q127,,Q-12,Q,"100,038,534",DRINKFTN,I,Q127,C-Marconi Park,412,28,103,11433
Q127-DF0485,Activated,CS Metal,1,FALSE,FALSE,Just Outside Playground,TRUE,Q127,Marconi Park,Q127,,Q-12,Q,"100,038,744",DRINKFTN,I,Q127,CS Metal-Marconi Park,412,28,103,11433
Q128-DF0603,Activated,D,1,FALSE,FALSE,In Playground,TRUE,Q128,London Planetree Playground,Q128,,Q-09,Q,"100,039,421",DRINKFTN,I,Q128,D-London Planetree Playground,409,32,102,11416
Q128-DF0604,Activated,D,1,FALSE,FALSE,Out in Open,TRUE,Q128,London Planetree Playground,Q128,,Q-09,Q,"100,039,444",DRINKFTN,I,Q128,D-London Planetree Playground,409,32,102,11416
Q129-DF0578,Activated,A,1,FALSE,FALSE,Out in Open,TRUE,Q129,"Phil ""Scooter"" Rizzuto Park",Q129,,Q-09,Q,"100,039,366",DRINKFTN,I,Q129,"A-Phil ""Scooter"" Rizzuto Park",409,28,102,11419
Q129-DF0579,Activated,A,1,FALSE,FALSE,Out in Open,TRUE,Q129,"Phil ""Scooter"" Rizzuto Park",Q129,,Q-09,Q,"100,039,341",DRINKFTN,I,Q129,"A-Phil ""Scooter"" Rizzuto Park",409,28,102,11419
Q129-DF0581,Activated,D,1,FALSE,FALSE,Near Ballfield,TRUE,Q129,"Phil ""Scooter"" Rizzuto Park",Q129,,Q-09,Q,"100,039,367",DRINKFTN,I,Q129,"D-Phil ""Scooter"" Rizzuto Park",409,28,102,11419
Q129-DF0582,Activated,D,1,FALSE,TRUE,Near Ballfield,TRUE,Q129,"Phil ""Scooter"" Rizzuto Park",Q129,,Q-09,Q,"100,039,389",DRINKFTN,I,Q129,"D-Phil ""Scooter"" Rizzuto Park",409,28,102,11419
Q131-DF0177,Activated,F High Low,2,FALSE,FALSE,"Under Tree, Near Ballfield",TRUE,Q131,Frank Principe Park,Q131,,Q-05,Q,"100,038,428",DRINKFTN,I,Q131,F High Low-Frank Principe Park,405,30,104,11378
Q131-DF0735,Activated,F High Low,2,FALSE,FALSE,Near Ballfield,TRUE,Q131,Frank Principe Park,Q131,,Q-05,Q,"100,040,167",DRINKFTN,I,Q131,F High Low-Frank Principe Park,405,30,104,11378
Q131-DF0736,Activated,A,1,FALSE,FALSE,Near Ballfield,TRUE,Q131,Frank Principe Park,Q131,,Q-05,Q,"100,040,092",DRINKFTN,I,Q131,A-Frank Principe Park,405,30,104,11378
Q131-DF0737,Activated,A,1,FALSE,FALSE,Under Tree,TRUE,Q131,Frank Principe Park,Q131,,Q-05,Q,"100,040,116",DRINKFTN,I,Q131,A-Frank Principe Park,405,30,104,11378
Q131-DF0905,Activated,H,1,,FALSE,,TRUE,Q131,Frank Principe Park,Q131-01,Virginia Principe Playground,Q-05,Q,"100,043,393",DRINKFTN,I,Q131-01,H-Frank Principe Park-Virginia Principe Playground,405,30,104,11378
Q131-DF0906,Activated,Bottle Filler High Low,3,,FALSE,,TRUE,Q131,Frank Principe Park,Q131,,Q-05,Q,"100,043,382",DRINKFTN,I,Q131,Bottle Filler High Low-Frank Principe Park,405,30,104,11378
Q131-DF0907,Activated,Bottle Filler High Low,3,,FALSE,,TRUE,Q131,Frank Principe Park,Q131,,Q-05,Q,"100,043,419",DRINKFTN,I,Q131,Bottle Filler High Low-Frank Principe Park,405,30,104,11378
Q133A-DF0714,Activated,A,1,FALSE,FALSE,Near Ballfield,TRUE,Q133A,Hempstead Ballfield,Q133A,,Q-13,Q,"100,039,783",DRINKFTN,I,Q133A,A-Hempstead Ballfield,413,27,105,11429
Q133-DF0715,Activated,D,1,FALSE,FALSE,In Playground,TRUE,Q133,Pat Williams Playground,Q133,,Q-13,Q,"100,039,761",DRINKFTN,I,Q133,D-Pat Williams Playground,413,27,105,11429
Q134-DF0680,Activated,A,1,FALSE,FALSE,In Playground,TRUE,Q134,Breininger Park,Q134,,Q-13,Q,"100,039,593",DRINKFTN,I,Q134,A-Breininger Park,413,23,105,11426
Q134-DF0681,Activated,C,1,FALSE,FALSE,Out in Open,TRUE,Q134,Breininger Park,Q134,,Q-13,Q,"100,039,620",DRINKFTN,I,Q134,C-Breininger Park,413,23,105,11426
Q134-DF0682,Activated,C,1,,FALSE,Near Ballfield,TRUE,Q134,Breininger Park,Q134,,Q-13,Q,"100,039,621",DRINKFTN,I,Q134,C-Breininger Park,413,23,105,11426
Q141-DF0092,Activated,D,1,FALSE,FALSE,"Under Tree, Out in Open",TRUE,Q141,Murray Playground,Q141,,Q-02,Q,"100,038,078",DRINKFTN,I,Q141,D-Murray Playground,402,26,108,11101
Q141-DF0094,Activated,D,1,FALSE,TRUE,Out in Open,TRUE,Q141,Murray Playground,Q141,,Q-02,Q,"100,038,049",DRINKFTN,I,Q141,D-Murray Playground,402,26,108,11101
Q141-DF0559,Activated,C,1,FALSE,FALSE,"Near Ballfield, Out in Open",TRUE,Q141,Murray Playground,Q141,,Q-02,Q,"100,039,135",DRINKFTN,I,Q141,C-Murray Playground,402,26,108,11101
Q162-DF0360,Activated,Trough,1,FALSE,FALSE,Out in Open,TRUE,Q162,Rockaway Beach and Boardwalk,Q162-ZN02B,Rockaway Beach 02b,Q-14,Q,"100,038,605",DRINKFTN,I,Q162-ZN02B,Trough-Rockaway Beach and Boardwalk-Rockaway Beach 02b,414,31,101,11691
Q162-DF0413,Activated,Trough,1,FALSE,FALSE,Out in Open,TRUE,Q162,Rockaway Beach and Boardwalk,Q162-ZN03A,Rockaway Beach 03a,Q-14,Q,"100,038,712",DRINKFTN,I,Q162-ZN03A,Trough-Rockaway Beach and Boardwalk-Rockaway Beach 03a,414,31,101,11691
Q162-DF0414,Activated,Trough,1,FALSE,FALSE,Out in Open,TRUE,Q162,Rockaway Beach and Boardwalk,Q162-ZN04A,Rockaway Beach 04a,Q-14,Q,"100,038,743",DRINKFTN,I,Q162-ZN04A,Trough-Rockaway Beach and Boardwalk-Rockaway Beach 04a,414,31,100,11692
Q162-DF0415,Activated,Trough,1,FALSE,FALSE,Out in Open,TRUE,Q162,Rockaway Beach and Boardwalk,Q162-ZN04C,Rockaway Beach 04c,Q-14,Q,"100,038,769",DRINKFTN,I,Q162-ZN04C,Trough-Rockaway Beach and Boardwalk-Rockaway Beach 04c,414,31,100,11692
Q162-DF0416,Activated,Trough,1,FALSE,FALSE,Out in Open,TRUE,Q162,Rockaway Beach and Boardwalk,Q162-ZN04C,Rockaway Beach 04c,Q-14,Q,"100,038,792",DRINKFTN,I,Q162-ZN04C,Trough-Rockaway Beach and Boardwalk-Rockaway Beach 04c,414,31,100,11692
Q162-DF0417,Activated,Trough,1,FALSE,FALSE,Out in Open,TRUE,Q162,Rockaway Beach and Boardwalk,Q162-ZN04C,Rockaway Beach 04c,Q-14,Q,"100,038,737",DRINKFTN,I,Q162-ZN04C,Trough-Rockaway Beach and Boardwalk-Rockaway Beach 04c,414,31,100,11692
Q162-DF0988,Activated,Food Prep Sink,1,,FALSE,Indoor,FALSE,Q162,Rockaway Beach and Boardwalk,Q162,,Q-14,Q,"100,043,367",DRINKFTN,I,Q162-BLG0001,Food Prep Sink-Rockaway Beach and Boardwalk-Building at Beach 59th Street,414,31,101,11692
Q162-DF1015,Activated,Other,1,,FALSE,Indoor,FALSE,Q162,Rockaway Beach and Boardwalk,Q162,,Q-14,Q,"100,042,462",DRINKFTN,I,Q162-BLG0001,Other-Rockaway Beach and Boardwalk-Building at Beach 59 St,414,31,101,11692
Q162E-DF0192,Activated,D,1,FALSE,TRUE,In Playground,TRUE,Q162E,Beach 59th St Playground,Q162E,,Q-14,Q,"100,038,419",DRINKFTN,I,Q162E,D-Beach 59th St Playground,414,31,100,11692
Q162H-DF0193,Activated,D,1,FALSE,FALSE,Near Ballfield,TRUE,Q162H,Beach 30th Street Playground,Q162H,,Q-14,Q,"100,038,434",DRINKFTN,I,Q162H,D-Beach 30th Street Playground,414,31,101,11691
Q162H-DF0194,Activated,D,1,FALSE,FALSE,In Shade,TRUE,Q162H,Beach 30th Street Playground,Q162H,,Q-14,Q,"100,038,398",DRINKFTN,I,Q162H,D-Beach 30th Street Playground,414,31,101,11691
Q162H-DF0341,Activated,D,1,FALSE,FALSE,In Playground,TRUE,Q162H,Beach 30th Street Playground,Q162H,,Q-14,Q,"100,038,664",DRINKFTN,I,Q162H,D-Beach 30th Street Playground,414,31,101,11691
Q162H-DF0342,Activated,D,1,FALSE,FALSE,In Playground,TRUE,Q162H,Beach 30th Street Playground,Q162H,,Q-14,Q,"100,038,615",DRINKFTN,I,Q162H,D-Beach 30th Street Playground,414,31,101,11691
Q162H-DF0343,Activated,D,1,FALSE,FALSE,In Playground,TRUE,Q162H,Beach 30th Street Playground,Q162H,,Q-14,Q,"100,038,688",DRINKFTN,I,Q162H,D-Beach 30th Street Playground,414,31,101,11691
Q162H-DF0344,Activated,D,1,FALSE,FALSE,In Playground,TRUE,Q162H,Beach 30th Street Playground,Q162H,,Q-14,Q,"100,038,612",DRINKFTN,I,Q162H,D-Beach 30th Street Playground,414,31,101,11691
Q162H-DF0824,Activated,D,1,FALSE,FALSE,"Near Ballfield, Out in Open",TRUE,Q162H,Beach 30th Street Playground,Q162H,,Q-14,Q,"100,040,452",DRINKFTN,I,Q162H,D-Beach 30th Street Playground,414,31,101,11691
Q162H-DF0992,Activated,Food Prep Sink,1,,FALSE,Indoor,FALSE,Q162H,Beach 30th Street Playground,Q162H,,Q-14,Q,"100,043,739",DRINKFTN,I,Q162H-BLG02,Food Prep Sink-Beach 30th Lifeguard,414,31,101,11691
Q162I-DF0357,Activated,A,1,FALSE,FALSE,Out in Open,TRUE,Q162I,Rockaway Beach and Boardwalk,Q162-ZN01B,Rockaway Beach 01b,Q-14,Q,"100,038,611",DRINKFTN,I,Q162-ZN01B,A-Park-Rockaway Beach 01b,414,31,101,11691
Q162I-DF0358,Activated,A,1,FALSE,TRUE,Out in Open,TRUE,Q162I,Rockaway Beach and Boardwalk,Q162-ZN02A,Rockaway Beach 02a,Q-14,Q,"100,038,638",DRINKFTN,I,Q162-ZN02A,A-Park-Rockaway Beach 02a,414,31,101,11691
Q162J01-DF0199,Activated,A,1,FALSE,FALSE,In Playground,TRUE,Q162J01,Beach 9 Playground,Q162J01,,Q-14,Q,"100,038,401",DRINKFTN,I,Q162J01,A-Beach 9 Playground,414,31,101,11691
Q162J01-DF0345,Activated,D,1,FALSE,FALSE,Just Outside Playground,TRUE,Q162J01,Beach 9 Playground,Q162J01,,Q-14,Q,"100,038,639",DRINKFTN,I,Q162J01,D-Beach 9 Playground,414,31,101,11691
Q162J01-DF0346,Activated,A,1,FALSE,FALSE,In Playground,TRUE,Q162J01,Beach 9 Playground,Q162J01,,Q-14,Q,"100,038,665",DRINKFTN,I,Q162J01,A-Beach 9 Playground,414,31,101,11691
Q162J01-DF0347,Activated,D,1,FALSE,FALSE,Out in Open,TRUE,Q162J01,Beach 9 Playground,Q162-ZN01A,Rockaway Beach 01a,Q-14,Q,"100,038,689",DRINKFTN,I,Q162-ZN01A,D-Beach 9 Playground-Rockaway Beach 01a,414,31,101,11691
Q162J01-DF0349,Activated,D,1,FALSE,FALSE,In Playground,TRUE,Q162J01,Beach 9 Playground,Q162J01,,Q-14,Q,"100,038,616",DRINKFTN,I,Q162J01,D-Beach 9 Playground,414,31,101,11691
Q162J-DF0196,Activated,D,1,FALSE,FALSE,Just Outside Playground,TRUE,Q162J,Beach 17 Playground,Q162J,,Q-14,Q,"100,038,409",DRINKFTN,I,Q162J,D-Beach 17 Playground,414,31,101,11691
Q162J-DF0197,Activated,A,1,FALSE,FALSE,Under Tree,TRUE,Q162J,Beach 17 Playground,Q162J,,Q-14,Q,"100,038,439",DRINKFTN,I,Q162J,A-Beach 17 Playground,414,31,101,11691
Q162J-DF0350,Activated,D,1,FALSE,FALSE,Just Outside Playground,TRUE,Q162J01,Beach 9 Playground,Q162J01,,Q-14,Q,"100,038,683",DRINKFTN,I,Q162J01,D-Beach 9 Playground,414,31,101,11691
Q162J-DF0352,Activated,D,1,FALSE,FALSE,Out in Open,TRUE,Q162J,Beach 17 Playground,Q162J,,Q-14,Q,"100,038,686",DRINKFTN,I,Q162J,D-Beach 17 Playground,414,31,101,11691
Q162J-DF0353,Activated,D,1,FALSE,FALSE,Out in Open,TRUE,Q162J,Beach 17 Playground,Q162J,,Q-14,Q,"100,038,610",DRINKFTN,I,Q162J,D-Beach 17 Playground,414,31,101,11691
Q162J-DF0355,Activated,D,1,FALSE,FALSE,Under Tree,TRUE,Q162J,Beach 17 Playground,Q162J,,Q-14,Q,"100,038,663",DRINKFTN,I,Q162J,D-Beach 17 Playground,414,31,101,11691
Q162J-DF0356,Activated,D,1,FALSE,FALSE,Out in Open,TRUE,Q162J,Beach 17 Playground,Q162J,,Q-14,Q,"100,038,687",DRINKFTN,I,Q162J,D-Beach 17 Playground,414,31,101,11691
Q162J-DF0825,Activated,A,1,FALSE,FALSE,Near Ballfield,TRUE,Q162J,Beach 17 Playground,Q162J,,Q-14,Q,"100,040,401",DRINKFTN,I,Q162J,A-Beach 17 Playground,414,31,101,11691
Q162J-DF0826,Activated,D,1,FALSE,FALSE,"Out in Open, Just Outside Playground",TRUE,Q162J,Beach 17 Playground,Q162J,,Q-14,Q,"100,040,479",DRINKFTN,I,Q162J,D-Beach 17 Playground,414,31,101,11691
Q162J-DF0955,Activated,Food Prep Sink,1,,FALSE,Indoor,FALSE,Q162J,Beach 17 Playground,Q162J,,Q-14,Q,"100,043,399",DRINKFTN,I,Q162J-BLG0297,Food Prep Sink-Beach 17 Playground-Beach 17 CS,414,31,101,11691
Q163-DF0336,Activated,C,1,TRUE,FALSE,Out in Open,TRUE,Q163,Rockaway Beach Boardwalk,Q163-ZN07B,Rockaway Beach 07b,Q-14,Q,"100,038,617",DRINKFTN,I,Q163-ZN07B,C-Rockaway Beach Boardwalk-Rockaway Beach 07b,414,32,100,11694
Q163-DF0410,Activated,D,1,FALSE,FALSE,In Playground,TRUE,Q163,Rockaway Beach Boardwalk,Q163-ZN05B,Rockaway Beach 05b,Q-14,Q,"100,038,742",DRINKFTN,I,Q163-ZN05B,D-Rockaway Beach Boardwalk-Rockaway Beach 05b,414,32,100,11693
Q163-DF0412,Activated,E,1,FALSE,FALSE,In Playground,TRUE,Q163,Rockaway Beach Boardwalk,Q163-21,Rockaway Beach Playground,Q-14,Q,"100,038,791",DRINKFTN,I,Q163-21,E-Rockaway Beach Boardwalk-Rockaway Beach Playground,414,32,100,11693
Q163-DF0418,Activated,Trough,1,FALSE,FALSE,Out in Open,TRUE,Q163,Rockaway Beach Boardwalk,Q163-ZN05A,Rockaway Beach 05a,Q-14,Q,"100,038,765",DRINKFTN,I,Q163-ZN05A,Trough-Rockaway Beach Boardwalk-Rockaway Beach 05a,414,32,100,11693
Q163-DF0419,Activated,Trough,1,FALSE,FALSE,Out in Open,TRUE,Q163,Rockaway Beach Boardwalk,Q163-ZN05B,Rockaway Beach 05b,Q-14,Q,"100,038,764",DRINKFTN,I,Q163-ZN05B,Trough-Rockaway Beach Boardwalk-Rockaway Beach 05b,414,32,100,11693
Q163-DF0420,Activated,Trough,1,FALSE,FALSE,Out in Open,TRUE,Q163,Rockaway Beach Boardwalk,Q163-ZN05B,Rockaway Beach 05b,Q-14,Q,"100,038,788",DRINKFTN,I,Q163-ZN05B,Trough-Rockaway Beach Boardwalk-Rockaway Beach 05b,414,32,100,11693
Q163-DF0421,Activated,Trough,1,FALSE,FALSE,Out in Open,TRUE,Q163,Rockaway Beach Boardwalk,Q163-ZN05B,Rockaway Beach 05b,Q-14,Q,"100,038,710",DRINKFTN,I,Q163-ZN05B,Trough-Rockaway Beach Boardwalk-Rockaway Beach 05b,414,32,100,11693
Q163-DF0422,Activated,Trough,1,FALSE,FALSE,Out in Open,TRUE,Q163,Rockaway Beach Boardwalk,Q163-ZN05B,Rockaway Beach 05b,Q-14,Q,"100,038,738",DRINKFTN,I,Q163-ZN05B,Trough-Rockaway Beach Boardwalk-Rockaway Beach 05b,414,32,100,11693
Q163-DF0423,Activated,Trough,1,FALSE,FALSE,Out in Open,TRUE,Q163,Rockaway Beach Boardwalk,Q163-ZN06A,Rockaway Beach 06a,Q-14,Q,"100,038,741",DRINKFTN,I,Q163-ZN06A,Trough-Rockaway Beach Boardwalk-Rockaway Beach 06a,414,32,100,11693
Q163-DF0424,Activated,Trough,1,FALSE,FALSE,Out in Open,TRUE,Q163,Rockaway Beach Boardwalk,Q163-ZN06A,Rockaway Beach 06a,Q-14,Q,"100,038,767",DRINKFTN,I,Q163-ZN06A,Trough-Rockaway Beach Boardwalk-Rockaway Beach 06a,414,32,100,11693
Q163-DF0425,Activated,Trough,1,FALSE,FALSE,Out in Open,TRUE,Q163,Rockaway Beach Boardwalk,Q163-ZN06B,Rockaway Beach 06b,Q-14,Q,"100,038,790",DRINKFTN,I,Q163-ZN06B,Trough-Rockaway Beach Boardwalk-Rockaway Beach 06b,414,32,100,11693
Q163-DF0426,Activated,Trough,1,FALSE,FALSE,Out in Open,TRUE,Q163,Rockaway Beach Boardwalk,Q163-ZN07A,Rockaway Beach 07a,Q-14,Q,"100,038,711",DRINKFTN,I,Q163-ZN07A,Trough-Rockaway Beach Boardwalk-Rockaway Beach 07a,414,32,100,11694
Q163-DF0427,Activated,Trough,1,FALSE,FALSE,Out in Open,TRUE,Q163,Rockaway Beach Boardwalk,Q163-ZN07B,Rockaway Beach 07b,Q-14,Q,"100,038,762",DRINKFTN,I,Q163-ZN07B,Trough-Rockaway Beach Boardwalk-Rockaway Beach 07b,414,32,100,11694
Q163-DF0428,Activated,Trough,1,FALSE,FALSE,Out in Open,TRUE,Q163,Rockaway Beach Boardwalk,Q163-ZN07B,Rockaway Beach 07b,Q-14,Q,"100,038,709",DRINKFTN,I,Q163-ZN07B,Trough-Rockaway Beach Boardwalk-Rockaway Beach 07b,414,32,100,11694
Q163-DF0429,Activated,Trough,1,FALSE,FALSE,Out in Open,TRUE,Q163,Rockaway Beach Boardwalk,Q163-ZN07B,Rockaway Beach 07b,Q-14,Q,"100,038,719",DRINKFTN,I,Q163-ZN07B,Trough-Rockaway Beach Boardwalk-Rockaway Beach 07b,414,32,100,11694
Q163-DF0823,Activated,A,1,FALSE,FALSE,In Playground,TRUE,Q163,Rockaway Beach Boardwalk,Q163-20,Rockaway Playground - N,Q-14,Q,"100,040,422",DRINKFTN,I,Q163-20,A-Rockaway Beach Boardwalk-Rockaway Playground - N,414,32,100,11693
Q163-DF0956,Activated,Food Prep Sink,1,,FALSE,Indoor,FALSE,Q163,Rockaway Beach Boardwalk,Q163-ZN07B,Rockaway Beach 07b,Q-14,Q,"100,043,421",DRINKFTN,I,Q163-BLG0002,Food Prep Sink-Rockaway Beach Boardwalk-Beach 106 Comfort Station-Juice Bar,414,32,100,11694
Q212-DF0243,Activated,A,1,FALSE,FALSE,In Playground,TRUE,Q212,Queens Valley Playground,Q212,,Q-08,Q,"100,038,479",DRINKFTN,I,Q212,A-Queens Valley Playground,408,24,107,11367
Q163-DF0963,Activated,Water Cooler,1,,FALSE,Indoor,FALSE,Q163,Rockaway Beach Boardwalk,Q163-ZN06B,Rockaway Beach 06b,Q-14,Q,"100,043,351",DRINKFTN,I,Q163-BLG0287,Water Cooler-Rockaway Beach Boardwalk-Rockaway Beach Boardwalk,414,32,100,11693
Q163-DF0964,Activated,Food Prep Sink,1,,FALSE,Indoor,FALSE,Q163,Rockaway Beach Boardwalk,Q163-ZN05B,Rockaway Beach 05b,Q-14,Q,"100,043,342",DRINKFTN,I,Q163-BLG0296,Food Prep Sink-Rockaway Beach Boardwalk-Beach 86th Street CS & HQ,414,32,100,11693
Q163-DF0989,Activated,Food Prep Sink,1,,FALSE,Indoor,FALSE,Q163,Rockaway Beach Boardwalk,Q163-ZN06B,Rockaway Beach 06b,Q-14,Q,"100,043,738",DRINKFTN,I,Q163-ZN06B-BLG6281,Food Prep Sink-Rockaway Beach Boardwalk-Rockaway Beach 06b,414,32,100,11693
Q163-DF0990,Activated,Food Prep Sink,1,,FALSE,Indoor,FALSE,Q163,Rockaway Beach Boardwalk,Q163-ZN07B,Rockaway Beach 07b,Q-14,Q,"100,043,726",DRINKFTN,I,Q163-ZN07B-BLG6285,Food Prep Sink-Rockaway Beach Boardwalk-Rockaway Beach 07b,414,32,100,11694
Q163-DF0991,Activated,Food Prep Sink,1,,FALSE,Indoor,FALSE,Q163,Rockaway Beach Boardwalk,Q162-ZN04C,Rockaway Beach 04c,Q-14,Q,"100,043,730",DRINKFTN,I,Q162-ZN04C-BLG0001,Food Prep Sink-Rockaway Beach Boardwalk-Rockaway Beach 04c,414,31,100,11692
Q163-DF0993,Activated,Food Prep Sink,1,,FALSE,Indoor,FALSE,Q163,Rockaway Beach Boardwalk,Q163-ZN06A,Rockaway Beach 06a,Q-14,Q,"100,043,733",DRINKFTN,I,Q163-ZN06A-BLG6226,Food Prep Sink-Rockaway Beach Boardwalk-Rockaway Beach 06a,414,32,100,11693
Q163-DF1006,Activated,Food Prep Sink,1,,FALSE,Indoor,FALSE,Q163,Rockaway Beach Boardwalk,Q163-ZN06B,Rockaway Beach 06b,Q-14,Q,"100,042,448",DRINKFTN,I,Q163-BLG0287,Food Prep Sink-Rockaway Beach Boardwalk-Beach 97st CS-Concession,414,32,100,11693
Q163-DF1007,Activated,Food Prep Sink,1,,FALSE,Indoor,FALSE,Q163,Rockaway Beach Boardwalk,Q163-ZN06B,Rockaway Beach 06b,Q-14,Q,"100,042,453",DRINKFTN,I,Q163-BLG0287,Food Prep Sink-Rockaway Beach Boardwalk-Beach 97st CS-Low Tide Bar,414,32,100,11693
Q163-DF1008,Activated,Bathroom Sink,1,,FALSE,Indoor,FALSE,Q163,Rockaway Beach Boardwalk,Q163-ZN05B,Rockaway Beach 05b,Q-14,Q,"100,042,457",DRINKFTN,I,Q163-BLG0296,Bathroom Sink-Rockaway Beach Boardwalk-Beach 86th Street CS & HQ,414,32,100,11693
Q163-DF1009,Activated,Indoor Drinking Fountain,1,,FALSE,Indoor,FALSE,Q163,Rockaway Beach Boardwalk,Q163-ZN05B,Rockaway Beach 05b,Q-14,Q,"100,042,441",DRINKFTN,I,Q163-BLG0296,Indoor Drinking Fountain-Rockaway Beach Boardwalk-Beach 86th Street CS & HQ,414,32,100,11693
Q163-DF1027,Activated,Food Prep Sink,1,,FALSE,Indoor,FALSE,Q163,Rockaway Beach Boardwalk,Q163-ZN07B,Rockaway Beach 07b,Q-14,Q,"100,043,340",DRINKFTN,I,Q163-BLG0002,Food Prep Sink-Rockaway Beach Boardwalk-Beach 106 Comfort Station,414,32,100,11694
Q163-DF1029,Activated,Food Prep Sink,1,,FALSE,Indoor,FALSE,Q163,Rockaway Beach Boardwalk,Q163-ZN05B,Rockaway Beach 05b,Q-14,Q,"100,043,368",DRINKFTN,I,Q163-BLG0296,Food Prep Sink-Rockaway Beach and Boardwalk-Beach 86th Street CS & HQ,414,32,100,11693
Q164-DF1014,Activated,Food Prep Sink,1,,FALSE,Indoor,FALSE,Q164,Rockaway Beach,Q164,,Q-14,Q,"100,042,485",DRINKFTN,I,Q164-BLG0900,Food Prep Sink-Rockaway Beach and Boardwalk-Beach 149th Lifeguard Station,414,32,100,11694
Q174A-DF0055,Activated,C,1,FALSE,FALSE,In Playground,TRUE,Q174A,St. Michael's Playground,Q174A,,Q-01,Q,"100,037,998",DRINKFTN,I,Q174A,C-St. Michael's Playground,401,22,114,11377
Q174A-DF0056,Activated,C,1,FALSE,FALSE,In Playground,TRUE,Q174A,St. Michael's Playground,Q174A,,Q-01,Q,"100,038,021",DRINKFTN,I,Q174A,C-St. Michael's Playground,401,22,114,11377
Q174A-DF0057,Activated,C,1,FALSE,FALSE,Near Ballfield,TRUE,Q174A,St. Michael's Playground,Q174A,,Q-01,Q,"100,038,072",DRINKFTN,I,Q174A,C-St. Michael's Playground,401,22,114,11377
Q174A-DF0058,Activated,C,1,,FALSE,Near Ballfield,TRUE,Q174A,St. Michael's Playground,Q174A,,Q-01,Q,"100,037,994",DRINKFTN,I,Q174A,C-St. Michael's Playground,401,22,114,11377
Q174A-DF0059,Activated,C,1,FALSE,FALSE,Near Ballfield,TRUE,Q174A,St. Michael's Playground,Q174A,,Q-01,Q,"100,038,038",DRINKFTN,I,Q174A,C-St. Michael's Playground,401,22,114,11377
Q198-DF0372,Activated,C,1,TRUE,FALSE,"Under Tree, Out in Open",TRUE,Q198,Woodside Memorial Triangle,Q198,,Q-02,Q,"100,038,667",DRINKFTN,I,Q198-QZ118,C-Woodside Memorial Triangle,402,26,108,11377
Q205A-DF0121,Activated,A,1,FALSE,FALSE,Near Ballfield,TRUE,Q205A,Big Bush Playground,Q205A,,Q-02,Q,"100,038,193",DRINKFTN,I,Q205A,A-Big Bush Playground,402,26,108,11377
Q205A-DF0122,Activated,A,1,FALSE,FALSE,Near Ballfield,TRUE,Q205A,Big Bush Playground,Q205A,,Q-02,Q,"100,038,216",DRINKFTN,I,Q205A,A-Big Bush Playground,402,26,108,11377
Q205A-DF0123,Activated,A,1,FALSE,FALSE,Near Ballfield,TRUE,Q205A,Big Bush Playground,Q205A,,Q-02,Q,"100,038,229",DRINKFTN,I,Q205A,A-Big Bush Playground,402,26,108,11377
Q205A-DF0732,Activated,Bottle Filler High Low,3,FALSE,FALSE,"Under Tree, Just Outside Playground",TRUE,Q205A,Big Bush Playground,Q205A,,Q-02,Q,"100,040,085",DRINKFTN,I,Q205A,Bottle Filler High Low-Big Bush Playground,402,26,108,11377
Q205B-DF0119,Activated,C,1,FALSE,FALSE,"Under Tree, In Playground",TRUE,Q205B,Nathan Weidenbaum Playground,Q205B,,Q-02,Q,"100,038,218",DRINKFTN,I,Q205B,C-Nathan Weidenbaum Playground,402,30,108,11377
Q205B-DF0120,Activated,C,1,FALSE,FALSE,"Under Tree, In Playground",TRUE,Q205B,Nathan Weidenbaum Playground,Q205B,,Q-02,Q,"100,038,200",DRINKFTN,I,Q205B,C-Nathan Weidenbaum Playground,402,30,108,11377
Q207-DF0548,Activated,D,1,FALSE,TRUE,Out in Open,TRUE,Q207,MacDonald Park,Q207,,Q-06,Q,"100,038,972",DRINKFTN,I,Q207,D-MacDonald Park,406,29,112,11375
Q211-DF0725,Activated,C,1,FALSE,FALSE,In Playground,TRUE,Q211,Maple Playground,Q211,,Q-07,Q,"100,039,777",DRINKFTN,I,Q211,C-Maple Playground,407,20,109,11355
Q212-DF0246,Activated,D,1,FALSE,FALSE,In Playground,TRUE,Q212,Queens Valley Playground,Q212,,Q-08,Q,"100,038,470",DRINKFTN,I,Q212,D-Queens Valley Playground,408,24,107,11367
Q215-DF0110,Activated,A,1,FALSE,FALSE,Near Ballfield,TRUE,Q215,Whitey Ford Field,Q215,,Q-01,Q,"100,038,150",DRINKFTN,I,Q215,A-Whitey Ford Field,401,22,114,11102
Q215-DF0111,Activated,A,1,FALSE,FALSE,Near Ballfield,TRUE,Q215,Whitey Ford Field,Q215,,Q-01,Q,"100,038,173",DRINKFTN,I,Q215,A-Whitey Ford Field,401,22,114,11102
Q215-DF0112,Activated,D,1,FALSE,FALSE,Near Ballfield,TRUE,Q215,Whitey Ford Field,Q215,,Q-01,Q,"100,038,145",DRINKFTN,I,Q215,D-Whitey Ford Field,401,22,114,11102
Q218-DF0063,Activated,Bottle Filler High Low,3,FALSE,FALSE,"Under Tree, Out in Open",TRUE,Q218,Dutch Kills Playground,Q218,,Q-01,Q,"100,038,050",DRINKFTN,I,Q218,Bottle Filler High Low-Dutch Kills Playground,401,26,114,11106
Q219-DF0171,Activated,F High Low,2,FALSE,FALSE,Out in Open,TRUE,Q219,Rockaway Freeway,Q219-99,Beach 84,Q-14,Q,"100,038,407",DRINKFTN,I,Q219-99,F High Low-Rockaway Freeway-Beach 84,414,31,100,11693
Q220C-DF0790,Activated,A,1,FALSE,FALSE,Near Ballfield,TRUE,Q220C,Dr. Charles R. Drew Park,Q220C,,Q-12,Q,"100,040,208",DRINKFTN,I,Q220C,A-Dr. Charles R. Drew Park,412,28,113,11436
Q220C-DF0791,Activated,C,1,FALSE,FALSE,In Playground,TRUE,Q220C,Dr. Charles R. Drew Park,Q220C,,Q-12,Q,"100,040,276",DRINKFTN,I,Q220C,C-Dr. Charles R. Drew Park,412,28,113,11436
Q220C-DF0792,Activated,C,1,FALSE,FALSE,In Playground,TRUE,Q220C,Dr. Charles R. Drew Park,Q220C,,Q-12,Q,"100,040,200",DRINKFTN,I,Q220C,C-Dr. Charles R. Drew Park,412,28,113,11436
Q220E-DF0452,Activated,A,1,FALSE,FALSE,In Playground,TRUE,Q220E,Playground One Forty,Q220E,,Q-12,Q,"100,038,700",DRINKFTN,I,Q220E,A-Playground One Forty,412,28,113,11436
Q220G-DF0273,Activated,A,1,FALSE,FALSE,In Playground,TRUE,Q220G,Hoover - Manton Playgrounds,Q220G,,Q-08,Q,"100,038,569",DRINKFTN,I,Q220G,A-Hoover - Manton Playgrounds,408,24,107,11435
Q220G-DF0275,Activated,A,1,FALSE,FALSE,In Playground,TRUE,Q220G,Hoover - Manton Playgrounds,Q220G,,Q-08,Q,"100,038,563",DRINKFTN,I,Q220G,A-Hoover - Manton Playgrounds,408,24,107,11435
Q220G-DF0277,Activated,A,1,TRUE,FALSE,In Playground,TRUE,Q220G,Hoover - Manton Playgrounds,Q220G,,Q-08,Q,"100,038,557",DRINKFTN,I,Q220G,A-Hoover - Manton Playgrounds,408,24,107,11435
Q220G-DF0278,Activated,D,1,FALSE,FALSE,In Playground,TRUE,Q220G,Hoover - Manton Playgrounds,Q220G,,Q-08,Q,"100,038,518",DRINKFTN,I,Q220G,D-Hoover - Manton Playgrounds,408,24,107,11435
Q221-DF0364,Activated,D,1,FALSE,TRUE,In Playground,TRUE,Q221,Farm Playground,Q221,,Q-08,Q,"100,038,661",DRINKFTN,I,Q221,D-Farm Playground,408,23,107,11365
Q221-DF0365,Activated,A,1,FALSE,FALSE,"Just Outside Playground, Out in Open",TRUE,Q221,Farm Playground,Q221,,Q-08,Q,"100,038,685",DRINKFTN,I,Q221,A-Farm Playground,408,23,107,11365
Q221-DF0909,Activated,C,1,,FALSE,,TRUE,Q221,Farm Playground,Q221,,Q-08,Q,"100,043,390",DRINKFTN,I,Q221,C-Farm Playground,408,23,107,11365
Q266-DF0333,Activated,C,1,FALSE,FALSE,In Playground,TRUE,Q266,Westbourne Playground,Q266,,Q-14,Q,"100,038,619",DRINKFTN,I,Q266,C-Westbourne Playground,414,31,101,11691
Q290-DF0188,Activated,A,1,TRUE,FALSE,"Just Outside Playground, Near Ballfield",TRUE,Q290,"""Uncle"" Vito F. Maranzano Glendale Playground",Q290,,Q-05,Q,"100,038,410",DRINKFTN,I,Q290,"A-""Uncle"" Vito F. Maranzano Glendale Playground",405,30,104,11385
Q291-DF0151,Activated,D,1,FALSE,FALSE,Under Tree,TRUE,Q291,Starr Playground,Q291,,Q-05,Q,"100,038,382",DRINKFTN,I,Q291,D-Starr Playground,405,34,104,11385
Q291-DF0174,Activated,D,1,FALSE,FALSE,Near Ballfield,TRUE,Q291,Starr Playground,Q291,,Q-05,Q,"100,038,442",DRINKFTN,I,Q291,D-Starr Playground,405,34,104,11385
Q294-DF0366,Activated,A,1,FALSE,TRUE,Just Outside Playground,TRUE,Q294,Utopia Playground,Q294,,Q-08,Q,"100,038,596",DRINKFTN,I,Q294,A-Utopia Playground,408,24,107,11365
Q294-DF0367,Activated,A,1,TRUE,FALSE,Just Outside Playground,TRUE,Q294,Utopia Playground,Q294,,Q-08,Q,"100,038,636",DRINKFTN,I,Q294,A-Utopia Playground,408,24,107,11365
Q294-DF0368,Activated,C,1,FALSE,FALSE,"Under Tree, In Playground",TRUE,Q294,Utopia Playground,Q294,,Q-08,Q,"100,038,662",DRINKFTN,I,Q294,C-Utopia Playground,408,24,107,11365
Q298-DF0051,Activated,E High Low,2,FALSE,FALSE,In Playground,TRUE,Q298,Paul Raimonda Playground,Q298,,Q-01,Q,"100,038,043",DRINKFTN,I,Q298,E High Low-Paul Raimonda Playground,401,22,114,11105
Q298-DF0052,Activated,E,1,FALSE,FALSE,In Playground,TRUE,Q298,Paul Raimonda Playground,Q298,,Q-01,Q,"100,038,080",DRINKFTN,I,Q298,E-Paul Raimonda Playground,401,22,114,11105
Q300A1-DF0363,Activated,A,1,FALSE,FALSE,"Out in Open, In Playground",TRUE,Q300A1,Holy Cow Playground,Q300A1,,Q-08,Q,"100,038,659",DRINKFTN,I,Q300A1,A-Holy Cow Playground,408,23,107,11365
Q300A-DF0719,Activated,A,1,FALSE,FALSE,Near Ballfield,TRUE,Q300A,Kissena Corridor Park,Q300A-ZN03,Kissena Corridor East Zone 3,Q-11,Q,"100,039,779",DRINKFTN,I,Q300A-ZN03,A-Kissena Corridor Park-Kissena Corridor East Zone 3,411,20,111,11365
Q300A-DF0721,Activated,A,1,TRUE,FALSE,Near Ballfield,TRUE,Q300A,Kissena Corridor Park,Q300A-ZN01,Kissena Corridor East Zone 1,Q-11,Q,"100,039,739",DRINKFTN,I,Q300A-ZN01,A-Kissena Corridor Park-Kissena Corridor East Zone 1,411,20,111,11365
Q300A-DF0722,Activated,A,1,TRUE,FALSE,Near Ballfield,TRUE,Q300A,Kissena Corridor Park,Q300A-ZN01,Kissena Corridor East Zone 1,Q-11,Q,"100,039,785",DRINKFTN,I,Q300A-ZN01,A-Kissena Corridor Park-Kissena Corridor East Zone 1,411,20,111,11365
M037-DF1119,Activated,D,,FALSE,,,TRUE,M037,Highbridge Park,M037-ZN03,Highbridge Park Zone 3,M-12A,M,,DRINKFTN,,,,,,,
Q300A-DF0723,Activated,C,1,TRUE,FALSE,In Playground,TRUE,Q300A,Kissena Corridor Park,Q300A-01,Underhill Playground,Q-11,Q,"100,039,765",DRINKFTN,I,Q300A-01,C-Kissena Corridor Park-Underhill Playground,411,20,111,11365
Q300A-DF0724,Activated,A,1,TRUE,FALSE,In Playground,TRUE,Q300A,Kissena Corridor Park,Q300A-01,Underhill Playground,Q-11,Q,"100,039,744",DRINKFTN,I,Q300A-01,A-Kissena Corridor Park-Underhill Playground,411,20,111,11365
Q300-DF0093,Activated,C,1,FALSE,TRUE,Near Ballfield,TRUE,Q300,Kissena Corridor Park,Q300-05,Rachel Carson Playground,Q-07,Q,"100,038,022",DRINKFTN,I,Q300-05,C-Kissena Corridor Park-Rachel Carson Playground,407,20,109,11355
Q300-DF0095,Activated,C,1,FALSE,TRUE,Near Ballfield,TRUE,Q300,Kissena Corridor Park,Q300-05,Rachel Carson Playground,Q-07,Q,"100,038,073",DRINKFTN,I,Q300-05,C-Kissena Corridor Park-Rachel Carson Playground,407,20,109,11355
Q300-DF0096,Activated,C,1,FALSE,FALSE,"Near Ballfield, Out in Open",TRUE,Q300,Kissena Corridor Park,Q300-05,Rachel Carson Playground,Q-07,Q,"100,038,070",DRINKFTN,I,Q300-05,C-Kissena Corridor Park-Rachel Carson Playground,407,20,109,11355
Q300-DF0097,Activated,C,1,FALSE,FALSE,Out in Open,TRUE,Q300,Kissena Corridor Park,Q300-05,Rachel Carson Playground,Q-07,Q,"100,038,044",DRINKFTN,I,Q300-05,C-Kissena Corridor Park-Rachel Carson Playground,407,20,109,11355
Q300-DF0630,Activated,A,1,TRUE,FALSE,"Under Tree, In Shade, In Playground",TRUE,Q300,Kissena Corridor Park,Q300-02,Playground 146,Q-07,Q,"100,039,567",DRINKFTN,I,Q300-02,A-Kissena Corridor Park-Playground 146,407,20,109,11355
Q300-DF0631,Activated,C,1,FALSE,TRUE,"Under Tree, In Playground",TRUE,Q300,Kissena Corridor Park,Q300-06,NYHMC Playground,Q-07,Q,"100,039,554",DRINKFTN,I,Q300-06,C-Kissena Corridor Park-NYHMC Playground,407,20,109,11355
Q300-DF0632,Activated,C,1,FALSE,FALSE,"Under Tree, Near Ballfield",TRUE,Q300,Kissena Corridor Park,Q300-ZN03,Captain Mario Fajardo Park,Q-07,Q,"100,039,514",DRINKFTN,I,Q300-ZN03,C-Kissena Corridor Park-Captain Mario Fajardo Park,407,20,109,11355
Q300-DF0633,Activated,CS Metal,1,FALSE,FALSE,In Playground,TRUE,Q300,Kissena Corridor Park,Q300-04,Captain Mario Fajardo Park,Q-07,Q,"100,039,565",DRINKFTN,I,Q300-04,CS Metal-Kissena Corridor Park-Captain Mario Fajardo Park,407,20,109,11355
Q300-DF0743,Activated,Bottle Filler High Low,3,FALSE,FALSE,Under Tree,TRUE,Q300,Kissena Corridor Park,Q300-03,Silent Springs Playground,Q-07,Q,"100,040,096",DRINKFTN,I,Q300-03,Bottle Filler High Low-Kissena Corridor Park-Silent Springs Playground,407,20,109,11355
Q302-DF0163,Activated,A,1,FALSE,FALSE,In Playground,TRUE,Q302,Evergreen Park,Q302,,Q-05,Q,"100,038,350",DRINKFTN,I,Q302,A-Evergreen Park,405,30,104,11385
Q302-DF0165,Activated,Bottle Filler High Low,3,FALSE,FALSE,In Playground,TRUE,Q302,Evergreen Park,Q302,,Q-05,Q,"100,038,364",DRINKFTN,I,Q302,Bottle Filler High Low-Evergreen Park,405,30,104,11385
Q302-DF0816,Activated,A,1,FALSE,FALSE,Under Tree,TRUE,Q302,Evergreen Park,Q302,,Q-05,Q,"100,040,385",DRINKFTN,I,Q302,A-Evergreen Park,405,30,104,11385
Q303-DF0583,Activated,Bottle Filler High Low,3,FALSE,FALSE,"Under Tree, Near Ballfield",TRUE,Q303,Travers Park,Q303,,Q-03,Q,"100,039,314",DRINKFTN,I,Q303,Bottle Filler High Low-Travers Park,403,25,115,11372
Q303-DF0584,Activated,E High Low,2,FALSE,TRUE,"Out in Open, Just Outside Playground",TRUE,Q303,Travers Park,Q303,,Q-03,Q,"100,039,339",DRINKFTN,I,Q303,E High Low-Travers Park,403,25,115,11372
Q303-DF0585,Activated,E,1,FALSE,FALSE,Out in Open,TRUE,Q303,Travers Park,Q303,,Q-03,Q,"100,039,357",DRINKFTN,I,Q303,E-Travers Park,403,25,115,11372
Q303-DF0895,Activated,E,1,,FALSE,,TRUE,Q303,Travers Park,Q303,,Q-03,Q,"100,043,364",DRINKFTN,I,Q303,E-Travers Park,403,25,115,11372
Q304-DF0524,Activated,C,1,FALSE,FALSE,"Out in Open, Just Outside Playground",TRUE,Q304,Ehrenreich-Austin Playground,Q304,,Q-06,Q,"100,038,877",DRINKFTN,I,Q304,C-Ehrenreich-Austin Playground,406,29,112,11375
Q304-DF0525,Activated,C,1,FALSE,FALSE,"Out in Open, Just Outside Playground",TRUE,Q304,Ehrenreich-Austin Playground,Q304,,Q-06,Q,"100,038,800",DRINKFTN,I,Q304,C-Ehrenreich-Austin Playground,406,29,112,11375
Q304-DF0526,Activated,CS Concrete,1,FALSE,FALSE,In Playground,TRUE,Q304,Ehrenreich-Austin Playground,Q304,,Q-06,Q,"100,038,827",DRINKFTN,I,Q304,CS Concrete-Ehrenreich-Austin Playground,406,29,112,11375
Q304-DF0527,Activated,A,1,FALSE,FALSE,"Out in Open, In Playground",TRUE,Q304,Ehrenreich-Austin Playground,Q304,,Q-06,Q,"100,038,851",DRINKFTN,I,Q304,A-Ehrenreich-Austin Playground,406,29,112,11375
Q305-DF0549,Activated,C,1,FALSE,FALSE,In Playground,TRUE,Q305,Mafera Park,Q305,,Q-05,Q,"100,038,940",DRINKFTN,I,Q305,C-Mafera Park,405,30,104,11385
Q305-DF0550,Activated,A,1,FALSE,FALSE,Near Ballfield,TRUE,Q305,Mafera Park,Q305,,Q-05,Q,"100,038,941",DRINKFTN,I,Q305,A-Mafera Park,405,30,104,11385
Q305-DF0551,Activated,A,1,FALSE,FALSE,In Playground,TRUE,Q305,Mafera Park,Q305,,Q-05,Q,"100,038,943",DRINKFTN,I,Q305,A-Mafera Park,405,30,104,11385
Q305-DF0552,Activated,A,1,FALSE,FALSE,Near Ballfield,TRUE,Q305,Mafera Park,Q305,,Q-05,Q,"100,038,966",DRINKFTN,I,Q305,A-Mafera Park,405,30,104,11385
Q305-DF0553,Activated,A,1,TRUE,FALSE,Near Ballfield,TRUE,Q305,Mafera Park,Q305,,Q-05,Q,"100,038,898",DRINKFTN,I,Q305,A-Mafera Park,405,30,104,11385
Q305-DF0554,Activated,C,1,TRUE,FALSE,Near Ballfield,TRUE,Q305,Mafera Park,Q305,,Q-05,Q,"100,038,920",DRINKFTN,I,Q305,C-Mafera Park,405,30,104,11385
Q305-DF0555,Activated,A,1,FALSE,FALSE,Near Ballfield,TRUE,Q305,Mafera Park,Q305,,Q-05,Q,"100,038,944",DRINKFTN,I,Q305,A-Mafera Park,405,30,104,11385
Q305-DF0556,Activated,A,1,FALSE,FALSE,Near Ballfield,TRUE,Q305,Mafera Park,Q305,,Q-05,Q,"100,038,967",DRINKFTN,I,Q305,A-Mafera Park,405,30,104,11385
Q305-DF0817,Activated,C,1,FALSE,FALSE,Near Ballfield,TRUE,Q305,Mafera Park,Q305,,Q-05,Q,"100,040,310",DRINKFTN,I,Q305,C-Mafera Park,405,30,104,11385
Q306-DF0517,Activated,A,1,TRUE,FALSE,"Under Tree, In Playground",TRUE,Q306,The Painter's Playground,Q306,,Q-06,Q,"100,038,802",DRINKFTN,I,Q306,A-The Painter's Playground,406,29,112,11374
Q306-DF0518,Activated,D,1,FALSE,FALSE,"Under Tree, In Playground",TRUE,Q306,The Painter's Playground,Q306,,Q-06,Q,"100,038,829",DRINKFTN,I,Q306,D-The Painter's Playground,406,29,112,11374
Q306-DF0519,Activated,A,1,TRUE,FALSE,"Out in Open, Just Outside Playground",TRUE,Q306,The Painter's Playground,Q306,,Q-06,Q,"100,038,853",DRINKFTN,I,Q306,A-The Painter's Playground,406,29,112,11374
Q306-DF0520,Activated,A,1,TRUE,FALSE,"Out in Open, Just Outside Playground",TRUE,Q306,The Painter's Playground,Q306,,Q-06,Q,"100,038,880",DRINKFTN,I,Q306,A-The Painter's Playground,406,29,112,11374
Q307-DF0661,Activated,A,1,FALSE,FALSE,In Shade,TRUE,Q307,Delphin H. Greene Playground,Q307,,Q-13,Q,"100,039,606",DRINKFTN,I,Q307,A-Delphin H. Greene Playground,413,27,105,11411
Q307-DF0662,Activated,A,1,FALSE,FALSE,Under Tree,TRUE,Q307,Delphin H. Greene Playground,Q307,,Q-13,Q,"100,039,610",DRINKFTN,I,Q307,A-Delphin H. Greene Playground,413,27,105,11411
Q308-DF0870,Activated,F High Low,2,,FALSE,Out_in_Open,TRUE,Q308,Bowne Playground,Q308,,Q-07,Q,"100,043,335",DRINKFTN,I,Q308,F High Low-Bowne Playground,407,20,109,11355
Q308-DF0871,Activated,Bottle Filler High Low,3,,FALSE,"Out_in_Open,Near_Ballfield",TRUE,Q308,Bowne Playground,Q308,,Q-07,Q,"100,043,361",DRINKFTN,I,Q308,Bottle Filler High Low-Bowne Playground,407,20,109,11355
Q308-DF0872,Activated,CS Metal,2,,FALSE,Just_Outside_Playground,TRUE,Q308,Bowne Playground,Q308,,Q-07,Q,"100,043,389",DRINKFTN,I,Q308,CS Metal-Bowne Playground,407,20,109,11355
Q310-DF0118,Activated,C,1,FALSE,FALSE,Just Outside Playground,TRUE,Q310,Glen Oaks Oval,Q310,,Q-13,Q,"100,038,198",DRINKFTN,I,Q310,C-Glen Oaks Oval,413,23,105,11004
Q310-DF0693,Activated,A,1,FALSE,TRUE,Near Ballfield,TRUE,Q310,Glen Oaks Oval,Q310,,Q-13,Q,"100,039,762",DRINKFTN,I,Q310,A-Glen Oaks Oval,413,23,105,11004
Q310-DF0695,Activated,A,1,FALSE,FALSE,Near Ballfield,TRUE,Q310,Glen Oaks Oval,Q310,,Q-13,Q,"100,039,776",DRINKFTN,I,Q310,A-Glen Oaks Oval,413,23,105,11004
Q313-DF0212,Activated,A,1,FALSE,TRUE,Under Tree,TRUE,Q313,Arverne Playground,Q313,,Q-14,Q,"100,038,449",DRINKFTN,I,Q313,A-Arverne Playground,414,31,101,11692
Q313-DF0818,Activated,A,1,,FALSE,"Under Tree, In Playground",TRUE,Q313,Arverne Playground,Q313,,Q-14,Q,"100,040,487",DRINKFTN,I,Q313,A-Arverne Playground,414,31,101,11692
Q314-DF0370,Activated,A,1,FALSE,FALSE,In Playground,TRUE,Q314,Fresh Meadows Playground,Q314,,Q-08,Q,"100,038,632",DRINKFTN,I,Q314,A-Fresh Meadows Playground,408,24,107,11365
Q317-DF0617,Activated,CS Concrete,1,FALSE,FALSE,In Playground,TRUE,Q317,Tall Oak Playground,Q317,,Q-11,Q,"100,039,520",DRINKFTN,I,Q317,CS Concrete-Tall Oak Playground,411,23,111,11364
Q318-DF0499,Activated,A,1,FALSE,FALSE,In Playground,TRUE,Q318,Playground Eighty LXXX,Q318,,Q-13,Q,"100,038,810",DRINKFTN,I,Q318,A-Playground Eighty LXXX,413,23,105,11004
Q318-DF0767,Activated,A,1,FALSE,FALSE,Near Ballfield,TRUE,Q318,Playground Eighty LXXX,Q318,,Q-13,Q,"100,040,175",DRINKFTN,I,Q318,A-Playground Eighty LXXX,413,23,105,11004
Q318-DF0768,Activated,CS Metal,1,FALSE,FALSE,In Playground,TRUE,Q318,Playground Eighty LXXX,Q318,,Q-13,Q,"100,040,102",DRINKFTN,I,Q318,CS Metal-Playground Eighty LXXX,413,23,105,11004
Q319-DF0382,Activated,CS Concrete,1,FALSE,FALSE,Out in Open,TRUE,Q319,Annadale Playground,Q319,,Q-06,Q,"100,038,641",DRINKFTN,I,Q319,CS Concrete-Annadale Playground,406,29,112,11375
Q320-DF0385,Activated,A,1,FALSE,TRUE,In Playground,TRUE,Q320,Vleigh Playground,Q320,,Q-08,Q,"100,038,656",DRINKFTN,I,Q320,A-Vleigh Playground,408,24,107,11367
Q321-DF0043,Activated,F High Low,2,FALSE,FALSE,In Playground,TRUE,Q321,Van Alst Playground,Q321,,Q-01,Q,"100,037,952",DRINKFTN,I,Q321,F High Low-Van Alst Playground,401,22,114,11102
Q321-DF0044,Activated,Bottle Filler,1,,FALSE,In Playground,TRUE,Q321,Van Alst Playground,Q321,,Q-01,Q,"100,038,009",DRINKFTN,I,Q321,Bottle Filler-Van Alst Playground,401,22,114,11102
Q322-DF0054,Activated,D,1,FALSE,FALSE,"In Playground, Under Tree",TRUE,Q322,Bellaire Playground,Q322,,Q-13,Q,"100,038,076",DRINKFTN,I,Q322,D-Bellaire Playground,413,23,105,11427
Q322-DF0769,Activated,A,1,FALSE,FALSE,In Playground,TRUE,Q322,Bellaire Playground,Q322,,Q-13,Q,"100,040,129",DRINKFTN,I,Q322,A-Bellaire Playground,413,23,105,11427
Q326-DF0689,UnderConstruction,A,1,FALSE,TRUE,"In Playground, Under Tree",TRUE,Q326,Bland Playground,Q326,,Q-07,Q,"100,039,695",DRINKFTN,I,Q326,A-Bland Playground,407,20,109,11354
Q327-DF0595,Activated,A,1,FALSE,FALSE,In Playground,TRUE,Q327,Castlewood Playground,Q327,,Q-13,Q,"100,039,470",DRINKFTN,I,Q327,A-Castlewood Playground,413,23,105,11426
Q327-DF0596,Activated,A,1,TRUE,FALSE,Out in Open,TRUE,Q327,Castlewood Playground,Q327,,Q-13,Q,"100,039,430",DRINKFTN,I,Q327,A-Castlewood Playground,413,23,105,11426
Q329-DF0386,Activated,CS Concrete,1,FALSE,FALSE,In Playground,TRUE,Q329,Pomonok Playground,Q329,,Q-08,Q,"100,038,681",DRINKFTN,I,Q329,CS Concrete-Pomonok Playground,408,24,107,11367
Q329-DF0387,Activated,C,1,FALSE,FALSE,In Playground,TRUE,Q329,Pomonok Playground,Q329,,Q-08,Q,"100,038,603",DRINKFTN,I,Q329,C-Pomonok Playground,408,24,107,11367
Q329-DF0388,Activated,C,1,FALSE,FALSE,In Playground,TRUE,Q329,Pomonok Playground,Q329,,Q-08,Q,"100,038,653",DRINKFTN,I,Q329,C-Pomonok Playground,408,24,107,11367
Q330-DF0136,Activated,D,1,FALSE,FALSE,In Playground,TRUE,Q330,Locust Manor Playground,Q330,,Q-12,Q,"100,038,307",DRINKFTN,I,Q330,D-Locust Manor Playground,412,27,113,11413
Q330-DF0137,Activated,D,1,FALSE,FALSE,Under Tree,TRUE,Q330,Locust Manor Playground,Q330,,Q-12,Q,"100,038,313",DRINKFTN,I,Q330,D-Locust Manor Playground,412,27,113,11413
Q332-DF0046,Activated,D,1,FALSE,FALSE,In Playground,TRUE,Q332,Woodtree Playground,Q332,,Q-01,Q,"100,037,996",DRINKFTN,I,Q332,D-Woodtree Playground,401,22,114,11105
Q332-DF0047,Activated,CS Concrete,1,FALSE,TRUE,In Shade,TRUE,Q332,Woodtree Playground,Q332,,Q-01,Q,"100,038,020",DRINKFTN,I,Q332,CS Concrete-Woodtree Playground,401,22,114,11105
Q332-DF0048,Activated,A,1,FALSE,FALSE,Near Ballfield,TRUE,Q332,Woodtree Playground,Q332,,Q-01,Q,"100,038,061",DRINKFTN,I,Q332,A-Woodtree Playground,401,22,114,11105
Q333-DF0066,Activated,A,1,FALSE,TRUE,In Playground,TRUE,Q333,Ravenswood Playground,Q333,,Q-01,Q,"100,038,046",DRINKFTN,I,Q333,A-Ravenswood Playground,401,26,114,11106
Q333-DF0067,Activated,A,1,,TRUE,"Near Ballfield, Under Tree",TRUE,Q333,Ravenswood Playground,Q333,,Q-01,Q,"100,038,092",DRINKFTN,I,Q333,A-Ravenswood Playground,401,26,114,11106
Q334-DF0534,Activated,D,1,FALSE,TRUE,In Playground,TRUE,Q334,Playground Twenty One,Q334,,Q-07,Q,"100,038,847",DRINKFTN,I,Q334,D-Playground Twenty One,407,19,109,11357
Q335-DF0545,Activated,C,1,FALSE,FALSE,"Out in Open, In Playground",TRUE,Q335,Russell Sage Playground,Q335,,Q-06,Q,"100,038,921",DRINKFTN,I,Q335,C-Russell Sage Playground,406,29,112,11375
Q335-DF0546,Activated,A,1,TRUE,FALSE,"Out in Open, Just Outside Playground",TRUE,Q335,Russell Sage Playground,Q335,,Q-06,Q,"100,038,911",DRINKFTN,I,Q335,A-Russell Sage Playground,406,29,112,11375
Q336-DF0255,Activated,CS Concrete,1,FALSE,TRUE,In Playground,TRUE,Q336,Judge Moses Weinstein Playground,Q336,,Q-08,Q,"100,038,526",DRINKFTN,I,Q336,CS Concrete-Judge Moses Weinstein Playground,408,24,107,11367
Q336-DF0259,Activated,A,1,FALSE,FALSE,Near Ballfield,TRUE,Q336,Judge Moses Weinstein Playground,Q336,,Q-08,Q,"100,038,521",DRINKFTN,I,Q336,A-Judge Moses Weinstein Playground,408,24,107,11367
Q337-DF0755,Activated,D,1,FALSE,FALSE,In Playground,TRUE,Q337,Maurice A FitzGerald Playground,Q337,,Q-09,Q,"100,040,161",DRINKFTN,I,Q337,D-Maurice A Fitzgerald Playground,409,28,102,11416
Q337-DF0756,Activated,A,1,TRUE,FALSE,In Playground,TRUE,Q337,Maurice A FitzGerald Playground,Q337,,Q-09,Q,"100,040,186",DRINKFTN,I,Q337,A-Maurice A Fitzgerald Playground,409,28,102,11416
Q338-DF0613,Activated,D,1,FALSE,FALSE,In Playground,TRUE,Q338,Admiral Playground,Q338,,Q-11,Q,"100,039,498",DRINKFTN,I,Q338,D-Admiral Playground,411,19,111,11363
Q338-DF0614,Activated,A,1,TRUE,FALSE,In Playground,TRUE,Q338,Admiral Playground,Q338,,Q-11,Q,"100,039,525",DRINKFTN,I,Q338,A-Admiral Playground,411,19,111,11363
Q339-DF0659,Activated,C,1,,FALSE,In Playground,TRUE,Q339,Cambria Playground,Q339,,Q-13,Q,"100,039,687",DRINKFTN,I,Q339,C-Cambria Playground,413,27,105,11411
Q339-DF0660,Activated,A,1,FALSE,FALSE,In Playground,TRUE,Q339,Cambria Playground,Q339,,Q-13,Q,"100,039,609",DRINKFTN,I,Q339,A-Cambria Playground,413,27,105,11411
Q339-DF0785,Activated,CS Concrete,1,FALSE,FALSE,In Playground,TRUE,Q339,Cambria Playground,Q339,,Q-13,Q,"100,040,205",DRINKFTN,I,Q339,CS Concrete-Cambria Playground,413,27,105,11411
Q339-DF0786,Activated,A,1,FALSE,FALSE,Near Ballfield,TRUE,Q339,Cambria Playground,Q339,,Q-13,Q,"100,040,232",DRINKFTN,I,Q339,A-Cambria Playground,413,27,105,11411
Q339-DF0787,Activated,D,1,FALSE,FALSE,Near Ballfield,TRUE,Q339,Cambria Playground,Q339,,Q-13,Q,"100,040,256",DRINKFTN,I,Q339,D-Cambria Playground,413,27,105,11411
Q340-DF0086,Activated,A,1,FALSE,FALSE,Out in Open,TRUE,Q340,Torsney Playground,Q340,,Q-02,Q,"100,038,087",DRINKFTN,I,Q340,A-Torsney Playground,402,26,108,11104
Q340-DF0087,Activated,CS Concrete,1,FALSE,FALSE,Out in Open,TRUE,Q340,Torsney Playground,Q340,,Q-02,Q,"100,038,033",DRINKFTN,I,Q340,CS Concrete-Torsney Playground,402,26,108,11104
Q340-DF0090,Activated,A,1,FALSE,FALSE,"Under Tree, In Playground",TRUE,Q340,Torsney Playground,Q340,,Q-02,Q,"100,038,026",DRINKFTN,I,Q340,A-Torsney Playground,402,26,108,11104
Q340-DF0806,Activated,F and Dog,2,TRUE,FALSE,"Under Tree, Just Outside Playground",TRUE,Q340,Torsney Playground,Q340,,Q-02,Q,"100,040,364",DRINKFTN,I,Q340,F and Dog-Torsney Playground,402,26,108,11104
Q340-DF0807,Activated,F and Dog,2,TRUE,FALSE,Out in Open,TRUE,Q340,Torsney Playground,Q340,,Q-02,Q,"100,040,386",DRINKFTN,I,Q340,F and Dog-Torsney Playground,402,26,108,11104
Q341C-DF0389,Activated,Pedestal High Low and Dog,3,TRUE,FALSE,Out in Open,TRUE,Q341C,Sherry Dog Run,Q341C,,Q-02,Q,"100,038,599",DRINKFTN,I,Q341C,Pedestal High Low and Dog-Sherry Dog Run,402,26,108,11377
Q341E-DF0378,Activated,A,1,FALSE,FALSE,Out in Open,TRUE,Q341E,Crosson Green,Q341E,,Q-02,Q,"100,038,684",DRINKFTN,I,Q341E,A-Crosson Green,402,26,108,11377
Q341F-DF0376,Activated,C,1,FALSE,FALSE,"Under Tree, Out in Open",TRUE,Q341F,Crosson Park,Q341F,,Q-02,Q,"100,038,658",DRINKFTN,I,Q341F,C-Crosson Park,402,26,108,11377
Q342-DF0374,Activated,D,1,FALSE,FALSE,"In Playground, Under Tree",TRUE,Q342,Electric Playground,Q342,,Q-08,Q,"100,038,604",DRINKFTN,I,Q342,D-Electric Playground,408,24,107,11365
,Activated,Bottle Filler High Low,,,FALSE,,TRUE,,,,,Q-13,Q,,DRINKFTN,,,,,,,
Q342-DF0375,Activated,A,1,FALSE,FALSE,Out in Open,TRUE,Q342,Electric Playground,Q342,,Q-08,Q,"100,038,633",DRINKFTN,I,Q342,A-Electric Playground,408,24,107,11365
Q342-DF0377,Activated,A,1,FALSE,FALSE,Just Outside Playground,TRUE,Q342,Electric Playground,Q342,,Q-08,Q,"100,038,660",DRINKFTN,I,Q342,A-Electric Playground,408,24,107,11365
Q343-DF0061,UnderConstruction,A,1,FALSE,FALSE,"Under Tree, In Shade, Near Ballfield",TRUE,Q343,Whitestone Playground,Q343,,Q-07,Q,"100,037,999",DRINKFTN,I,Q343,A-Whitestone Playground,407,19,109,11357
Q343-DF0064,UnderConstruction,D,1,FALSE,FALSE,"In Playground, Out in Open",TRUE,Q343,Whitestone Playground,Q343,,Q-07,Q,"100,037,995",DRINKFTN,I,Q343,D-Whitestone Playground,407,19,109,11357
Q344-DF0379,Activated,A,1,FALSE,FALSE,Just Outside Playground,TRUE,Q344,Emerald Playground,Q344,,Q-08,Q,"100,038,608",DRINKFTN,I,Q344,A-Emerald Playground,408,24,107,11365
Q344-DF0380,Activated,CS Concrete,1,FALSE,FALSE,Just Outside Playground,TRUE,Q344,Emerald Playground,Q344,,Q-08,Q,"100,038,677",DRINKFTN,I,Q344,CS Concrete-Emerald Playground,408,24,107,11365
Q344-DF0381,Activated,A,1,FALSE,FALSE,In Playground,TRUE,Q344,Emerald Playground,Q344,,Q-08,Q,"100,038,648",DRINKFTN,I,Q344,A-Emerald Playground,408,24,107,11365
Q345-DF0230,Activated,A,1,FALSE,FALSE,Out in Open,TRUE,Q345,Redfern Playground,Q345,,Q-14,Q,"100,038,445",DRINKFTN,I,Q345,A-Redfern Playground,414,31,101,11691
Q345-DF0339,Activated,D,1,FALSE,TRUE,Near Ballfield,TRUE,Q345,Redfern Playground,Q345,,Q-14,Q,"100,038,691",DRINKFTN,I,Q345,D-Redfern Playground,414,31,101,11691
Q345-DF0340,Activated,D,1,FALSE,FALSE,Near Ballfield,TRUE,Q345,Redfern Playground,Q345,,Q-14,Q,"100,038,609",DRINKFTN,I,Q345,D-Redfern Playground,414,31,101,11691
Q346-DF0607,Activated,C,1,FALSE,FALSE,In Playground,TRUE,Q346,Challenge Playground,Q346,,Q-11,Q,"100,039,531",DRINKFTN,I,Q346,C-Challenge Playground,411,23,111,11362
Q346-DF0608,Activated,A,1,TRUE,FALSE,Near Ballfield,TRUE,Q346,Challenge Playground,Q346,,Q-11,Q,"100,039,551",DRINKFTN,I,Q346,A-Challenge Playground,411,23,111,11362
Q346-DF0609,Activated,A,1,TRUE,FALSE,Out in Open,TRUE,Q346,Challenge Playground,Q346,,Q-11,Q,"100,039,522",DRINKFTN,I,Q346,A-Challenge Playground,411,23,111,11362
Q347-DF0088,Activated,A,1,FALSE,FALSE,"In Playground, Out in Open",TRUE,Q347,Colden Playground,Q347,,Q-07,Q,"100,038,060",DRINKFTN,I,Q347,A-Colden Playground,407,20,109,11354
Q347-DF0089,Activated,D,1,FALSE,FALSE,Near Ballfield,TRUE,Q347,Colden Playground,Q347,,Q-07,Q,"100,038,001",DRINKFTN,I,Q347,D-Colden Playground,407,20,109,11354
Q348-DF0541,Activated,C,1,FALSE,FALSE,"Out in Open, In Playground",TRUE,Q348,Willow Lake Playground,Q348,,Q-06,Q,"100,038,929",DRINKFTN,I,Q348,C-Willow Lake Playground,406,29,112,11375
Q349-DF0618,Activated,A,1,TRUE,FALSE,In Playground,TRUE,Q349,Telephone Playground,Q349,,Q-11,Q,"100,039,550",DRINKFTN,I,Q349,A-Telephone Playground,411,23,111,11364
Q349-DF0619,Activated,D,1,FALSE,FALSE,In Playground,TRUE,Q349,Telephone Playground,Q349,,Q-11,Q,"100,039,543",DRINKFTN,I,Q349,D-Telephone Playground,411,23,111,11364
Q351-DF0472,Activated,D,1,TRUE,TRUE,Under Tree,TRUE,Q351,Peters Field,Q351,,Q-12,Q,"100,038,722",DRINKFTN,I,Q351,D-Peters Field,412,27,103,11423
Q351-DF0473,Activated,A,1,FALSE,FALSE,Under Tree,TRUE,Q351,Peters Field,Q351,,Q-12,Q,"100,038,749",DRINKFTN,I,Q351,A-Peters Field,412,27,103,11423
Q351-DF0474,Activated,A,1,FALSE,TRUE,Out in Open,TRUE,Q351,Peters Field,Q351,,Q-12,Q,"100,038,693",DRINKFTN,I,Q351,A-Peters Field,412,27,103,11423
Q352-DF0073,Activated,A,1,TRUE,FALSE,Out in Open,TRUE,Q352,Hillside Playground,Q352,,Q-13,Q,"100,038,071",DRINKFTN,I,Q352,A-Hillside Playground,413,23,105,11004
Q352-DF0076,Activated,A,1,TRUE,FALSE,In Playground,TRUE,Q352,Hillside Playground,Q352,,Q-13,Q,"100,038,068",DRINKFTN,I,Q352,A-Hillside Playground,413,23,105,11004
Q353-DF0202,Activated,Bottle Filler High Low,3,FALSE,FALSE,Near Ballfield,TRUE,Q353,Grassmere Playground,Q353,,Q-14,Q,"100,038,456",DRINKFTN,I,Q353,Bottle Filler High Low-Grassmere Playground,414,31,101,11691
Q353-DF0203,Activated,Bottle Filler High Low,3,FALSE,FALSE,In Playground,TRUE,Q353,Grassmere Playground,Q353,,Q-14,Q,"100,038,483",DRINKFTN,I,Q353,Bottle Filler High Low-Grassmere Playground,414,31,101,11691
Q354-DF0383,Activated,D,1,FALSE,FALSE,In Playground,TRUE,Q354,Playground Seventy Five,Q354,,Q-08,Q,"100,038,602",DRINKFTN,I,Q354,D-Playground Seventy Five,408,24,107,11366
Q356-DF0692,Activated,E,1,TRUE,FALSE,Out in Open,TRUE,Q356,Alley Park,Q356,,Q-07A,Q,"100,039,732",DRINKFTN,I,Q356,E-Alley Park,411,23,111,11364
Q356-DF0696,Activated,A,1,TRUE,FALSE,Under Tree,TRUE,Q356,Alley Park,Q356,,Q-07A,Q,"100,039,753",DRINKFTN,I,Q356,A-Alley Park,411,23,111,11364
Q356-DF0698,Activated,A,1,TRUE,FALSE,Out in Open,TRUE,Q356,Alley Park,Q356,,Q-07A,Q,"100,039,784",DRINKFTN,I,Q356,A-Alley Park,411,23,111,11364
Q357B01-DF0392,Activated,A,1,FALSE,FALSE,Under Tree,TRUE,Q357B01,Barrier Playground,Q357B01,,Q-06,Q,"100,038,654",DRINKFTN,I,Q357B01,A-Barrier Playground,406,29,112,11375
Q357B-DF0390,Activated,A,1,FALSE,FALSE,In Playground,TRUE,Q357B,Real Good Playground,Q357B,,Q-06,Q,"100,038,628",DRINKFTN,I,Q357B,A-Real Good Playground,406,29,112,11374
Q357B-DF0391,Activated,C,1,FALSE,FALSE,In Playground,TRUE,Q357B,Real Good Playground,Q357B,,Q-06,Q,"100,038,600",DRINKFTN,I,Q357B,C-Real Good Playground,406,29,112,11374
Q357G-DF0674,Activated,A,1,FALSE,FALSE,"In Shade, In Playground",TRUE,Q357G,Turtle Playground,Q357G,,Q-07,Q,"100,039,676",DRINKFTN,I,Q357G,A-Turtle Playground,407,24,109,11367
Q358-DF0116,Activated,A,1,FALSE,FALSE,Under Tree,TRUE,Q358,Detective William T. Gunn Playground,Q358,,Q-13,Q,"100,038,220",DRINKFTN,I,Q358,A-Detective William T. Gunn Playground,413,23,105,11426
Q358-DF0124,Activated,D,1,FALSE,FALSE,Under Tree,TRUE,Q358,Detective William T. Gunn Playground,Q358,,Q-13,Q,"100,038,271",DRINKFTN,I,Q358,D-Detective William T. Gunn Playground,413,23,105,11427
Q359-DF0465,Activated,D,1,FALSE,FALSE,Near Ballfield,TRUE,Q359,Haggerty Park,Q359,,Q-12,Q,"100,038,775",DRINKFTN,I,Q359,D-Haggerty Park,412,27,103,11423
Q359-DF0466,Activated,A,1,FALSE,FALSE,"Under Tree, Just Outside Playground",TRUE,Q359,Haggerty Park,Q359,,Q-12,Q,"100,038,772",DRINKFTN,I,Q359,A-Haggerty Park,412,27,103,11423
Q360G-DF0738,Activated,C,1,FALSE,TRUE,Under Tree,TRUE,Q360G,Whitefish Triangle,Q360G,,Q-05,Q,"100,040,119",DRINKFTN,I,Q360G,C-Whitefish Triangle,405,30,104,11378
Q360J-DF0827,Activated,CS Metal,1,FALSE,FALSE,In Playground,TRUE,Q360J,Crowley Playground,Q360J,,Q-04,Q,"100,040,395",DRINKFTN,I,Q360J,CS Metal-Crowley Playground,404,25,110,11373
Q360M-DF0175,Activated,A,1,FALSE,FALSE,Under Tree,TRUE,Q360M,Frontera Park,Q360M,,Q-05,Q,"100,038,400",DRINKFTN,I,Q360M,A-Frontera Park,405,30,104,11378
Q360M-DF0739,Activated,C,1,FALSE,FALSE,In Playground,TRUE,Q360M,Frontera Park,Q360M,,Q-05,Q,"100,040,146",DRINKFTN,I,Q360M,C-Frontera Park,405,30,104,11378
Q360N-DF0597,Activated,A,1,,FALSE,"Under Tree, In Shade, Out in Open, Near Ballfield",TRUE,Q360N,Hoffman Park,Q360N,,Q-04,Q,"100,039,400",DRINKFTN,I,Q360N,A-Hoffman Park,404,25,110,11373
Q360N-DF0672,Activated,D,1,,FALSE,"Under Tree, Out in Open, Near Ballfield",TRUE,Q360N,Hoffman Park,Q360N,,Q-04,Q,"100,039,600",DRINKFTN,I,Q360N,D-Hoffman Park,404,25,110,11373
Q360N-DF0673,Activated,A,1,,FALSE,"Under Tree, Near Ballfield",TRUE,Q360N,Hoffman Park,Q360N,,Q-04,Q,"100,039,653",DRINKFTN,I,Q360N,A-Hoffman Park,404,25,110,11373
Q362-DF0351,Activated,D,1,FALSE,FALSE,"Out in Open, In Playground",TRUE,Q362,Playground Ninety,Q362,,Q-03,Q,"100,038,606",DRINKFTN,I,Q362,D-Playground Ninety,403,25,115,11369
Q363-DF0589,Activated,A,1,FALSE,FALSE,"Under Tree, Just Outside Playground",TRUE,Q363,Northern Playground,Q363,,Q-03,Q,"100,039,475",DRINKFTN,I,Q363,A-Northern Playground,403,25,115,11372
Q363-DF0590,Activated,C,1,FALSE,FALSE,"Under Tree, Near Ballfield",TRUE,Q363,Northern Playground,Q363,,Q-03,Q,"100,039,403",DRINKFTN,I,Q363,C-Northern Playground,403,25,115,11372
Q363-DF0591,Activated,C,1,FALSE,FALSE,Near Ballfield,TRUE,Q363,Northern Playground,Q363,,Q-03,Q,"100,039,425",DRINKFTN,I,Q363,C-Northern Playground,403,25,115,11372
Q364-DF0622,Activated,C,1,TRUE,FALSE,In Playground,TRUE,Q364,Marie Curie Playground,Q364,,Q-11,Q,"100,039,521",DRINKFTN,I,Q364,C-Marie Curie Playground,411,19,111,11361
Q364-DF0623,Activated,C,1,TRUE,FALSE,In Playground,TRUE,Q364,Marie Curie Playground,Q364,,Q-11,Q,"100,039,544",DRINKFTN,I,Q364,C-Marie Curie Playground,411,19,111,11361
Q364-DF0624,Activated,A,1,FALSE,TRUE,"Near Ballfield, Just Outside Playground",TRUE,Q364,Marie Curie Playground,Q364,,Q-11,Q,"100,039,570",DRINKFTN,I,Q364,A-Marie Curie Playground,411,19,111,11361
Q364-DF0728,Activated,C,1,FALSE,FALSE,In Playground,TRUE,Q364,Marie Curie Playground,Q364,,Q-11,Q,"100,039,966",DRINKFTN,I,Q364,C-Marie Curie Playground,411,19,111,11361
Q366-DF0873,Activated,Bottle Filler High Low,3,,FALSE,In_Playground,TRUE,Q366,Louis C. Moser Playground,Q366,,Q-03,Q,"100,043,381",DRINKFTN,I,Q366,Bottle Filler High Low-Louis C. Moser Playground,403,22,115,11370
Q367-DF0190,Activated,A,1,FALSE,FALSE,Near Ballfield,TRUE,Q367,Hammel Playground,Q367,,Q-14,Q,"100,038,433",DRINKFTN,I,Q367,A-Hammel Playground,414,31,100,11693
Q367-DF0191,Activated,C,1,FALSE,FALSE,Under Tree,TRUE,Q367,Hammel Playground,Q367,,Q-14,Q,"100,038,394",DRINKFTN,I,Q367,C-Hammel Playground,414,31,100,11693
Q369-DF0610,Activated,A,1,TRUE,FALSE,In Playground,TRUE,Q369,Louis Pasteur Park,Q369,,Q-11,Q,"100,039,545",DRINKFTN,I,Q369,A-Louis Pasteur Park,411,19,111,11362
Q369-DF0611,Activated,A,1,TRUE,FALSE,In Playground,TRUE,Q369,Louis Pasteur Park,Q369,,Q-11,Q,"100,039,571",DRINKFTN,I,Q369,A-Louis Pasteur Park,411,19,111,11362
Q369-DF0612,Activated,A,1,TRUE,FALSE,In Playground,TRUE,Q369,Louis Pasteur Park,Q369,,Q-11,Q,"100,039,495",DRINKFTN,I,Q369,A-Louis Pasteur Park,411,19,111,11362
Q369-DF0729,Activated,B,1,FALSE,FALSE,In Playground,TRUE,Q369,Louis Pasteur Park,Q369,,Q-11,Q,"100,039,925",DRINKFTN,I,Q369,B-Louis Pasteur Park,411,19,111,11362
Q370-DF0237,Activated,E,1,FALSE,FALSE,In Playground,TRUE,Q370,Freedom Square Playground,Q370,,Q-08,Q,"100,038,455",DRINKFTN,I,Q370,E-Freedom Square Playground,408,24,107,11367
Q373-DF0153,Activated,D,1,FALSE,FALSE,"Out in Open, Just Outside Playground",TRUE,Q373,East Elmhurst Playground,Q373,,Q-03,Q,"100,038,373",DRINKFTN,I,Q373,D-East Elmhurst Playground,403,21,115,11369
Q373-DF0155,Activated,D,1,FALSE,FALSE,Near Ballfield,TRUE,Q373,East Elmhurst Playground,Q373,,Q-03,Q,"100,038,388",DRINKFTN,I,Q373,D-East Elmhurst Playground,403,21,115,11369
Q373-DF0156,Activated,D,1,FALSE,FALSE,Near Ballfield,TRUE,Q373,East Elmhurst Playground,Q373,,Q-03,Q,"100,038,381",DRINKFTN,I,Q373,D-East Elmhurst Playground,403,21,115,11369
,Activated,Bottle Filler High Low,,,,,TRUE,,,,,Q-13,Q,,DRINKFTN,,,,,,,
Q375-DF0532,Activated,D,1,FALSE,FALSE,"Under Tree, Just Outside Playground",TRUE,Q375,Willets Point Playground,Q375,,Q-07,Q,"100,038,794",DRINKFTN,I,Q375,D-Willets Point Playground,407,19,109,11357
Q375-DF0533,Activated,D,1,FALSE,FALSE,"Under Tree, In Playground",TRUE,Q375,Willets Point Playground,Q375,,Q-07,Q,"100,038,823",DRINKFTN,I,Q375,D-Willets Point Playground,407,19,109,11357
Q377-DF0393,Activated,A,1,FALSE,FALSE,In Playground,TRUE,Q377,Playground Sixty Two LXII,Q377,,Q-06,Q,"100,038,680",DRINKFTN,I,Q377,A-Playground Sixty Two LXII,406,29,112,11375
Q377-DF0394,Activated,C,1,TRUE,FALSE,Near Ballfield,TRUE,Q377,Playground Sixty Two LXII,Q377,,Q-06,Q,"100,038,652",DRINKFTN,I,Q377,C-Playground Sixty Two LXII,406,29,112,11375
Q378-DF0602,Activated,A,1,FALSE,FALSE,In Playground,TRUE,Q378,Ampere Playground,Q378,,Q-09,Q,"100,039,399",DRINKFTN,I,Q378,A-Ampere Playground,409,32,102,11416
Q381-DF0717,Activated,A,1,FALSE,FALSE,In Playground,TRUE,Q381,Francis Lewis Playground,Q381,,Q-11,Q,"100,039,774",DRINKFTN,I,Q381,A-Francis Lewis Playground,411,19,111,11361
Q381-DF0718,Activated,A,1,TRUE,FALSE,In Playground,TRUE,Q381,Francis Lewis Playground,Q381,,Q-11,Q,"100,039,751",DRINKFTN,I,Q381,A-Francis Lewis Playground,411,19,111,11361
Q382-DF0215,Activated,D,1,FALSE,FALSE,Near Ballfield,TRUE,Q382,Cardozo Playground,Q382,,Q-14,Q,"100,038,488",DRINKFTN,I,Q382,D-Cardozo Playground,414,31,101,11692
Q382-DF0772,Activated,D,1,FALSE,FALSE,In Playground,TRUE,Q382,Cardozo Playground,Q382,,Q-14,Q,"100,040,236",DRINKFTN,I,Q382,D-Cardozo Playground,414,31,101,11692
Q385-DF0049,Activated,A,1,,FALSE,In Playground,TRUE,Q385,Ditmars Playground,Q385,,Q-01,Q,"100,038,079",DRINKFTN,I,Q385,A-Ditmars Playground,401,22,114,11105
Q385-DF0050,Activated,A,1,TRUE,FALSE,In Playground,TRUE,Q385,Ditmars Playground,Q385,,Q-01,Q,"100,038,003",DRINKFTN,I,Q385,A-Ditmars Playground,401,22,114,11105
Q386-DF0493,Activated,D,1,FALSE,FALSE,Near Ballfield,TRUE,Q386,Centreville Playground,Q386,,Q-10,Q,"100,038,838",DRINKFTN,I,Q386,D-Centreville Playground,410,32,106,11417
Q386-DF0494,Activated,A,1,FALSE,FALSE,In Playground,TRUE,Q386,Centreville Playground,Q386,,Q-10,Q,"100,038,866",DRINKFTN,I,Q386,A-Centreville Playground,410,32,106,11417
Q387A-DF0626,Activated,E,1,FALSE,FALSE,Near Ballfield,TRUE,Q387A,Bayside Fields,Q387A,,Q-11,Q,"100,039,497",DRINKFTN,I,Q387A,E-Bayside Fields,411,19,111,11360
Q387A-DF0627,Activated,E,1,FALSE,FALSE,Near Ballfield,TRUE,Q387A,Bayside Fields,Q387A,,Q-11,Q,"100,039,564",DRINKFTN,I,Q387A,E-Bayside Fields,411,19,111,11360
Q388-DF0616,Activated,A,1,FALSE,FALSE,Near Ballfield,TRUE,Q388,Linnaeus Park,Q388,,Q-11,Q,"100,039,573",DRINKFTN,I,Q388,A-Linnaeus Park,411,23,111,11364
Q389-DF0169,Activated,H,1,FALSE,FALSE,Just Outside Playground,TRUE,Q389,Bayside Playground,Q389,,Q-14,Q,"100,038,396",DRINKFTN,I,Q389,H-Bayside Playground,414,32,100,11694
Q390-DF0690,Activated,D,1,FALSE,FALSE,"Under Tree, In Playground",TRUE,Q390,Clintonville Playground,Q390,,Q-07,Q,"100,039,694",DRINKFTN,I,Q390,D-Clintonville Playground,407,19,109,11357
Q390-DF0744,Activated,D,1,FALSE,TRUE,Under Tree,TRUE,Q390,Clintonville Playground,Q390,,Q-07,Q,"100,040,165",DRINKFTN,I,Q390,D-Clintonville Playground,407,19,109,11357
Q391-DF0292,Activated,A,1,FALSE,FALSE,In Playground,TRUE,Q391,Joseph Austin Playground,Q391,,Q-08,Q,"100,038,538",DRINKFTN,I,Q391,A-Joseph Austin Playground,408,24,107,11432
Q391-DF0293,Activated,A,1,FALSE,FALSE,In Playground,TRUE,Q391,Joseph Austin Playground,Q391,,Q-08,Q,"100,038,564",DRINKFTN,I,Q391,A-Joseph Austin Playground,408,24,107,11432
Q391-DF0294,Activated,A,1,FALSE,FALSE,In Playground,TRUE,Q391,Joseph Austin Playground,Q391,,Q-08,Q,"100,038,588",DRINKFTN,I,Q391,A-Joseph Austin Playground,408,24,107,11432
Q391-DF0295,Activated,A,1,FALSE,FALSE,In Playground,TRUE,Q391,Joseph Austin Playground,Q391,,Q-08,Q,"100,038,558",DRINKFTN,I,Q391,A-Joseph Austin Playground,408,24,107,11432
Q392-DF0770,Activated,C,1,FALSE,FALSE,"Out in Open, Near Ballfield",TRUE,Q392,Idlewild Park,Q392-ZN01,Idlewild Park Zone 1,Q-13,Q,"100,040,103",DRINKFTN,I,Q392-ZN01,C-Idlewild Park-Idlewild Park Zone 1,413,31,105,11413
Q392-DF0783,Activated,C,1,FALSE,TRUE,Near Ballfield,TRUE,Q392,Idlewild Park,Q392-ZN01,Idlewild Park Zone 1,Q-13,Q,"100,040,191",DRINKFTN,I,Q392-ZN01,C-Idlewild Park-Idlewild Park Zone 1,413,31,105,11413
Q392-DF0784,Activated,C,1,FALSE,TRUE,Near Ballfield,TRUE,Q392,Idlewild Park,Q392-ZN01,Idlewild Park Zone 1,Q-13,Q,"100,040,281",DRINKFTN,I,Q392-ZN01,C-Idlewild Park-Idlewild Park Zone 1,413,31,105,11413
Q393A-DF0172,Activated,D,1,FALSE,FALSE,Near Ballfield,TRUE,Q393A,LaGuardia Landing Lights,Q393A,,Q-03,Q,"100,038,437",DRINKFTN,I,Q393A,D-LaGuardia Landing Lights,403,22,115,11370
Q393A-DF0173,Activated,D,1,FALSE,FALSE,Near Ballfield,TRUE,Q393A,LaGuardia Landing Lights,Q393A,,Q-03,Q,"100,038,413",DRINKFTN,I,Q393A,D-LaGuardia Landing Lights,403,22,115,11370
Q394-DF0205,Activated,Bottle Filler High Low,3,FALSE,FALSE,Just Outside Playground,TRUE,Q394,Conch Playground,Q394,,Q-14,Q,"100,038,487",DRINKFTN,I,Q394,Bottle Filler High Low-Conch Playground,414,31,101,11691
Q394-DF0206,Activated,Bottle Filler High Low,3,FALSE,FALSE,Near Ballfield,TRUE,Q394,Conch Playground,Q394,,Q-14,Q,"100,038,444",DRINKFTN,I,Q394,Bottle Filler High Low-Conch Playground,414,31,101,11691
Q396-DF0687,Activated,D,1,FALSE,FALSE,Near Ballfield,TRUE,Q396,Montbellier Park,Q396,,Q-12,Q,"100,039,673",DRINKFTN,I,Q396,D-Montbellier Park,412,27,113,11413
Q396-DF0688,Activated,F High Low,2,FALSE,FALSE,In Playground,TRUE,Q396,Montbellier Park,Q396,,Q-12,Q,"100,039,594",DRINKFTN,I,Q396,F High Low-Montbellier Park,412,27,113,11413
Q396-DF0761,Activated,D,1,FALSE,FALSE,"Out in Open, Near Ballfield",TRUE,Q396,Montbellier Park,Q396,,Q-12,Q,"100,040,105",DRINKFTN,I,Q396,D-Montbellier Park,412,27,113,11413
Q396-DF0874,Activated,D,1,,FALSE,Near_Ballfield,TRUE,Q396,Montbellier Park,Q396,,Q-12,Q,"100,043,369",DRINKFTN,I,Q396,D-Montbellier Park,412,27,113,11413
Q397-DF0535,Activated,C,1,FALSE,FALSE,"Under Tree, In Playground",TRUE,Q397,Auburndale Playground,Q397,,Q-07,Q,"100,038,873",DRINKFTN,I,Q397,C-Auburndale Playground,407,19,109,11358
Q397-DF0536,Activated,A,1,FALSE,FALSE,In Playground,TRUE,Q397,Auburndale Playground,Q397,,Q-07,Q,"100,038,795",DRINKFTN,I,Q397,A-Auburndale Playground,407,19,109,11358
Q398-DF0142,Activated,A,1,FALSE,FALSE,In Playground,TRUE,Q398,Rosemary's Playground,Q398,,Q-05,Q,"100,038,312",DRINKFTN,I,Q398,A-Rosemary's Playground,405,30,104,11385
Q398-DF0143,Activated,E,1,FALSE,FALSE,In Playground,TRUE,Q398,Rosemary's Playground,Q398,,Q-05,Q,"100,038,308",DRINKFTN,I,Q398,E-Rosemary's Playground,405,30,104,11385
Q399-DF0053,Activated,A,1,FALSE,FALSE,In Playground,TRUE,Q399,Bay Terrace Playground,Q399,,Q-07,Q,"100,038,027",DRINKFTN,I,Q399,A-Bay Terrace Playground,407,19,109,11360
Q400-DF0157,Activated,E,1,TRUE,FALSE,In Playground,TRUE,Q400,Oakland Gardens,Q400,,Q-07A,Q,"100,038,351",DRINKFTN,I,Q400,E-Oakland Gardens,411,23,111,11364
Q400-DF0159,Activated,A,1,FALSE,TRUE,Under Tree,TRUE,Q400,Oakland Gardens,Q400,,Q-07A,Q,"100,038,348",DRINKFTN,I,Q400,A-Oakland Gardens,411,23,111,11364
Q401-DF0828,Activated,E,1,TRUE,FALSE,Under Tree,TRUE,Q401,Lost Battalion Hall Recreation Center,Q401,,Q-06,Q,"100,040,484",DRINKFTN,I,Q401,E-Lost Battalion Hall Recreation Center,406,29,112,11374
Q401-DF0965,Activated,Indoor Drinking Fountain,1,,FALSE,Indoor,FALSE,Q401,Lost Battalion Hall Recreation Center,Q401,,Q-06,Q,"100,043,375",DRINKFTN,I,Q401-BLG0533,Indoor Drinking Fountain-Lost Battalion Hall Recreation Center,406,29,112,11374
Q401-DF0966,Activated,Indoor Drinking Fountain,1,,FALSE,Indoor,FALSE,Q401,Lost Battalion Hall Recreation Center,Q401,,Q-06,Q,"100,043,395",DRINKFTN,I,Q401-BLG0533,Indoor Drinking Fountain-Lost Battalion Hall Recreation Center,406,29,112,11374
Q401-DF1010,Activated,Slop Sink,1,,FALSE,Indoor,FALSE,Q401,Lost Battalion Hall Recreation Center,Q401,,Q-06,Q,"100,042,444",DRINKFTN,I,Q401-BLG0533,Slop Sink-Lost Battalion Hall Recreation Center,406,29,112,11374
Q401-DF1011,Activated,Food Prep Sink,1,,FALSE,Indoor,FALSE,Q401,Lost Battalion Hall Recreation Center,Q401,,Q-06,Q,"100,042,446",DRINKFTN,I,Q401-BLG0533,Food Prep Sink-Lost Battalion Hall Recreation Center,406,29,112,11374
Q401-DF1012,Activated,Food Prep Sink,1,,FALSE,Indoor,FALSE,Q401,Lost Battalion Hall Recreation Center,Q401,,Q-06,Q,"100,042,442",DRINKFTN,I,Q401-BLG0533,Food Prep Sink-Lost Battalion Hall Recreation Center,406,29,112,11374
Q401-DF1019,Activated,Bathroom Sink,1,,FALSE,Indoor,FALSE,Q401,Lost Battalion Hall Recreation Center,Q401,,Q-06,Q,"100,043,416",DRINKFTN,I,Q401-BLG0533,Bathroom Sink-Lost Battalion Hall Recreation Center,406,29,112,11374
Q401-DF1020,Activated,Food Prep Sink,1,,FALSE,Indoor,FALSE,Q401,Lost Battalion Hall Recreation Center,Q401,,Q-06,Q,"100,043,338",DRINKFTN,I,Q401-BLG0533,Food Prep Sink-Lost Battalion Hall Recreation Center,406,29,112,11374
Q402-DF0301,Activated,C,1,FALSE,TRUE,Under Tree,TRUE,Q402,Latimer Playground,Q402,,Q-12,Q,"100,038,561",DRINKFTN,I,Q402,C-Latimer Playground,412,27,103,11433
Q402-DF0302,Activated,D,1,FALSE,FALSE,"Under Tree, In Playground",TRUE,Q402,Latimer Playground,Q402,,Q-12,Q,"100,038,584",DRINKFTN,I,Q402,D-Latimer Playground,412,27,103,11433
Q403-DF0451,Activated,C,1,FALSE,FALSE,In Playground,TRUE,Q403,Beach Channel Playground,Q403,,Q-14,Q,"100,038,732",DRINKFTN,I,Q403,C-Beach Channel Playground,414,31,100,11693
Q404-DF0788,Activated,A,1,FALSE,FALSE,Near Ballfield,TRUE,Q404,East Springfield Playground,Q404,,Q-13,Q,"100,040,282",DRINKFTN,I,Q404,A-East Springfield Playground,413,27,105,11411
Q404-DF0789,Activated,A,1,FALSE,FALSE,In Playground,TRUE,Q404,East Springfield Playground,Q404,,Q-13,Q,"100,040,219",DRINKFTN,I,Q404,A-East Springfield Playground,413,27,105,11411
Q405-DF0467,Activated,C,1,FALSE,FALSE,Just Outside Playground,TRUE,Q405,Hollis Playground,Q405,,Q-12,Q,"100,038,695",DRINKFTN,I,Q405,C-Hollis Playground,412,27,113,11412
Q407-DF0200,Activated,CS Metal,1,FALSE,FALSE,In Playground,TRUE,Q407,Lanett Playground,Q407,,Q-14,Q,"100,038,414",DRINKFTN,I,Q407,CS Metal-Lanett Playground,414,31,101,11691
Q408-DF0542,Activated,A,1,FALSE,TRUE,Just Outside Playground,TRUE,Q408,Harold Schneiderman Playground,Q408,,Q-10,Q,"100,038,952",DRINKFTN,I,Q408,A-Harold Schneiderman Playground,410,32,106,11414
Q408-DF0543,Activated,A,1,TRUE,TRUE,Out in Open,TRUE,Q408,Harold Schneiderman Playground,Q408,,Q-10,Q,"100,038,980",DRINKFTN,I,Q408,A-Harold Schneiderman Playground,410,32,106,11414
Q408-DF0759,Activated,C,1,FALSE,FALSE,In Playground,TRUE,Q408,Harold Schneiderman Playground,Q408,,Q-10,Q,"100,040,152",DRINKFTN,I,Q408,C-Harold Schneiderman Playground,410,32,106,11414
Q410-DF0167,Activated,F High Low,2,FALSE,FALSE,Out in Open,TRUE,Q410,Hinton Park,Q410,,Q-03,Q,"100,038,412",DRINKFTN,I,Q410,F High Low-Hinton Park,403,21,115,11368
Q410-DF0168,Activated,C,1,FALSE,FALSE,Near Ballfield,TRUE,Q410,Hinton Park,Q410,,Q-03,Q,"100,038,406",DRINKFTN,I,Q410,C-Hinton Park,403,21,115,11368
Q410-DF0373,Activated,C,1,FALSE,FALSE,Near Ballfield,TRUE,Q410,Hinton Park,Q410,,Q-03,Q,"100,038,682",DRINKFTN,I,Q410,C-Hinton Park,403,21,115,11368
Q413-DF0147,Activated,E High Low,2,FALSE,FALSE,In Playground,TRUE,Q413,Rochdale Park,Q413-02,Rochdale Park Playground,Q-12,Q,"100,038,314",DRINKFTN,I,Q413-02,E High Low-Rochdale Park-Rochdale Park Playground,412,28,113,11434
Q413-DF0148,Activated,C,1,FALSE,FALSE,Under Tree,TRUE,Q413,Rochdale Park,Q413,,Q-12,Q,"100,038,316",DRINKFTN,I,Q413,C-Rochdale Park,412,28,113,11434
Q413-DF0150,Activated,A,1,FALSE,FALSE,Under Tree,TRUE,Q413,Rochdale Park,Q413,,Q-12,Q,"100,038,322",DRINKFTN,I,Q413,A-Rochdale Park,412,28,113,11434
Q413-DF0780,Activated,A,1,FALSE,FALSE,Near Ballfield,TRUE,Q413,Rochdale Park,Q413,,Q-12,Q,"100,040,284",DRINKFTN,I,Q413,A-Rochdale Park,412,28,113,11434
Q413-DF0781,Activated,A,1,FALSE,FALSE,Near Ballfield,TRUE,Q413,Rochdale Park,Q413,,Q-12,Q,"100,040,193",DRINKFTN,I,Q413,A-Rochdale Park,412,28,113,11434
Q413-DF0782,Activated,A,1,FALSE,TRUE,In Shade,TRUE,Q413,Rochdale Park,Q413,,Q-12,Q,"100,040,212",DRINKFTN,I,Q413,A-Rochdale Park,412,28,113,11434
Q413-DF0902,Activated,E High Low,2,,FALSE,In Plyaground,TRUE,Q413,Rochdale Park,Q413-02,Rochdale Park Playground,Q-12,Q,"100,043,403",DRINKFTN,I,Q413-02,E High Low-Rochdale Park-Rochdale Park Playground,412,28,113,11434
Q413-DF0958,Activated,Indoor Drinking Fountain,1,,FALSE,Indoor,FALSE,Q413,Rochdale Park,Q413,,Q-12,Q,"100,043,426",DRINKFTN,I,Q413-BLG0564,Indoor Drinking Fountain-Rochdale Park-Vic Hanson Field House,412,28,113,11434
Q413-DF0959,Activated,Indoor Drinking Fountain,1,,FALSE,Indoor,FALSE,Q413,Rochdale Park,Q413,,Q-12,Q,"100,043,352",DRINKFTN,I,Q413-BLG0564,Indoor Fountain-Rochdale Park-Vic Hanson Field House,412,28,113,11434
Q414-DF0522,Activated,A,1,TRUE,FALSE,Under Tree,TRUE,Q414,Rocket Playground,Q414,,Q-10,Q,"100,038,849",DRINKFTN,I,Q414,A-Rocket Playground,410,32,106,11417
Q414-DF0523,Activated,A,1,TRUE,FALSE,In Playground,TRUE,Q414,Rocket Playground,Q414,,Q-10,Q,"100,038,876",DRINKFTN,I,Q414,A-Rocket Playground,410,32,106,11417
Q415-DF0161,Activated,A,1,FALSE,FALSE,Just Outside Playground,TRUE,Q415,Louis Armstrong Playground,Q415,,Q-03,Q,"100,038,378",DRINKFTN,I,Q415,A-Louis Armstrong Playground,403,21,115,11368
Q419-DF0727,Activated,D,1,,FALSE,In Playground,TRUE,Q419,Hart Playground,Q419,,Q-07,Q,"100,039,884",DRINKFTN,I,Q419,D-Hart Playground,407,19,109,11354
Q421-DF0539,Activated,C,1,FALSE,FALSE,In Playground,TRUE,Q421,Walter Ward Playground,Q421,,Q-10,Q,"100,038,976",DRINKFTN,I,Q421,C-Walter Ward Playground,410,32,106,11414
Q421-DF0540,Activated,C,1,FALSE,FALSE,Under Tree,TRUE,Q421,Walter Ward Playground,Q421,,Q-10,Q,"100,038,906",DRINKFTN,I,Q421,C-Walter Ward Playground,410,32,106,11414
Q422-DF0201,Activated,A,1,FALSE,FALSE,In Playground,TRUE,Q422,Seaside Playground,Q422,,Q-14,Q,"100,038,472",DRINKFTN,I,Q422,A-Seaside Playground,414,32,100,11694
Q422-DF0334,Activated,C,1,FALSE,FALSE,Just Outside Playground,TRUE,Q422,Seaside Playground,Q422,,Q-14,Q,"100,038,690",DRINKFTN,I,Q422,C-Seaside Playground,414,32,100,11694
Q422-DF0335,Activated,A,1,FALSE,FALSE,Out in Open,TRUE,Q422,Seaside Playground,Q422,,Q-14,Q,"100,038,614",DRINKFTN,I,Q422,A-Seaside Playground,414,32,100,11694
Q423-DF0180,Activated,C,1,TRUE,FALSE,"In Shade, Near Ballfield",TRUE,Q423,Reiff Playground,Q423,,Q-05,Q,"100,038,438",DRINKFTN,I,Q423,C-Reiff Playground,405,30,104,11378
Q423-DF0181,Activated,C,1,FALSE,FALSE,"In Shade, Near Ballfield",TRUE,Q423,Reiff Playground,Q423,,Q-05,Q,"100,038,423",DRINKFTN,I,Q423,C-Reiff Playground,405,30,104,11378
Q423-DF0182,Activated,C,1,FALSE,FALSE,"In Shade, Just Outside Playground",TRUE,Q423,Reiff Playground,Q423,,Q-05,Q,"100,038,393",DRINKFTN,I,Q423,C-Reiff Playground,405,30,104,11378
Q425-DF0570,Activated,D,1,FALSE,FALSE,"In Playground, Under Tree",TRUE,Q425,Yellowstone Park,Q425,,Q-06,Q,"100,039,315",DRINKFTN,I,Q425,D-Yellowstone Park,406,29,112,11375
Q425-DF0571,Activated,A,1,,FALSE,Under Tree,TRUE,Q425,Yellowstone Park,Q425,,Q-06,Q,"100,039,344",DRINKFTN,I,Q425,A-Yellowstone Park,406,29,112,11375
Q425-DF0572,Activated,A,1,FALSE,FALSE,Under Tree,TRUE,Q425,Yellowstone Park,Q425,,Q-06,Q,"100,039,369",DRINKFTN,I,Q425,A-Yellowstone Park,406,29,112,11375
Q426-DF0139,Activated,A,1,FALSE,FALSE,Just Outside Playground,TRUE,Q426,North Rochdale Playground,Q426,,Q-12,Q,"100,038,323",DRINKFTN,I,Q426,A-North Rochdale Playground,412,28,113,11434
Q427-DF0140,Activated,D,1,TRUE,FALSE,Under Tree,TRUE,Q427,South Rochdale Playground,Q427,,Q-12,Q,"100,038,329",DRINKFTN,I,Q427,D-South Rochdale Playground,412,28,113,11434
Q427-DF0141,Activated,C,1,TRUE,FALSE,In Playground,TRUE,Q427,South Rochdale Playground,Q427,,Q-12,Q,"100,038,320",DRINKFTN,I,Q427,C-South Rochdale Playground,412,28,113,11434
Q428-DF0568,Activated,A,1,FALSE,FALSE,Under Tree,TRUE,Q428,Horace Harding Playground,Q428,,Q-06,Q,"100,039,368",DRINKFTN,I,Q428,A-Horace Harding Playground,406,29,112,11374
Q428-DF0569,Activated,A,1,FALSE,FALSE,Near Ballfield,TRUE,Q428,Horace Harding Playground,Q428,,Q-06,Q,"100,039,390",DRINKFTN,I,Q428,A-Horace Harding Playground,406,29,112,11374
Q428-DF0740,Activated,A,1,FALSE,FALSE,Out in Open,TRUE,Q428,Horace Harding Playground,Q428,,Q-06,Q,"100,040,169",DRINKFTN,I,Q428,A-Horace Harding Playground,406,29,112,11374
Q429-DF0038,Activated,A,1,FALSE,FALSE,Near Ballfield,TRUE,Q429,Spirit Playground,Q429,,Q-01,Q,"100,037,901",DRINKFTN,I,Q429,A-Spirit Playground,401,26,114,11106
Q429-DF0039,Activated,E High Low,2,FALSE,FALSE,In Playground,TRUE,Q429,Spirit Playground,Q429,,Q-01,Q,"100,037,926",DRINKFTN,I,Q429,E High Low-Spirit Playground,401,26,114,11106
Q430-DF0686,Activated,D,1,FALSE,FALSE,In Playground,TRUE,Q430,Sunrise Playground,Q430,,Q-13,Q,"100,039,622",DRINKFTN,I,Q430,D-Sunrise Playground,413,31,105,11422
Q434-DF0384,Activated,A,1,FALSE,FALSE,Under Tree,TRUE,Q434,Long Island Mews,Q434,,Q-02,Q,"100,038,631",DRINKFTN,I,Q434,A-Long Island Mews,402,30,108,11373
Q436-DF0045,Activated,E,1,FALSE,FALSE,In Playground,TRUE,Q436,Athens Square,Q436,,Q-01,Q,"100,038,010",DRINKFTN,I,Q436,E-Athens Square,401,22,114,11102
Q436-DF0803,Activated,E High Low,2,TRUE,FALSE,In Playground,TRUE,Q436,Athens Square,Q436,,Q-01,Q,"100,040,316",DRINKFTN,I,Q436,E High Low-Athens Square,401,22,114,11102
Q437-DF0720,Activated,C,1,FALSE,FALSE,Just Outside Playground,TRUE,Q437,Murray Hill Playground,Q437,,Q-07,Q,"100,039,758",DRINKFTN,I,Q437,C-Murray Hill Playground,407,20,109,11355
Q441-DF0960,Activated,Indoor Drinking Fountain,1,,FALSE,Indoor,FALSE,Q441,Fisher Pool,Q441,,Q-03,Q,"100,043,737",DRINKFTN,I,Q441-BLG0343,Indoor Drinking Fountain-Fisher Pool,403,21,115,11369
Q441-DF0961,Activated,Indoor Drinking Fountain,1,,FALSE,Indoor,FALSE,Q441,Fisher Pool,Q441,,Q-03,Q,"100,043,742",DRINKFTN,I,Q441-BLG0343,Indoor Drinking Fountain-Fisher Pool,403,21,115,11369
Q441-DF0962,Activated,Water Cooler,1,,FALSE,Indoor,FALSE,Q441,Fisher Pool,Q441,,Q-03,Q,"100,043,729",DRINKFTN,I,Q441-BLG0343,Water Cooler-Fisher Pool-Fisher Pool,403,21,115,11369
Q443-DF0218,UnderConstruction,A,1,FALSE,FALSE,Under Tree,TRUE,Q443,Almeda Playground,Q443,,Q-14,Q,"100,038,474",DRINKFTN,I,Q443,A-Almeda Playground,414,31,100,11692
Q443-DF0773,UnderConstruction,A,1,FALSE,FALSE,"Out in Open, In Playground",TRUE,Q443,Almeda Playground,Q443,,Q-14,Q,"100,040,260",DRINKFTN,I,Q443,A-Almeda Playground,414,31,100,11692
Q444-DF0060,Activated,C,1,FALSE,FALSE,In Playground,TRUE,Q444,Sean's Place,Q444,,Q-01,Q,"100,038,066",DRINKFTN,I,Q444,C-Sean's Place,401,22,114,11103
Q445-DF0878,Activated,Bottle Filler High Low,3,,FALSE,"Out_in_Open,Near_Ballfield",TRUE,Q445,Frank Golden Park,Q445,,Q-07,Q,"100,043,355",DRINKFTN,I,Q445,Bottle Filler High Low-Frank Golden Park,407,19,109,11356
Q446-DF0982,Activated,Indoor Drinking Fountain,1,,FALSE,Indoor,FALSE,Q446,Sorrentino Recreation Center,Q446,,Q-14,Q,"100,043,422",DRINKFTN,I,Q446-BLG0532,Indoor Drinking Fountain-Sorrentino Recreation Center,414,31,101,11691
Q446-DF0983,Activated,Indoor Drinking Fountain,1,,FALSE,Indoor,FALSE,Q446,Sorrentino Recreation Center,Q446,,Q-14,Q,"100,043,401",DRINKFTN,I,Q446-BLG0532,Indoor Drinking Fountain-Sorrentino Recreation Center,414,31,101,11691
Q448-DF0113,Activated,A,1,FALSE,TRUE,Just Outside Playground,TRUE,Q448,Roy Wilkins Recreation Center,Q448-01,Nautilus Playground,Q-12,Q,"100,038,238",DRINKFTN,I,Q448-01,A-Roy Wilkins Recreation Center-Nautilus Playground,412,27,113,11434
Q448-DF0114,Activated,A,1,FALSE,TRUE,Near Ballfield,TRUE,Q448,Roy Wilkins Recreation Center,Q448-01,Nautilus Playground,Q-12,Q,"100,038,231",DRINKFTN,I,Q448-01,A-Roy Wilkins Recreation Center-Nautilus Playground,412,27,113,11434
Q448-DF0115,Activated,A,1,FALSE,TRUE,Near Ballfield,TRUE,Q448,Roy Wilkins Recreation Center,Q448-01,Nautilus Playground,Q-12,Q,"100,038,226",DRINKFTN,I,Q448-01,A-Roy Wilkins Recreation Center-Nautilus Playground,412,27,113,11434
Q448-DF0777,Activated,A,1,FALSE,FALSE,In Playground,TRUE,Q448,Roy Wilkins Recreation Center,Q448-99,Roy Wilkins Park Playground,Q-12,Q,"100,040,209",DRINKFTN,I,Q448-99,A-Roy Wilkins Recreation Center-Roy Wilkins Park Playground,412,27,113,11434
Q448-DF0778,Activated,A,1,FALSE,FALSE,In Playground,TRUE,Q448,Roy Wilkins Recreation Center,Q448-99,Roy Wilkins Park Playground,Q-12,Q,"100,040,234",DRINKFTN,I,Q448-99,A-Roy Wilkins Recreation Center-Roy Wilkins Park Playground,412,27,113,11434
Q448-DF0779,Activated,A,1,FALSE,TRUE,Under Tree,TRUE,Q448,Roy Wilkins Recreation Center,Q448,,Q-12,Q,"100,040,258",DRINKFTN,I,Q448,A-Roy Wilkins Recreation Center,412,27,113,11434
Q448-DF0879,Activated,D,1,,FALSE,Out_in_Open,TRUE,Q448,Roy Wilkins Recreation Center,Q448-ZN03,Roy Wilkins Rec Center Zone 3,Q-12,Q,"100,043,397",DRINKFTN,I,Q448-ZN03,D-Roy Wilkins Park-Roy Wilkins Rec Center Zone 3,412,27,113,11434
Q448-DF0880,Activated,Bottle Filler High Low,3,,FALSE,,TRUE,Q448,Roy Wilkins Recreation Center,Q448-ZN03,Roy Wilkins Rec Center Zone 3,Q-12,Q,"100,043,398",DRINKFTN,I,Q448-ZN03,Bottle Filler High Low-Roy Wilkins Park-Roy Wilkins Rec Center Zone 3,412,27,113,11434
Q448-DF0967,Activated,Indoor Drinking Fountain,1,,FALSE,Indoor,FALSE,Q448,Roy Wilkins Recreation Center,Q448,,Q-12,Q,"100,043,359",DRINKFTN,I,Q448-ZN01A-BLG0398,Indoor Drinking Fountain-Roy Wilkins Recreation Center-Indoor Pool,412,27,113,11434
Q448-DF0968,Activated,Bottle Filler Fountain,2,,FALSE,Indoor,FALSE,Q448,Roy Wilkins Recreation Center,Q448,,Q-12,Q,"100,043,344",DRINKFTN,I,Q448-ZN01A-BLG0398,Bottle Filler Fountain-Roy Wilkins Recreation Center,412,27,113,11434
Q448-DF0969,Activated,Indoor Drinking Fountain,1,,FALSE,Indoor,FALSE,Q448,Roy Wilkins Recreation Center,Q448,,Q-12,Q,"100,043,371",DRINKFTN,I,Q448-ZN01A-BLG0398,Indoor Fountain-Roy Wilkins Recreation Center,412,27,113,11434
Q450-DF0560,Activated,C,1,FALSE,FALSE,Just Outside Playground,TRUE,Q450,Corona Golf Playground,Q450,,Q-04,Q,"100,039,127",DRINKFTN,I,Q450,C-Corona Golf Playground,404,21,110,11368
Q450-DF0561,Activated,C,1,FALSE,TRUE,Just Outside Playground,TRUE,Q450,Corona Golf Playground,Q450,,Q-04,Q,"100,039,152",DRINKFTN,I,Q450,C-Corona Golf Playground,404,21,110,11368
,UnderConstruction,A,,,FALSE,,TRUE,,,,,Q-08,Q,,DRINKFTN,,,,,,,
Q455-DF0973,Activated,Indoor Drinking Fountain,1,,FALSE,Indoor,FALSE,Q455,Rockaway Garage,Q455,,Q-14,Q,"100,043,345",DRINKFTN,I,Q455-BLG0571,Indoor Drinking Fountain-Rockaway Garage-Rockaway Garage,414,31,100,11692
Q455-DF1013,Activated,Indoor Drinking Fountain,1,,FALSE,Indoor,FALSE,Q455,Rockaway Garage,Q455,,Q-14,Q,"100,042,451",DRINKFTN,I,Q455-BLG0571,Indoor Drinking Fountain-Rockaway Garage-Rockaway Garage,414,31,100,11692
Q456-DF0187,Activated,A,1,FALSE,FALSE,In Playground,TRUE,Q456,Gene Gray Playground,Q456,,Q-14,Q,"100,038,397",DRINKFTN,I,Q456,A-Gene Gray Playground,414,32,100,11693
Q457-DF0649,Activated,C,1,FALSE,FALSE,Under Tree,TRUE,Q457,College Point Park,Q457,,Q-07,Q,"100,039,502",DRINKFTN,I,Q457,C-College Point Park,407,19,109,11356
Q457-DF0650,Activated,A,1,FALSE,FALSE,Under Tree,TRUE,Q457,College Point Park,Q457,,Q-07,Q,"100,039,516",DRINKFTN,I,Q457,A-College Point Park,407,19,109,11356
Q458-DF0667,Activated,E,1,TRUE,FALSE,In Playground,TRUE,Q458,Fort Totten Park,Q458-01,Fort Totten Playground,Q-07A,Q,"100,039,608",DRINKFTN,I,Q458-01,E-Fort Totten Park-Fort Totten Playground,407,19,109,11359
Q458-DF0881,Activated,D,1,,FALSE,Out_in_Open,TRUE,Q458,Fort Totten Park,Q458-ZN01,Fort Totten Park Zone 1,Q-07A,Q,"100,043,392",DRINKFTN,I,Q458-ZN01,D-Fort Totten Park-Fort Totten Park Zone 1,407,19,109,11359
Q458-DF0882,Activated,CS Metal,1,,TRUE,Out_in_Open,TRUE,Q458,Fort Totten Park,Q458,,Q-07A,Q,"100,042,316",DRINKFTN,I,Q458,CS Metal-Fort Totten Park,407,19,109,11359
Q458-DF0970,Activated,Indoor Drinking Fountain,1,,FALSE,Indoor,FALSE,Q458,Fort Totten Park,Q458,,Q-07,Q,"100,043,741",DRINKFTN,I,Q458-BLG0024,Indoor Drinking Fountain-Fort Totten Park-422 Weaver Ave,407,19,109,11359
Q458-DF0971,Activated,Food Prep Sink,1,,FALSE,Indoor,FALSE,Q458,Fort Totten Park,Q458,,Q-07,Q,"100,043,728",DRINKFTN,I,Q458-BLG0024,Food Prep Sink-Fort Totten Park-422 WEAVER AVENUE,407,19,109,11359
Q458-DF0972,Activated,Food Prep Sink,1,,FALSE,Indoor,FALSE,Q458,Fort Totten Park,Q458,,Q-07,Q,"100,043,732",DRINKFTN,I,Q458-BLG0024,Food Prep Sink-Fort Totten Park-422 WEAVER AVENUE,407,19,109,11359
Q458-DF0974,Activated,Other,1,,FALSE,Indoor,FALSE,Q458,Fort Totten Park,Q458-ZN01,Fort Totten Park Zone 1,Q-07,Q,"100,043,428",DRINKFTN,I,Q458-BLG0040,Other-Fort Totten Park-Visitors Center,407,19,109,11359
Q458-DF0975,Activated,Water Cooler,1,,FALSE,Indoor,FALSE,Q458,Fort Totten Park,Q458-ZN01,Fort Totten Park Zone 1,Q-07,Q,"100,043,366",DRINKFTN,I,Q458-BLG0040,Water Cooler-Fort Totten Park-Visitors Center,407,19,109,11359
Q458-DF0976,Activated,Water Cooler,1,,FALSE,Indoor,FALSE,Q458,Fort Totten Park,Q458,,Q-07,Q,"100,043,736",DRINKFTN,I,Q458-BLG0073,Water Cooler-Fort Totten Park-Fort Totten Park,407,19,109,11359
Q458-DF0979,Activated,Food Prep Sink,1,,FALSE,Indoor,FALSE,Q458,Fort Totten Park,Q458,,Q-07,Q,"100,043,740",DRINKFTN,I,Q458-BLG0046,Food Prep Sink-Fort Totten Park-431 WALTER REED ROAD,407,19,109,11359
Q458-DF0980,Activated,Food Prep Sink,1,,FALSE,Indoor,FALSE,Q458,Fort Totten Park,Q458,,Q-07,Q,"100,043,727",DRINKFTN,I,Q458-BLG0046,Food Prep Sink-Fort Totten Park-431 WALTER REED ROAD,407,19,109,11359
Q458-DF1028,Activated,Food Prep Sink,1,,FALSE,Indoor,FALSE,Q458,Fort Totten Park,Q458,,Q-07,Q,"100,043,735",DRINKFTN,I,Q458-BLG0073,Food Prep Sink-Fort Totten Park-203 TOTTEN AVENUE,407,,,11359
Q460-DF0183,Activated,A,1,FALSE,FALSE,In Playground,TRUE,Q460,Broad Channel Park,Q460,,Q-14,Q,"100,038,424",DRINKFTN,I,Q460,A-Broad Channel Park,414,,,11693
Q460-DF0184,Activated,A,1,FALSE,FALSE,Just Outside Playground,TRUE,Q460,Broad Channel Park,Q460,,Q-14,Q,"100,038,404",DRINKFTN,I,Q460,A-Broad Channel Park,414,,,11693
Q460-DF0185,Activated,A,1,FALSE,FALSE,In Playground,TRUE,Q460,Broad Channel Park,Q460,,Q-14,Q,"100,038,435",DRINKFTN,I,Q460,A-Broad Channel Park,414,32,100,11693
Q465-DF0041,Activated,D,1,FALSE,TRUE,Out in Open,TRUE,Q465,Socrates Sculpture Park,Q465,,Q-01,Q,"100,037,949",DRINKFTN,I,Q465,D-Socrates Sculpture Park,401,26,114,11106
Q467-DF0186,Activated,C,1,FALSE,FALSE,Near Ballfield,TRUE,Q467,Broad Channel American Park,Q467,,Q-14,Q,"100,038,415",DRINKFTN,I,Q467,C-Broad Channel American Park,414,32,100,11693
Q468-DF0977,Activated,Indoor Drinking Fountain,1,,FALSE,Indoor,FALSE,Q468,Louis Armstrong Community Center,Q468,,Q-03,Q,"100,043,365",DRINKFTN,I,Q468-BLG0553,Indoor Drinking Fountain-Louis Armstrong Community Center,403,21,115,11368
Q468-DF0978,Activated,Indoor Drinking Fountain,1,,FALSE,Indoor,FALSE,Q468,Louis Armstrong Community Center,Q468,,Q-03,Q,"100,043,418",DRINKFTN,I,Q468-BLG0553,Indoor Drinking Fountain-Louis Armstrong Community Center,403,21,115,11368
Q468-DF1018,Activated,Food Prep Sink,1,,FALSE,Indoor,FALSE,Q468,Louis Armstrong Community Center,Q468,,Q-03,Q,"100,043,337",DRINKFTN,I,Q468-BLG0553,Food Prep Sink-Louis Armstrong Community Center-Louis Armstrong Community Center,403,21,115,11368
Q470-DF0884,Activated,C,1,,FALSE,Out_in_Open,TRUE,Q470,A.R.R.O.W. REC CENTER,Q470,,Q-01,Q,"100,043,363",DRINKFTN,I,Q470,C-A.R.R.O.W. Field House,401,26,114,11106
Q470-DF0981,Activated,Indoor Drinking Fountain,1,,FALSE,Indoor,FALSE,Q470,A.R.R.O.W. REC CENTER,Q470,,Q-01,Q,"100,043,376",DRINKFTN,I,Q470-BLG0554,Indoor Drinking Fountain-A.R.R.O.W. Field House,401,26,114,11106
Q471-DF0099,Activated,Trough,1,FALSE,FALSE,Out in Open,TRUE,Q471,Hunter's Point South Park,Q471-ZN01,Hunter's Point South Park Zone 1,Q-02,Q,"100,038,131",DRINKFTN,I,Q471-ZN01,Trough-Hunter's Point South Park-Hunter's Point South Park Zone 1,402,26,108,11101
,UnderConstruction,A,,,FALSE,,TRUE,,,,,Q-08,Q,,DRINKFTN,,,,,,,
Q471-DF0100,Activated,Trough,1,FALSE,FALSE,Out in Open,TRUE,Q471,Hunter's Point South Park,Q471-01,Hunter's Point South Playground (North),Q-02,Q,"100,038,177",DRINKFTN,I,Q471-01,Trough-Hunter's Point South Park-Hunter's Point South Playground (North),402,26,108,11101
Q471-DF0101,Activated,Trough,1,FALSE,FALSE,In Playground,TRUE,Q471,Hunter's Point South Park,Q471-01,Hunter's Point South Playground (North),Q-02,Q,"100,038,101",DRINKFTN,I,Q471-01,Trough-Hunter's Point South Park-Hunter's Point South Playground (North),402,26,108,11101
Q471-DF0102,Activated,Trough,1,FALSE,FALSE,Out in Open,TRUE,Q471,Hunter's Point South Park,Q471-ZN01,Hunter's Point South Park Zone 1,Q-02,Q,"100,038,137",DRINKFTN,I,Q471-ZN01,Trough-Hunter's Point South Park-Hunter's Point South Park Zone 1,402,26,108,11101
Q471-DF0103,Activated,Trough,1,FALSE,FALSE,Out in Open,TRUE,Q471,Hunter's Point South Park,Q471-ZN01,Hunter's Point South Park Zone 1,Q-02,Q,"100,038,164",DRINKFTN,I,Q471-ZN01,Trough-Hunter's Point South Park-Hunter's Point South Park Zone 1,402,26,108,11101
Q471-DF0885,Activated,Trough,1,,FALSE,,TRUE,Q471,Hunter's Point South Park,Q471-ZN02,Hunter's Point South Park Zone 2,Q-02,Q,"100,043,427",DRINKFTN,I,Q471-ZN02,Trough-Hunter's Point South Park-Hunter's Point South Park Zone 2,402,26,108,11101
Q471-DF0886,Activated,Trough,1,,FALSE,,TRUE,Q471,Hunter's Point South Park,Q471-ZN02,Hunter's Point South Park Zone 2,Q-02,Q,"100,043,388",DRINKFTN,I,Q471-ZN02,Trough-Hunter's Point South Park-Hunter's Point South Park Zone 2,402,26,108,11101
Q471-DF0887,Activated,Trough,1,,FALSE,,TRUE,Q471,Hunter's Point South Park,Q471-ZN02,Hunter's Point South Park Zone 2,Q-02,Q,"100,043,394",DRINKFTN,I,Q471-ZN02,Trough-Hunter's Point South Park-Hunter's Point South Park Zone 2,402,26,108,11101
Q471-DF0888,Activated,Trough,1,,FALSE,,TRUE,Q471,Hunter's Point South Park,Q471-02,Hunter's Point South Playground (South),Q-02,Q,"100,043,348",DRINKFTN,I,Q471-02,Trough-Hunter's Point South Park-Hunter's Point South Playground (South),402,26,108,11101
Q474-DF0889,Activated,Bottle Filler High Low,3,,FALSE,"Under_Tree,In_Shade",TRUE,Q474,Simeone Park,Q474,,Q-04,Q,"100,043,360",DRINKFTN,I,Q474,Bottle Filler High Low-Simeone Park,404,21,110,11368
Q474-DF0890,Activated,Bottle Filler High Low,3,,FALSE,Under_Tree,TRUE,Q474,Simeone Park,Q474,,Q-04,Q,"100,043,377",DRINKFTN,I,Q474,Bottle Filler High Low-Simeone Park,404,21,110,11368
Q476-DF0529,Activated,D,1,FALSE,FALSE,"Under Tree, Out in Open",TRUE,Q476,College Point Fields,Q476,,Q-07,Q,"100,038,801",DRINKFTN,I,Q476,D-College Point Fields,407,19,109,11354
Q476-DF0530,Activated,D,1,FALSE,FALSE,"Near Ballfield, Out in Open",TRUE,Q476,College Point Fields,Q476,,Q-07,Q,"100,038,875",DRINKFTN,I,Q476,D-College Point Fields,407,19,109,11354
Q476-DF0531,Activated,D,1,FALSE,FALSE,"Out in Open, Near Ballfield",TRUE,Q476,College Point Fields,Q476,,Q-07,Q,"100,038,797",DRINKFTN,I,Q476,D-College Point Fields,407,19,109,11354
Q476-DF0834,Activated,D,1,,TRUE,Out_in_Open,TRUE,Q476,College Point Fields,Q476,,Q-07,Q,"100,042,319",DRINKFTN,I,Q476,D-College Point Fields,407,19,109,11354
Q476-DF0891,Activated,D,1,,TRUE,"Out_in_Open,Near_Ballfield",TRUE,Q476,College Point Fields,Q476,,Q-07,Q,"100,042,320",DRINKFTN,I,Q476,D-College Point Fields,407,19,109,11354
Q476-DF0892,Activated,D,1,,FALSE,Out_in_Open,TRUE,Q476,College Point Fields,Q476,,Q-07,Q,"100,043,343",DRINKFTN,I,Q476,D-College Point Fields,407,19,109,11354
Q476-DF0893,Activated,D,1,,FALSE,"Out_in_Open,Near_Ballfield",TRUE,Q476,College Point Fields,Q476,,Q-07,Q,"100,043,431",DRINKFTN,I,Q476,D-College Point Fields,407,19,109,11354
Q476-DF0894,Activated,D,1,,TRUE,Out_in_Open,TRUE,Q476,College Point Fields,Q476,,Q-07,Q,"100,042,315",DRINKFTN,I,Q476,D-College Point Fields,407,19,109,11354
Q477-DF0809,Activated,C,1,FALSE,FALSE,Out in Open,TRUE,Q477,Two Coves Community Garden,Q477,,Q-01,Q,"100,040,340",DRINKFTN,I,Q477,C-Two Coves Community Garden,401,22,114,11102
Q492-DF0587,Activated,E High Low,2,,FALSE,In Playground,TRUE,Q492,Elmhurst Park,Q492,,Q-04,Q,"100,039,340",DRINKFTN,I,Q492,E High Low-Elmhurst Park,404,25,110,11373
Q492-DF0588,Activated,E,1,,FALSE,Out in Open,TRUE,Q492,Elmhurst Park,Q492,,Q-04,Q,"100,039,384",DRINKFTN,I,Q492,E-Elmhurst Park,404,25,110,11373
Q492-DF0600,Activated,E,1,,FALSE,Out in Open,TRUE,Q492,Elmhurst Park,Q492,,Q-04,Q,"100,039,471",DRINKFTN,I,Q492,E-Elmhurst Park,404,25,110,11373
QT10-DF0164,Activated,E,1,FALSE,FALSE,Out in Open,TRUE,QT10,Gwirtzman Triangle,QT10,,Q-14,Q,"100,038,368",DRINKFTN,I,QT10,E-Gwirtzman Triangle,414,32,100,11694
QT18-DF0558,Activated,B,1,FALSE,FALSE,Out in Open,TRUE,QT18,Ian Maclennan Garden,QT18,,Q-06,Q,"100,039,120",DRINKFTN,I,QT18,B-Ian Maclennan Garden,406,29,112,11375
R004-DF0081,Broken,D,1,FALSE,FALSE,Out in Open,TRUE,R004,Barrett Triangle,R004,,R-01,R,"100,038,958",DRINKFTN,I,R004,D-Barrett Triangle,501,49,120,10301
R005-DF0004,Activated,Drinking Fountain Sink Combination,1,,FALSE,Near Ballfield,FALSE,R005,Clove Lakes Park,R005-ZN01,Clove Lakes Park Zone 1,R-01,R,"100,037,888",DRINKFTN,I,R005-ZN01-BLG1284,Drinking Fountain Sink Combination-Clove Lakes Park-District Office,501,49,120,10301
R005-DF0005,NotYetActivated,Bottle Filler High Low,3,,FALSE,Out in Open,TRUE,R005,Clove Lakes Park,R005-ZN01,Clove Lakes Park Zone 1,R-01,R,"100,037,809",DRINKFTN,I,R005-ZN01,Bottle Filler High Low-Clove Lakes Park-Clove Lakes Park Zone 1,501,49,120,10301
R005-DF0163,Activated,A,1,FALSE,FALSE,Near Ballfield,TRUE,R005,Clove Lakes Park,R005-ZN01,Clove Lakes Park Zone 1,R-01,R,"100,039,293",DRINKFTN,I,R005-ZN01,A-Clove Lakes Park-Clove Lakes Park Zone 1,501,49,120,10301
R005-DF0164,Activated,A,1,TRUE,FALSE,Out in Open,TRUE,R005,Clove Lakes Park,R005-ZN01,Clove Lakes Park Zone 1,R-01,R,"100,039,321",DRINKFTN,I,R005-ZN01,A-Clove Lakes Park-Clove Lakes Park Zone 1,501,49,120,10301
R005-DF0165,Activated,A,1,TRUE,FALSE,Out in Open,TRUE,R005,Clove Lakes Park,R005-ZN01,Clove Lakes Park Zone 1,R-01,R,"100,039,353",DRINKFTN,I,R005-ZN01,A-Clove Lakes Park-Clove Lakes Park Zone 1,501,49,120,10301
R005-DF0166,Activated,C,1,FALSE,FALSE,Out in Open,TRUE,R005,Clove Lakes Park,R005-ZN01,Clove Lakes Park Zone 1,R-01,R,"100,039,373",DRINKFTN,I,R005-ZN01,C-Clove Lakes Park-Clove Lakes Park Zone 1,501,49,120,10301
R005-DF0167,Activated,A,1,TRUE,FALSE,Near Ballfield,TRUE,R005,Clove Lakes Park,R005-ZN01,Clove Lakes Park Zone 1,R-01,R,"100,039,392",DRINKFTN,I,R005-ZN01,A-Clove Lakes Park-Clove Lakes Park Zone 1,501,49,120,10301
R005-DF0168,Activated,B,1,FALSE,FALSE,Near Ballfield,TRUE,R005,Clove Lakes Park,R005-ZN01,Clove Lakes Park Zone 1,R-01,R,"100,039,322",DRINKFTN,I,R005-ZN01,B-Clove Lakes Park-Clove Lakes Park Zone 1,501,49,120,10301
R005-DF0169,NotYetActivated,A,1,FALSE,FALSE,In Playground,TRUE,R005,Clove Lakes Park,R005-ZN01,Clove Lakes Park Zone 1,R-01,R,"100,039,354",DRINKFTN,I,R005-ZN01,A-Clove Lakes Park-Clove Lakes Park Zone 1,501,49,120,10301
R005-DF0170,Activated,A,1,FALSE,FALSE,Near Ballfield,TRUE,R005,Clove Lakes Park,R005-ZN01,Clove Lakes Park Zone 1,R-01,R,"100,039,347",DRINKFTN,I,R005-ZN01,A-Clove Lakes Park-Clove Lakes Park Zone 1,501,49,120,10301
R005-DF0189,Activated,Drinking Fountain Sink Combination,2,,FALSE,Indoor,FALSE,R005,Clove Lakes Park,R005-ZN01,Clove Lakes Park Zone 1,R-01,R,"100,043,423",DRINKFTN,I,R005-ZN01-BLG1284,Drinking fountain Sink Combination-Clove Lakes Park-DISTRICT OFFICE,501,49,120,10301
R005-DF0195,Activated,Food Prep Sink,1,,FALSE,Indoor,FALSE,R005,Clove Lakes Park,R005-ZN01,Clove Lakes Park Zone 1,R-01,R,"100,043,339",DRINKFTN,I,R005-ZN01-BLG1280,Food Prep Sink-Clove Lakes Park-STONEHENGE,501,49,120,10301
R005-DF0196,Activated,Water Cooler,1,,FALSE,Indoor,FALSE,R005,Clove Lakes Park,R005-ZN03,Clove Lakes Park Zone 3,R-01,R,"100,043,396",DRINKFTN,I,R005-ZN03-BLG002,Water Cooler-Clove Lakes Park-Staten Island Forestry,501,49,120,10301
R005-DF0197,Activated,Indoor Drinking Fountain,1,,FALSE,Indoor,FALSE,R005,Clove Lakes Park,R005-ZN03,Clove Lakes Park Zone 3,R-01,R,"100,043,370",DRINKFTN,I,R005-ZN03-BLG002,Indoor Drinking Fountain-Clove Lakes Park-Staten Island Forestry,501,49,120,10301
R005-DF0199,Activated,Food Prep Sink,1,,FALSE,Indoor,FALSE,R005,Clove Lakes Park,R005-ZN03,Clove Lakes Park Zone 3,R-01,R,"100,043,420",DRINKFTN,I,R005-ZN03-BLG001,Food Prep Sink-Clove Lakes Park-Staten Island Shops,501,49,120,10301
R006-DF0143,Activated,E,1,FALSE,FALSE,Out in Open,TRUE,R006,Conference House Park,R006-ZN03,Conference House Park Zone 3,R-03,R,"100,039,291",DRINKFTN,I,R006-ZN03,E-Conference House Park-Conference House Park Zone 3,503,51,123,10307
R006-DF0198,Activated,Food Prep Sink,1,,FALSE,Indoor,FALSE,R006,Conference House Park,R006-ZN03,Conference House Park Zone 3,R-03,R,"100,043,629",DRINKFTN,I,R006-ZN03-BLG1356,Food Prep Sink-Conference House Park-RUTAN-FELCH,503,51,123,10307
R006-DF0200,Activated,Food Prep Sink,1,,FALSE,Indoor,FALSE,R006,Conference House Park,R006-ZN03,Conference House Park Zone 3,R-03,R,"100,043,372",DRINKFTN,I,R006-ZN03-BLG1360,Food Prep Sink-Conference House Park-Conference House,503,51,123,10307
R006-DF0239,Activated,Food Prep Sink,1,,FALSE,Indoor,FALSE,R006,Conference House Park,R006-ZN03,Conference House Park Zone 3,R-03,R,"100,043,638",DRINKFTN,I,R006-ZN03-BLG1361,Food Prep Sink-Conference House Park-BIDDLE HOUSE,503,51,123,10307
R006-DF0242,Activated,Food Prep Sink,1,,FALSE,Indoor,FALSE,R006,Conference House Park,R006,,R-03,R,"100,043,353",DRINKFTN,I,R006-ZN02-BLG1354,Food Prep Sink-Conference House Park-CONFERENCE HOUSE,503,51,123,10307
R006-DF0243,Activated,Food Prep Sink,1,,FALSE,Indoor,FALSE,R006,Conference House Park,R006-ZN03,Conference House Park Zone 3,R-03,R,"100,043,620",DRINKFTN,I,R006-ZN03-BLG1358,Food Prep Sink-Conference House Park-CONFERENCE HOUSE,503,51,123,10307
R008-DF0117,UnderConstruction,C,1,FALSE,FALSE,Under Tree,TRUE,R008,Faber Pool and Park,R008,,R-01,R,"100,039,184",DRINKFTN,I,R008,C-Faber Pool and Park,501,49,121,10302
R008-DF0118,UnderConstruction,A,1,TRUE,FALSE,Out in Open,TRUE,R008,Faber Pool and Park,R008,,R-01,R,"100,039,107",DRINKFTN,I,R008,A-Faber Pool and Park,501,49,121,10302
R008-DF0193,UnderConstruction,C,1,,FALSE,Under Tree,TRUE,R008,Faber Pool and Park,R008,,R-01,R,"100,043,472",DRINKFTN,I,R008,C-Faber Pool and Park,501,49,121,10302
R008-DF0201,UnderConstruction,CS Metal,1,,FALSE,Indoor,TRUE,R008,Faber Pool and Park,R008,,R-01,R,"100,043,484",DRINKFTN,I,R008,CS Metal-Faber Pool and Park,501,49,121,10302
R008-DF0202,UnderConstruction,CS Metal,1,,FALSE,Indoor,FALSE,R008,Faber Pool and Park,R008,,R-01,R,"100,043,460",DRINKFTN,I,R008-BLG1298,CS Metal-Faber Pool and Park-Faber Park Field House,501,49,121,10302
R011-DF0108,NotYetActivated,B,1,,TRUE,In Shade,TRUE,R011,Hero Park,R011,,R-01,R,"100,039,155",DRINKFTN,I,R011,B-Hero Park,501,49,120,10301
R012-DF0072,Activated,A,1,FALSE,FALSE,In Shade,TRUE,R012,White Park,R012,,R-01,R,"100,038,984",DRINKFTN,I,R012,A-White Park,501,50,120,10305
R015-DF0120,Activated,Bottle Filler High Low,3,TRUE,FALSE,Out in Open,TRUE,R015,Walker Park,R015,,R-01,R,"100,039,157",DRINKFTN,I,R015,Bottle Filler High Low-Walker Park,501,49,120,10310
R015-DF0121,Activated,A,1,TRUE,FALSE,Near Ballfield,TRUE,R015,Walker Park,R015,,R-01,R,"100,039,153",DRINKFTN,I,R015,A-Walker Park,501,49,120,10310
,Activated,Bottle Filler Fountain,,,FALSE,,TRUE,,,,,Q-14,Q,,DRINKFTN,,,,,,,
R015-DF0122,Activated,A,1,TRUE,TRUE,Just Outside Playground,TRUE,R015,Walker Park,R015,,R-01,R,"100,039,180",DRINKFTN,I,R015,A-Walker Park,501,49,120,10310
R015-DF0203,Activated,Indoor Drinking Fountain,1,,TRUE,Indoor,FALSE,R015,Walker Park,R015,,R-01,R,"100,042,337",DRINKFTN,I,R015-BLG1299,Indoor Drinking Fountain-Walker Park-Field House,501,49,120,10310
R015-DF0262,Activated,Food Prep Sink,1,,FALSE,Indoor,FALSE,R015,Walker Park,R015,,R-01,R,"100,043,464",DRINKFTN,I,R015-BLG1299,Food Prep Sink-Walker Park-Walker Park Field House,501,49,120,10310
R016-DF0006,Activated,C,1,FALSE,FALSE,Just Outside Playground,TRUE,R016,Great Kills Park,R016-01,Corporal Allan F. Kivlehan Park,R-03,R,"100,037,851",DRINKFTN,I,R016-01,C-Great Kills Park-Corporal Allan F. Kivlehan Park,595,50,122,10306
R017-DF0130,Activated,Pedestal,1,TRUE,FALSE,Near Ballfield,TRUE,R017,Freshkills Park,R017-ZN01,Owl Hollow Fields,R-02,R,"100,039,196",DRINKFTN,I,R017-ZN01,Pedestal-Freshkills Park-Owl Hollow Fields,503,51,123,10312
R017-DF0131,Activated,Pedestal,1,TRUE,FALSE,Near Ballfield,TRUE,R017,Freshkills Park,R017-ZN01,Owl Hollow Fields,R-02,R,"100,039,194",DRINKFTN,I,R017-ZN01,Pedestal-Freshkills Park-Owl Hollow Fields,503,51,123,10312
R017-DF0132,Activated,Pedestal,1,TRUE,FALSE,Near Ballfield,TRUE,R017,Freshkills Park,R017-ZN01,Owl Hollow Fields,R-02,R,"100,039,284",DRINKFTN,I,R017-ZN01,Pedestal-Freshkills Park-Owl Hollow Fields,503,51,123,10312
R017-DF0186,Activated,Bottle Filler High Low,3,,FALSE,,TRUE,R017,Freshkills Park,R017-ZN01,Owl Hollow Fields,R-02,R,"100,043,467",DRINKFTN,I,R017-ZN01,Bottle Filler High Low-Freshkills Park-Owl Hollow Fields,503,51,123,10312
R017-DF0204,Activated,Food Prep Sink,1,,FALSE,Indoor,FALSE,R017,Freshkills Park,R065-ZN09,William T. Davis Wildlife Refuge,R-02,R,"100,043,594",DRINKFTN,I,R017-BLG1337,Food Prep Sink-Freshkills Park-Zink House,502,51,121,10314
R017-DF0205,Activated,Food Prep Sink,1,,FALSE,Indoor,FALSE,R017,Freshkills Park,R065-ZN09,William T. Davis Wildlife Refuge,R-02,R,"100,043,709",DRINKFTN,I,R017-BLG1338,Food Prep Sink-Freshkills Park-2226 RICHMOND AVENUE,502,51,121,10314
R017-DF0255,Activated,A,1,,FALSE,,TRUE,R017,Freshkills Park,R065-ZN09,William T. Davis Wildlife Refuge,R-02,R,"100,043,451",DRINKFTN,I,R065-ZN09,A-Freshkills Park-William T. Davis Wildlife Refuge,502,51,121,10314
R019-DF0119,NotYetActivated,Monument,1,FALSE,FALSE,Under Tree,TRUE,R019,Veterans Park,R019,,R-01,R,"100,039,131",DRINKFTN,I,R019,Monument-Veterans Park,501,49,121,10302
R022-DF0148,NotYetActivated,A,1,TRUE,FALSE,Out in Open,TRUE,R022,Silver Lake Park,R022-ZN01,Silver Lake Park Zone 1,R-01,R,"100,039,381",DRINKFTN,I,R022-ZN01,A-Silver Lake Park-Silver Lake Park Zone 1,501,49,120,10301
R022-DF0149,Activated,Other,1,FALSE,FALSE,Under Tree,TRUE,R022,Silver Lake Park,R022-ZN01,Silver Lake Park Zone 1,R-01,R,"100,039,324",DRINKFTN,I,R022-ZN01,Other-Silver Lake Park-Silver Lake Park Zone 1,501,49,120,10301
R022-DF0150,Activated,A,1,TRUE,FALSE,Out in Open,TRUE,R022,Silver Lake Park,R022-ZN02,Silver Lake Park Zone 2,R-01,R,"100,039,356",DRINKFTN,I,R022-ZN02,A-Silver Lake Park-Silver Lake Park Zone 2,501,49,120,10301
R022-DF0151,Activated,A,1,TRUE,FALSE,Out in Open,TRUE,R022,Silver Lake Park,R022-ZN02,Silver Lake Park Zone 2,R-01,R,"100,039,338",DRINKFTN,I,R022-ZN02,A-Silver Lake Park-Silver Lake Park Zone 2,501,49,120,10301
R022-DF0152,Activated,A,1,TRUE,FALSE,Out in Open,TRUE,R022,Silver Lake Park,R022-ZN02,Silver Lake Park Zone 2,R-01,R,"100,039,376",DRINKFTN,I,R022-ZN02,A-Silver Lake Park-Silver Lake Park Zone 2,501,49,120,10301
R022-DF0153,Activated,A,1,TRUE,FALSE,Under Tree,TRUE,R022,Silver Lake Park,R022-ZN01,Silver Lake Park Zone 1,R-01,R,"100,039,378",DRINKFTN,I,R022-ZN01,A-Silver Lake Park-Silver Lake Park Zone 1,501,49,120,10301
R022-DF0154,Activated,A,1,TRUE,FALSE,Under Tree,TRUE,R022,Silver Lake Park,R022-ZN01,Silver Lake Park Zone 1,R-01,R,"100,039,300",DRINKFTN,I,R022-ZN01,A-Silver Lake Park-Silver Lake Park Zone 1,501,49,120,10301
R022-DF0155,Activated,A,1,TRUE,TRUE,Near Ballfield,TRUE,R022,Silver Lake Park,R022-04,Silver Lake Park Playground,R-01,R,"100,039,327",DRINKFTN,I,R022-04,A-Silver Lake Park-Silver Lake Park Playground,501,49,120,10301
R022-DF0156,Activated,Bottle Filler High Low,3,TRUE,FALSE,Out in Open,TRUE,R022,Silver Lake Park,R022-04,Silver Lake Park Playground,R-01,R,"100,039,358",DRINKFTN,I,R022-04,Bottle Filler High Low-Silver Lake Park-Silver Lake Park Playground,501,49,120,10301
R022-DF0157,Activated,A,1,FALSE,FALSE,Under Tree,TRUE,R022,Silver Lake Park,R022-04,Silver Lake Park Playground,R-01,R,"100,039,379",DRINKFTN,I,R022-04,A-Silver Lake Park-Silver Lake Park Playground,501,49,120,10301
R022-DF0192,Activated,A,1,,FALSE,,TRUE,R022,Silver Lake Park,R022,,R-01,R,"100,043,454",DRINKFTN,I,R022,A-Silver Lake Park,501,49,120,10301
R022-DF0206,Activated,Indoor Drinking Fountain,1,,FALSE,Indoor,FALSE,R022,Silver Lake Park,R022-ZN01,Silver Lake Park Zone 1,R-01,R,"100,043,470",DRINKFTN,I,R022-BLG0001,Indoor Drinking Fountain-Silver Lake Park-Staten Island Greenhouse,501,49,120,10301
R022-DF0213,Activated,Slop Sink,1,,TRUE,Indoor,FALSE,R022,Silver Lake Park,R022-04,Silver Lake Park Playground,R-01,R,"100,042,340",DRINKFTN,I,R022-BLG1273,Slop Sink-Silver Lake Park-Field House,501,49,120,10301
R022-DF0256,Activated,Food Prep Sink,1,,TRUE,Indoor,FALSE,R022,Silver Lake Park,R022-04,Silver Lake Park Playground,R-01,R,"100,043,463",DRINKFTN,I,R022-BLG1273,Food Prep Sink-Silver Lake Park-Silver Lake Field House,501,49,120,10301
R024-DF0062,Activated,C,1,,TRUE,Under Tree,TRUE,R024,Tompkinsville Park,R024,,R-01,R,"100,038,963",DRINKFTN,I,R024,C-Tompkinsville Park,501,49,120,10301
,Activated,Bottle Filler Fountain,,,FALSE,,TRUE,,,,,Q-14,Q,,DRINKFTN,,,,,,,
R025-DF0102,Activated,C,1,FALSE,TRUE,Out in Open,TRUE,R025,Mahoney Playground,R025,,R-01,R,"100,039,142",DRINKFTN,I,R025,C-Mahoney Playground,501,49,120,10301
R025-DF0103,Activated,C,1,FALSE,FALSE,Near Ballfield,TRUE,R025,Mahoney Playground,R025,,R-01,R,"100,039,166",DRINKFTN,I,R025,C-Mahoney Playground,501,49,120,10301
R026-DF0010,Activated,F,1,FALSE,FALSE,Near Ballfield,TRUE,R026,Gerard P. Dugan Playground,R026,,R-03,R,"100,038,425",DRINKFTN,I,R026,F-Dugan Playground,503,50,122,10306
R026-DF0011,Activated,F,1,FALSE,FALSE,Near Ballfield,TRUE,R026,Gerard P. Dugan Playground,R026,,R-03,R,"100,038,408",DRINKFTN,I,R026,F-Dugan Playground,503,50,122,10306
R026-DF0012,Activated,D,1,TRUE,FALSE,In Playground,TRUE,R026,Gerard P. Dugan Playground,R026,,R-03,R,"100,038,443",DRINKFTN,I,R026,D-Dugan Playground,503,50,122,10306
R027A-DF0142,Activated,C,1,FALSE,FALSE,In Playground,TRUE,R027A,Aesop Park,R027A,,R-03,R,"100,039,245",DRINKFTN,I,R027A,C-Aesop Park,503,51,123,10309
R028-DF0063,Activated,E High Low,2,TRUE,FALSE,Out in Open,TRUE,R028,Tappen Park,R028,,R-01,R,"100,038,946",DRINKFTN,I,R028,E High Low-Tappen Park,501,49,120,10304
R028-DF0064,Activated,E,1,,FALSE,Under Tree,TRUE,R028,Tappen Park,R028,,R-01,R,"100,038,971",DRINKFTN,I,R028,E-Tappen Park,501,49,120,10304
R028-DF0065,Activated,E and Dog,2,TRUE,FALSE,Out in Open,TRUE,R028,Tappen Park,R028,,R-01,R,"100,038,985",DRINKFTN,I,R028,E and Dog-Tappen Park,501,49,120,10304
R028-DF0258,Activated,A,1,,FALSE,Out in Open,TRUE,R028,Tappen Park,R028,,R-01,R,"100,043,438",DRINKFTN,I,R028,A-Tappen Park,501,49,120,10304
R029-DF0126,Activated,B,1,TRUE,FALSE,Out in Open,TRUE,R029,Westerleigh Park,R029,,R-01,R,"100,039,126",DRINKFTN,I,R029,B-Westerleigh Park,501,50,121,10314
R030-DF0018,Activated,A,1,,FALSE,Near Ballfield,TRUE,R030,Willowbrook Park,R065-ZN08,Willowbrook Park Recreational Area,R-02,R,"100,038,811",DRINKFTN,I,R065-ZN08,A-Willowbrook Park-Willowbrook Park Recreational Area,502,50,121,10314
R030-DF0019,Activated,A,1,,FALSE,Near Ballfield,TRUE,R030,Willowbrook Park,R065-ZN08,Willowbrook Park Recreational Area,R-02,R,"100,038,837",DRINKFTN,I,R065-ZN08,A-Willowbrook Park-Willowbrook Park Recreational Area,502,50,121,10314
R030-DF0020,Activated,A,1,TRUE,FALSE,Near Ballfield,TRUE,R030,Willowbrook Park,R065-ZN08,Willowbrook Park Recreational Area,R-02,R,"100,038,862",DRINKFTN,I,R065-ZN08,A-Willowbrook Park-Willowbrook Park Recreational Area,502,50,121,10314
R030-DF0022,Activated,A,1,TRUE,FALSE,Near Ballfield,TRUE,R030,Willowbrook Park,R065-ZN08,Willowbrook Park Recreational Area,R-02,R,"100,038,831",DRINKFTN,I,R065-ZN08,A-Willowbrook Park-Willowbrook Park Recreational Area,502,50,121,10314
R030-DF0174,Activated,A,1,,FALSE,,TRUE,R030,Willowbrook Park,R065-ZN08,Willowbrook Park Recreational Area,R-02,R,"100,043,442",DRINKFTN,I,R065-ZN08,A-Willowbrook Park-Willowbrook Park Recreational Area,502,50,121,10314
R030-DF0190,Activated,A,1,,TRUE,,TRUE,R030,Willowbrook Park,R065-ZN08,Willowbrook Park Recreational Area,R-02,R,"100,043,440",DRINKFTN,I,R065-ZN08,A-Willowbrook Park-Willowbrook Park Recreational Area,502,50,121,10314
R030-DF0191,Activated,A,1,,FALSE,,TRUE,R030,Willowbrook Park,R065-ZN08,Willowbrook Park Recreational Area,R-02,R,"100,043,478",DRINKFTN,I,R065-ZN08,A-Willowbrook Park-Willowbrook Park Recreational Area,502,50,121,10314
R031-DF0144,Activated,A,1,TRUE,FALSE,Near Ballfield,TRUE,R031,Wolfe's Pond Park,R031-ZN03,Wolfe's Pond Park Zone 3,R-03,R,"100,039,332",DRINKFTN,I,R031-ZN03,A-Wolfe's Pond Park-Wolfe's Pond Park Zone 3,503,51,123,10312
R031-DF0145,Activated,A,1,FALSE,FALSE,Out in Open,TRUE,R031,Wolfe's Pond Park,R031-ZN02,Wolfe's Pond Park Zone 2,R-03,R,"100,039,334",DRINKFTN,I,R031-ZN02,A-Wolfe's Pond Park-Wolfe's Pond Park Zone 2,503,51,123,10312
R031-DF0146,Activated,A,1,TRUE,TRUE,Out in Open,TRUE,R031,Wolfe's Pond Park,R031-ZN02,Wolfe's Pond Park Zone 2,R-03,R,"100,039,363",DRINKFTN,I,R031-ZN02,A-Wolfe's Pond Park-Wolfe's Pond Park Zone 2,503,51,123,10309
R031-DF0147,Activated,A,1,TRUE,FALSE,Out in Open,TRUE,R031,Wolfe's Pond Park,R031-ZN02,Wolfe's Pond Park Zone 2,R-03,R,"100,039,385",DRINKFTN,I,R031-ZN02,A-Wolfe's Pond Park-Wolfe's Pond Park Zone 2,503,51,123,10309
R031-DF0175,NotYetActivated,D,1,,FALSE,,TRUE,R031,Wolfe's Pond Park,R031-ZN02,Wolfe's Pond Park Zone 2,R-03,R,"100,043,475",DRINKFTN,I,R031-ZN02,D-Wolfe's Pond Park-Wolfe's Pond Park Zone 2,503,51,123,10312
R031-DF0214,Activated,Slop Sink,1,,TRUE,Indoor,FALSE,R031,Wolfe's Pond Park,R031-ZN02,Wolfe's Pond Park Zone 2,R-03,R,"100,043,483",DRINKFTN,I,R031-ZN02-BLG1353,Slop Sink-Wolfe's Pond Park-Comfort Station,503,51,123,10309
R031-DF0244,Activated,Food Prep Sink,1,,FALSE,Indoor,FALSE,R031,Wolfe's Pond Park,R031-ZN02,Wolfe's Pond Park Zone 2,R-03,R,"100,043,712",DRINKFTN,I,R031-ZN02-BLG9767,Food Prep Sink-Wolfe's Pond Park-Lifeguard North,503,51,123,10309
R034-DF0184,UnderConstruction,Bottle Filler High Low,3,,FALSE,,TRUE,R034,Austin J. McDonald Playground,R034,,R-01,R,"100,043,447",DRINKFTN,I,R034,Bottle Filler High Low-Austin J. McDonald Playground,501,49,120,10310
R034-DF0185,UnderConstruction,Bottle Filler High Low,3,,FALSE,,TRUE,R034,Austin J. McDonald Playground,R034,,R-01,R,"100,043,480",DRINKFTN,I,R034,Bottle Filler High Low-Austin J. McDonald Playground,501,49,120,10310
R035-DF0176,UnderConstruction,E High Low,2,,FALSE,,TRUE,R035,De Matti Park,R035,,R-01,R,"100,043,469",DRINKFTN,I,R035,E High Low-De Matti Park,501,49,120,10305
R035-DF0177,UnderConstruction,Bottle Filler High Low,3,,FALSE,,TRUE,R035,De Matti Park,R035,,R-01,R,"100,043,456",DRINKFTN,I,R035,Bottle Filler High Low-De Matti Park,501,49,120,10305
R036-DF0116,Activated,A,1,TRUE,FALSE,Out in Open,TRUE,R036,Mariners Harbor Playground,R036,,R-01,R,"100,039,158",DRINKFTN,I,R036,A-Mariners Harbor Playground,501,49,121,10303
R037-DF0099,NotYetActivated,A,1,TRUE,TRUE,In Shade,TRUE,R037,Liotti Ikefugi Playground,R037,,R-01,R,"100,039,171",DRINKFTN,I,R037,A-Liotti Ikefugi Playground,501,49,120,10301
R038A-DF0055,Activated,A,1,TRUE,FALSE,In Playground,TRUE,R038A,Midland Field,R038A,,R-02B,R,"100,038,978",DRINKFTN,I,R038A,A-Midland Field,502,50,122,10306
R038A-DF0056,Activated,A,1,TRUE,FALSE,Near Ballfield,TRUE,R038A,Midland Field,R038A,,R-02B,R,"100,038,981",DRINKFTN,I,R038A,A-Midland Field,502,50,122,10306
R038A-DF0057,Activated,A,1,TRUE,FALSE,Near Ballfield,TRUE,R038A,Midland Field,R038A,,R-02B,R,"100,038,931",DRINKFTN,I,R038A,A-Midland Field,502,50,122,10306
R038A-DF0058,Activated,A,1,TRUE,FALSE,Near Ballfield,TRUE,R038A,Midland Field,R038A,,R-02B,R,"100,038,954",DRINKFTN,I,R038A,A-Midland Field,502,50,122,10306
R038A-DF0059,Activated,A,1,TRUE,FALSE,Near Ballfield,TRUE,R038A,Midland Field,R038A,,R-02B,R,"100,038,905",DRINKFTN,I,R038A,A-Midland Field,502,50,122,10306
R038A-DF0240,Activated,Bathroom Sink,1,,FALSE,Indoor,FALSE,R038A,Midland Field,R038A,,R-02,R,"100,043,473",DRINKFTN,I,R038A-BLG1306,Bathroom Sink-Midland Field-Midland Field Comfort,502,50,122,10306
R038A-DF0241,Activated,Bathroom Sink,1,,FALSE,Indoor,FALSE,R038A,Midland Field,R038A,,R-02,R,"100,043,446",DRINKFTN,I,R038A-BLG1306,Bathroom Sink-Midland Field-Midland Field Comfort,502,50,122,10306
R038-DF0060,Activated,A,1,TRUE,TRUE,In Playground,TRUE,R038,Midland Playground,R038,,R-02B,R,"100,038,928",DRINKFTN,I,R038,A-Midland Playground,502,50,122,10306
R038-DF0061,Activated,A,1,TRUE,FALSE,"Near Ballfield, In Playground",TRUE,R038,Midland Playground,R038,,R-02B,R,"100,038,951",DRINKFTN,I,R038,A-Midland Playground,502,50,122,10306
R042-DF0008,Activated,A,1,TRUE,FALSE,Under Tree,TRUE,R042,Kaltenmeier Playground,R042,,R-01,R,"100,038,172",DRINKFTN,I,R042,A-Kaltenmeier Playground,501,49,120,10305
R043-DF0171,Activated,D,1,FALSE,FALSE,Out in Open,TRUE,R043,Lyons Pool,R043,,R-01,R,"100,039,317",DRINKFTN,I,R043,D-Lyons Pool,501,49,120,10301
R043-DF0172,Activated,D,1,FALSE,TRUE,Out in Open,TRUE,R043,Lyons Pool,R043,,R-01,R,"100,039,350",DRINKFTN,I,R043,D-Lyons Pool,501,49,120,10301
R043-DF0173,Activated,D,1,FALSE,TRUE,Out in Open,TRUE,R043,Lyons Pool,R043,,R-01,R,"100,039,319",DRINKFTN,I,R043,D-Lyons Pool,501,49,120,10301
R043-DF0207,Activated,Water Cooler,1,,TRUE,Indoor,FALSE,R043,Lyons Pool,R043,,R-01,R,"100,042,326",DRINKFTN,I,R043-BLG1264,Water Cooler-Lyons Pool-Lyons Pool Recreation Center,501,49,120,10301
R043-DF0208,Activated,Indoor Drinking Fountain,1,,TRUE,Indoor,FALSE,R043,Lyons Pool,R043,,R-01,R,"100,042,328",DRINKFTN,I,R043-BLG1264,Indoor Drinking Fountain-Lyons Pool-Recreation Center,501,49,120,10301
R043-DF0209,Activated,Indoor Drinking Fountain,1,,TRUE,Indoor,FALSE,R043,Lyons Pool,R043,,RR-09,R,"100,042,327",DRINKFTN,I,R043-BLG1264,Indoor Drinking Fountain-Lyons Pool-Recreation Center,501,49,120,10301
R043-DF0210,Activated,Indoor Drinking Fountain,1,,TRUE,Indoor,FALSE,R043,Lyons Pool,R043,,R-01,R,"100,043,482",DRINKFTN,I,R043-BLG1264,Indoor Drinking Fountain-Lyons Pool-Recreation Center,501,49,120,10301
R043-DF0211,Activated,Slop Sink,1,,FALSE,Indoor,FALSE,R043,Lyons Pool,R043,,R-01,R,"100,043,479",DRINKFTN,I,R043-BLG1264,Slop Sink-Lyons Pool-Lyons Pool Recreation Center,501,49,120,10301
R043-DF0212,Activated,Slop Sink,1,,TRUE,Indoor,FALSE,R043,Lyons Pool,R043,,R-01,R,"100,042,325",DRINKFTN,I,R043-BLG1264,Slop Sink-Lyons Pool-Lyons Pool Recreation Center,501,49,120,10301
R045-DF0024,Activated,Trough,1,FALSE,FALSE,Just Outside Playground,TRUE,R045,Schmul Park,R045-01,Schmul Park,R-02,R,"100,038,885",DRINKFTN,I,R045-01,Trough-Schmul Park-Schmul Park,502,50,121,10314
R045-DF0025,Activated,Dog Fountain,1,FALSE,FALSE,In Shade,TRUE,R045,Schmul Park,R045-01,Schmul Park,R-02,R,"100,038,809",DRINKFTN,I,R045-01,Dog Fountain-Schmul Park-Schmul Park,502,50,121,10314
R045-DF0026,Activated,Trough,1,FALSE,FALSE,Just Outside Playground,TRUE,R045,Schmul Park,R045-01,Schmul Park,R-02,R,"100,038,835",DRINKFTN,I,R045-01,Trough-Schmul Park-Schmul Park,502,50,121,10314
R045-DF0027,Activated,Trough,1,FALSE,FALSE,Near Ballfield,TRUE,R045,Schmul Park,R045-01,Schmul Park,R-02,R,"100,038,860",DRINKFTN,I,R045-01,Trough-Schmul Park-Schmul Park,502,50,121,10314
R046-DF0030,NotYetActivated,A,1,TRUE,FALSE,Under Tree,TRUE,R046,Franklin D. Roosevelt Boardwalk and Beach,R046-ZN05,Midland Beach Zone 5,R-02,R,"100,038,848",DRINKFTN,I,R046-ZN05,A-Franklin D. Roosevelt Boardwalk and Beach-Midland Beach Zone 5,595,50,122,10305
R046-DF0031,Activated,C,1,TRUE,FALSE,Out in Open,TRUE,R046,Franklin D. Roosevelt Boardwalk and Beach,R046-06,Midland Playground,R-02,R,"100,038,874",DRINKFTN,I,R046-06,C-Franklin D. Roosevelt Boardwalk and Beach-Midland Playground,595,50,122,10305
R046-DF0032,Activated,A,1,TRUE,FALSE,Under Tree,TRUE,R046,Franklin D. Roosevelt Boardwalk and Beach,R046-ZN05,Midland Beach Zone 5,R-02,R,"100,038,821",DRINKFTN,I,R046-ZN05,A-Franklin D. Roosevelt Boardwalk and Beach-Midland Beach Zone 5,595,50,122,10305
R046-DF0033,Activated,A,1,TRUE,FALSE,Out in Open,TRUE,R046,Franklin D. Roosevelt Boardwalk and Beach,R046-ZN05,Midland Beach Zone 5,R-02,R,"100,038,844",DRINKFTN,I,R046-ZN05,A-Franklin D. Roosevelt Boardwalk and Beach-Midland Beach Zone 5,595,50,122,10305
X085-DF0362,Activated,A,1,TRUE,FALSE,Out in Open,TRUE,X085,Slattery Playground,X085,,X-05,X,"100,039,287",DRINKFTN,I,X085,A-Slattery Playground,205,15,46,10458
R046-DF0034,Activated,A,1,TRUE,FALSE,Out in Open,TRUE,R046,Franklin D. Roosevelt Boardwalk and Beach,R046-ZN05,Midland Beach Zone 5,R-02,R,"100,038,870",DRINKFTN,I,R046-ZN05,A-Franklin D. Roosevelt Boardwalk and Beach-Midland Beach Zone 5,595,50,122,10305
R046-DF0035,Activated,A,1,TRUE,FALSE,Out in Open,TRUE,R046,Franklin D. Roosevelt Boardwalk and Beach,R046-ZN05,Midland Beach Zone 5,R-02,R,"100,038,871",DRINKFTN,I,R046-ZN05,A-Franklin D. Roosevelt Boardwalk and Beach-Midland Beach Zone 5,595,50,122,10305
R046-DF0036,Activated,A,1,TRUE,FALSE,Out in Open,TRUE,R046,Franklin D. Roosevelt Boardwalk and Beach,R046-ZN05,Midland Beach Zone 5,R-02,R,"100,038,793",DRINKFTN,I,R046-ZN05,A-Franklin D. Roosevelt Boardwalk and Beach-Midland Beach Zone 5,595,50,122,10305
R046-DF0037,Activated,A,1,TRUE,FALSE,Out in Open,TRUE,R046,Franklin D. Roosevelt Boardwalk and Beach,R046-ZN05,Midland Beach Zone 5,R-02,R,"100,038,822",DRINKFTN,I,R046-ZN05,A-Franklin D. Roosevelt Boardwalk and Beach-Midland Beach Zone 5,595,50,122,10305
R046-DF0038,Activated,A,1,TRUE,FALSE,Out in Open,TRUE,R046,Franklin D. Roosevelt Boardwalk and Beach,R046-ZN05,Midland Beach Zone 5,R-02,R,"100,038,872",DRINKFTN,I,R046-ZN05,A-Franklin D. Roosevelt Boardwalk and Beach-Midland Beach Zone 5,595,50,122,10305
R046-DF0039,Activated,A,1,TRUE,TRUE,Out in Open,TRUE,R046,Franklin D. Roosevelt Boardwalk and Beach,R046-ZN05,Midland Beach Zone 5,R-02,R,"100,038,845",DRINKFTN,I,R046-ZN05,A-Franklin D. Roosevelt Boardwalk and Beach-Midland Beach Zone 5,595,50,122,10305
R046-DF0040,Activated,A,1,TRUE,FALSE,Near Ballfield,TRUE,R046,Franklin D. Roosevelt Boardwalk and Beach,R046-ZN05,Midland Beach Zone 5,R-02,R,"100,038,843",DRINKFTN,I,R046-ZN05,A-Franklin D. Roosevelt Boardwalk and Beach-Midland Beach Zone 5,595,50,122,10305
R046-DF0041,Activated,A,1,TRUE,FALSE,Out in Open,TRUE,R046,Franklin D. Roosevelt Boardwalk and Beach,R046-ZN05,Midland Beach Zone 5,R-02,R,"100,038,869",DRINKFTN,I,R046-ZN05,A-Franklin D. Roosevelt Boardwalk and Beach-Midland Beach Zone 5,595,50,122,10305
R046-DF0042,Activated,A,1,TRUE,TRUE,Near Ballfield,TRUE,R046,Franklin D. Roosevelt Boardwalk and Beach,R046-ZN05,Midland Beach Zone 5,R-02,R,"100,038,883",DRINKFTN,I,R046-ZN05,A-Franklin D. Roosevelt Boardwalk and Beach-Midland Beach Zone 5,595,50,122,10305
R046-DF0043,NotYetActivated,E,1,TRUE,FALSE,Out in Open,TRUE,R046,Franklin D. Roosevelt Boardwalk and Beach,R046-ZN05,Midland Beach Zone 5,R-02,R,"100,038,982",DRINKFTN,I,R046-ZN05,E-Franklin D. Roosevelt Boardwalk and Beach-Midland Beach Zone 5,595,50,122,10305
R046-DF0044,Activated,Bottle Filler High Low,3,TRUE,FALSE,Out in Open,TRUE,R046,Franklin D. Roosevelt Boardwalk and Beach,R046-ZN05,Midland Beach Zone 5,R-02,R,"100,038,909",DRINKFTN,I,R046-ZN05,Bottle Filler High Low-FDR Boardwalk and Beach-Midland Beach Zone 5,595,50,122,10305
R046-DF0045,Activated,D,1,TRUE,FALSE,In Playground,TRUE,R046,Franklin D. Roosevelt Boardwalk and Beach,R046-07,Midland Beach Playground,R-02,R,"100,038,932",DRINKFTN,I,R046-07,D-Franklin D. Roosevelt Boardwalk and Beach-Midland Beach Playground,595,50,122,10305
R046-DF0046,Activated,A,1,TRUE,FALSE,Near Ballfield,TRUE,R046,Franklin D. Roosevelt Boardwalk and Beach,R046-ZN04,Midland Beach Zone 4,R-02,R,"100,038,955",DRINKFTN,I,R046-ZN04,A-Franklin D. Roosevelt Boardwalk and Beach-Midland Beach Zone 4,595,50,122,10305
R046-DF0047,Activated,A,1,TRUE,FALSE,Near Ballfield,TRUE,R046,Franklin D. Roosevelt Boardwalk and Beach,R046-ZN04,Midland Beach Zone 4,R-02,R,"100,038,983",DRINKFTN,I,R046-ZN04,A-Franklin D. Roosevelt Boardwalk and Beach-Midland Beach Zone 4,595,50,122,10305
R046-DF0048,Activated,A,1,TRUE,FALSE,Near Ballfield,TRUE,R046,Franklin D. Roosevelt Boardwalk and Beach,R046-ZN04,Midland Beach Zone 4,R-02,R,"100,038,910",DRINKFTN,I,R046-ZN04,A-Franklin D. Roosevelt Boardwalk and Beach-Midland Beach Zone 4,595,50,122,10305
R046-DF0049,Activated,A,1,TRUE,TRUE,Near Ballfield,TRUE,R046,Franklin D. Roosevelt Boardwalk and Beach,R046-ZN04,Midland Beach Zone 4,R-02,R,"100,038,933",DRINKFTN,I,R046-ZN04,A-Franklin D. Roosevelt Boardwalk and Beach-Midland Beach Zone 4,595,50,122,10305
R046-DF0050,Activated,E and Dog,2,FALSE,FALSE,Out in Open,TRUE,R046,Franklin D. Roosevelt Boardwalk and Beach,R046-ZN04,Midland Beach Zone 4,R-02,R,"100,038,977",DRINKFTN,I,R046-ZN04,E and Dog-Franklin D. Roosevelt Boardwalk and Beach-Midland Beach Zone 4,595,50,122,10305
R046-DF0051,Activated,E and Dog,2,FALSE,FALSE,Out in Open,TRUE,R046,Franklin D. Roosevelt Boardwalk and Beach,R046-ZN04,Midland Beach Zone 4,R-02,R,"100,038,970",DRINKFTN,I,R046-ZN04,E and Dog-Franklin D. Roosevelt Boardwalk and Beach-Midland Beach Zone 4,595,50,122,10305
R046-DF0052,Activated,E High Low,2,FALSE,FALSE,Out in Open,TRUE,R046,Franklin D. Roosevelt Boardwalk and Beach,R046-ZN04,Midland Beach Zone 4,R-02,R,"100,038,907",DRINKFTN,I,R046-ZN04,E High Low-Franklin D. Roosevelt Boardwalk and Beach-Midland Beach Zone 4,595,50,122,10305
R046-DF0053,Activated,E High Low,2,FALSE,FALSE,Out in Open,TRUE,R046,Franklin D. Roosevelt Boardwalk and Beach,R046-ZN04,Midland Beach Zone 4,R-02,R,"100,038,930",DRINKFTN,I,R046-ZN04,E High Low-Franklin D. Roosevelt Boardwalk and Beach-Midland Beach Zone 4,595,50,122,10305
R046-DF0054,Activated,E,1,FALSE,FALSE,Out in Open,TRUE,R046,Franklin D. Roosevelt Boardwalk and Beach,R046-ZN04,Midland Beach Zone 4,R-02,R,"100,038,953",DRINKFTN,I,R046-ZN04,E-Franklin D. Roosevelt Boardwalk and Beach-Midland Beach Zone 4,595,50,122,10305
R046-DF0075,Activated,D,1,TRUE,FALSE,Out in Open,TRUE,R046,Franklin D. Roosevelt Boardwalk and Beach,R046-ZN01,South Beach Zone 1,R-02B,R,"100,038,925",DRINKFTN,I,R046-ZN01,D-Franklin D. Roosevelt Boardwalk and Beach-South Beach Zone 1,595,50,122,10305
R046-DF0076,Activated,D,1,TRUE,FALSE,Just Outside Playground,TRUE,R046,Franklin D. Roosevelt Boardwalk and Beach,R046-ZN01,South Beach Zone 1,R-02B,R,"100,038,948",DRINKFTN,I,R046-ZN01,D-Franklin D. Roosevelt Boardwalk and Beach-South Beach Zone 1,595,50,122,10305
R046-DF0077,Activated,D,1,TRUE,FALSE,Near Ballfield,TRUE,R046,Franklin D. Roosevelt Boardwalk and Beach,R046-ZN01,South Beach Zone 1,R-02B,R,"100,038,973",DRINKFTN,I,R046-ZN01,D-Franklin D. Roosevelt Boardwalk and Beach-South Beach Zone 1,595,50,122,10305
R046-DF0078,Activated,D,1,TRUE,TRUE,Near Ballfield,TRUE,R046,Franklin D. Roosevelt Boardwalk and Beach,R046-ZN01,South Beach Zone 1,R-02B,R,"100,038,903",DRINKFTN,I,R046-ZN01,D-Franklin D. Roosevelt Boardwalk and Beach-South Beach Zone 1,595,50,122,10305
R046-DF0079,Activated,Bottle Filler High Low,3,FALSE,FALSE,Out in Open,TRUE,R046,Franklin D. Roosevelt Boardwalk and Beach,R046-ZN01,South Beach Zone 1,R-02B,R,"100,038,926",DRINKFTN,I,R046-ZN01,Bottle Filler High Low-FDR Boardwalk & Beach-South Beach Zone 1,595,50,122,10305
R046-DF0080,Activated,E,1,FALSE,TRUE,Out in Open,TRUE,R046,Franklin D. Roosevelt Boardwalk and Beach,R046-ZN02,South Beach Zone 2,R-02B,R,"100,038,949",DRINKFTN,I,R046-ZN02,E-Franklin D. Roosevelt Boardwalk and Beach-South Beach Zone 2,595,50,122,10305
R046-DF0082,Activated,A,1,TRUE,FALSE,Near Ballfield,TRUE,R046,Franklin D. Roosevelt Boardwalk and Beach,R046-ZN02,South Beach Zone 2,R-02B,R,"100,038,945",DRINKFTN,I,R046-ZN02,A-Franklin D. Roosevelt Boardwalk and Beach-South Beach Zone 2,595,50,122,10305
R046-DF0083,Activated,C,1,FALSE,TRUE,In Playground,TRUE,R046,Franklin D. Roosevelt Boardwalk and Beach,R046-05,Playland,R-02B,R,"100,038,968",DRINKFTN,I,R046-05,C-Franklin D. Roosevelt Boardwalk and Beach-Playland,595,50,122,10305
R046-DF0084,Activated,B,1,FALSE,FALSE,In Playground,TRUE,R046,Franklin D. Roosevelt Boardwalk and Beach,R046-05,Playland,R-02B,R,"100,038,900",DRINKFTN,I,R046-05,B-Franklin D. Roosevelt Boardwalk and Beach-Playland,595,50,122,10305
R046-DF0085,NotYetActivated,C,1,TRUE,FALSE,Out in Open,TRUE,R046,Franklin D. Roosevelt Boardwalk and Beach,R046-ZN03,South Beach Zone 3,R-02B,R,"100,038,922",DRINKFTN,I,R046-ZN03,C-Franklin D. Roosevelt Boardwalk and Beach-South Beach Zone 3,502,50,122,
R046-DF0086,NotYetActivated,C,1,TRUE,FALSE,Out in Open,TRUE,R046,Franklin D. Roosevelt Boardwalk and Beach,R046-ZN03,South Beach Zone 3,R-02B,R,"100,038,924",DRINKFTN,I,R046-ZN03,C-Franklin D. Roosevelt Boardwalk and Beach-South Beach Zone 3,502,50,122,
R046-DF0181,Activated,E,1,,FALSE,,TRUE,R046,Franklin D. Roosevelt Boardwalk and Beach,R046-ZN03,South Beach Zone 3,R-02B,R,"100,043,444",DRINKFTN,I,R046-ZN03,E-Franklin D. Roosevelt Boardwalk and Beach-South Beach Zone 3,595,50,122,10305
R046-DF0182,Activated,Bottle Filler High Low,3,,TRUE,,TRUE,R046,Franklin D. Roosevelt Boardwalk and Beach,R046-ZN03,South Beach Zone 3,R-02B,R,"100,042,314",DRINKFTN,I,R046-ZN03,Bottle Filler High Low-FDR Boardwalk & Beach-South Beach Zone 3,595,50,122,10305
R046-DF0248,Activated,Slop Sink,1,,FALSE,Indoor,FALSE,R046,Franklin D. Roosevelt Boardwalk and Beach,R046-ZN05,Midland Beach Zone 5,R-02B,R,"100,043,711",DRINKFTN,I,R046-ZN05-BLG7571,Slop Sink-Franklin D. Roosevelt Boardwalk and Beach-Midland Beach Zone 5,595,50,122,10305
R047-DF0222,Activated,Food Prep Sink,1,,FALSE,Indoor,FALSE,R047,Willowbrook Parkway,R065-ZN07,Northwest Latourette,R-02,R,"100,043,774",DRINKFTN,I,R065-ZN07-BLG6815,Food Prep Sink-Willowbrook Parkway-Northwest Latourette,502,50,122,10314
R059-DF0178,Activated,E,1,,FALSE,,TRUE,R059,Von Briesen Park,R059,,R-01,R,"100,043,458",DRINKFTN,I,R059,E-Von Briesen Park,501,50,120,10305
R061-DF0067,UnderConstruction,CS Metal,1,FALSE,FALSE,In Playground,TRUE,R061,Stapleton Playground,R061,,R-01,R,"100,038,904",DRINKFTN,I,R061,CS Metal-Stapleton Playground,501,49,120,10304
R061-DF0068,NotYetActivated,E,1,TRUE,FALSE,In Playground,TRUE,R061,Stapleton Playground,R061,,R-01,R,"100,038,927",DRINKFTN,I,R061,E-Stapleton Playground,501,49,120,10304
R061-DF0069,NotYetActivated,A,1,FALSE,FALSE,Near Ballfield,TRUE,R061,Stapleton Playground,R061,,R-01,R,"100,038,950",DRINKFTN,I,R061,A-Stapleton Playground,501,49,120,10304
R061-DF0070,NotYetActivated,Trough High Low,2,FALSE,FALSE,Near Ballfield,TRUE,R061,Stapleton Playground,R061,,R-01,R,"100,038,975",DRINKFTN,I,R061,Trough High Low-Stapleton Playground,501,49,120,10304
R062-DF0180,Activated,CS Metal,1,,FALSE,,TRUE,R062,Arrochar Playground,R062,,R-02,R,"100,043,481",DRINKFTN,I,R062,CS Metal-Arrochar Playground,502,50,122,10305
R063-DF0096,NotYetActivated,A,1,TRUE,FALSE,Near Ballfield,TRUE,R063,Old Town Playground,R063,,R-02,R,"100,038,914",DRINKFTN,I,R063,A-Old Town Playground,502,50,122,10305
R063-DF0097,Activated,D,1,FALSE,FALSE,In Playground,TRUE,R063,Old Town Playground,R063,,R-02,R,"100,038,961",DRINKFTN,I,R063,D-Old Town Playground,502,50,122,10305
R063-DF0183,NotYetActivated,A,1,,FALSE,,TRUE,R063,Old Town Playground,R063,,R-02,R,"100,043,466",DRINKFTN,I,R063,A-Old Town Playground,502,50,122,10305
R063-DF0215,Activated,Bathroom Sink,1,,FALSE,Indoor,FALSE,R063,Old Town Playground,R063,,R-02,R,"100,043,436",DRINKFTN,I,R063-BLG1304,Bathroom Sink-Old Town Playground-OLD TOWN SCHOOL,502,50,122,10305
R063-DF0216,Activated,Bathroom Sink,1,,FALSE,Indoor,FALSE,R063,Old Town Playground,R063,,R-02,R,"100,043,450",DRINKFTN,I,R063-BLG1304,Bathroom Sink-Old Town Playground-OLD TOWN SCHOOL,502,50,122,10305
R064-DF0089,NotYetActivated,A,1,TRUE,TRUE,In Shade,TRUE,R064,Christopher J. Igneri Playground,R064,,R-02,R,"100,038,915",DRINKFTN,I,R064,A-Christopher J. Igneri Playground-Comfort Station,502,49,122,10314
R065-DF0087,Activated,C,1,FALSE,FALSE,Just Outside Playground,TRUE,R065,Richmond Parkway,R065-02,Woodhull Playground,R-02,R,"100,038,899",DRINKFTN,I,R065-02,C-Richmond Parkway-Woodhull Playground,503,51,123,10309
R066-DF0101,Broken,A,1,FALSE,FALSE,Out in Open,TRUE,R066,North Shore Esplanade,R066,,R-01,R,"100,039,114",DRINKFTN,I,R066,A-North Shore Esplanade,501,49,120,10301
R067-DF0090,UnderConstruction,A,1,TRUE,FALSE,Near Ballfield,TRUE,R067,Gen. Douglas MacArthur Park,R067,,R-02,R,"100,038,992",DRINKFTN,I,R067,A-Gen. Douglas MacArthur Park,502,50,122,10304
R067-DF0091,UnderConstruction,A,1,TRUE,FALSE,Near Ballfield,TRUE,R067,Gen. Douglas MacArthur Park,R067,,R-02,R,"100,038,917",DRINKFTN,I,R067,A-Gen. Douglas MacArthur Park,502,50,122,10304
R067-DF0092,UnderConstruction,A,1,TRUE,FALSE,In Playground,TRUE,R067,Gen. Douglas MacArthur Park,R067,,R-02,R,"100,038,913",DRINKFTN,I,R067,A-Gen. Douglas MacArthur Park,502,50,122,10304
R067-DF0094,Activated,A,1,TRUE,FALSE,In Playground,TRUE,R067,Gen. Douglas MacArthur Park,R067,,R-02,R,"100,038,960",DRINKFTN,I,R067,A-Gen. Douglas MacArthur Park,502,50,122,10304
R069-DF0109,Activated,D,1,FALSE,FALSE,Out in Open in school yard,TRUE,R069,Terrace Playground,R069,,R-01,R,"100,039,108",DRINKFTN,I,R069,D-Terrace Playground,501,49,120,10301
R069-DF0110,Broken,D,1,FALSE,FALSE,Out in Open,TRUE,R069,Terrace Playground,R069,,R-01,R,"100,039,136",DRINKFTN,I,R069,D-Terrace Playground,501,49,120,10301
R069-DF0111,Broken,CS Concrete,1,TRUE,FALSE,In Playground,TRUE,R069,Terrace Playground,R069,,R-01,R,"100,039,186",DRINKFTN,I,R069,CS Metal-Terrace Playground,501,49,120,10301
R071-DF0009,Activated,A,1,TRUE,FALSE,In Playground,TRUE,R071,Great Kills Veterans Playground,R071,,R-03,R,"100,038,317",DRINKFTN,I,R071,A-Great Kills Veterans Playground,503,51,122,10308
R071-DF0179,Activated,A,1,,FALSE,,TRUE,R071,Great Kills Veterans Playground,R071,,R-03,R,"100,043,465",DRINKFTN,I,R071,A-Great Kills Veterans Playground,503,51,122,10308
R072-DF0001,Activated,A,1,TRUE,FALSE,Near Ballfield,TRUE,R072,Clawson Playground,R072,,R-03,R,"100,037,738",DRINKFTN,I,R072,A-Clawson Playground,503,50,122,10306
R073-DF0098,Activated,A,1,TRUE,FALSE,Just Outside Playground,TRUE,R073,Naples Playground,R073,,R-02,R,"100,038,936",DRINKFTN,I,R073,A-Naples Playground,502,50,122,10304
R075A-DF0023,Activated,D,1,FALSE,FALSE,Near Ballfield,TRUE,R075A,Father Macris Park,R075A,,R-02,R,"100,038,859",DRINKFTN,I,R075A,D-Father Macris Park,502,50,121,10314
R076-DF0158,Activated,C,1,TRUE,FALSE,In Playground,TRUE,R076,Markham Playground,R076,,R-01,R,"100,039,307",DRINKFTN,I,R076,C-Markham Playground,501,50,121,10302
R076-DF0159,Activated,A,1,TRUE,FALSE,In Playground,TRUE,R076,Markham Playground,R076,,R-01,R,"100,039,374",DRINKFTN,I,R076,A-Markham Playground,501,50,121,10302
R076-DF0160,Activated,A,1,TRUE,FALSE,Near Ballfield,TRUE,R076,Markham Playground,R076,,R-01,R,"100,039,337",DRINKFTN,I,R076,A-Markham Playground,501,50,121,10302
R076-DF0161,Activated,A,1,TRUE,TRUE,Out in Open,TRUE,R076,Markham Playground,R076,,R-01,R,"100,039,323",DRINKFTN,I,R076,A-Markham Playground,501,50,121,10302
R076-DF0162,Activated,A,1,TRUE,FALSE,Under Tree,TRUE,R076,Markham Playground,R076,,R-01,R,"100,039,355",DRINKFTN,I,R076,A-Markham Playground,501,50,121,10302
R078-DF0125,Activated,A,1,TRUE,FALSE,Near Ballfield,TRUE,R078,Northerleigh Park,R078,,R-01,R,"100,039,098",DRINKFTN,I,R078,A-Northerleigh Park,501,49,121,10302
R079-DF0088,Activated,D,1,TRUE,FALSE,Out in Open,TRUE,R079,Lemon Creek Park,R079,,R-03,R,"100,038,916",DRINKFTN,I,R079,D-Lemon Creek Park,503,51,123,10309
R080-DF0133,Activated,A,1,TRUE,FALSE,Out in Open,TRUE,R080,Annadale Green,R080,,R-03,R,"100,039,229",DRINKFTN,I,R080,A-Annadale Green,503,51,123,10312
R085-DF0007,NotYetActivated,A,1,FALSE,FALSE,In Playground,TRUE,R085,E.M.T. Christopher J. Prescott Playground,R085,,R-03,R,"100,037,936",DRINKFTN,I,R085,A-E.M.T. Christopher J. Prescott Playground,503,51,123,10312
R086-DF0105,Activated,B,1,TRUE,FALSE,Under Tree,TRUE,R086,Davis Playground,R086,,R-01,R,"100,039,156",DRINKFTN,I,R086,B-Davis Playground,501,49,120,10301
R086-DF0106,Activated,C,1,FALSE,FALSE,In Playground,TRUE,R086,Davis Playground,R086,,R-01,R,"100,039,187",DRINKFTN,I,R086,C-Davis Playground,501,49,120,10301
R086-DF0107,Activated,C,1,FALSE,FALSE,In Playground,TRUE,R086,Davis Playground,R086,,R-01,R,"100,039,182",DRINKFTN,I,R086,C-Davis Playground,501,49,120,10301
R087-DF0095,Activated,A,1,TRUE,FALSE,In Playground,TRUE,R087,Dongan Playground,R087,,R-02,R,"100,038,990",DRINKFTN,I,R087,A-Dongan Playground,502,50,122,10305
R088-DF0217,Activated,Water Cooler,1,,FALSE,Indoor,FALSE,R088,High Rock Park,R065-ZN03,High Rock Park,R-02,R,"100,043,593",DRINKFTN,I,R065-ZN03-BLG1323,Water Cooler-High Rock Park-The High Rock Nature Center,502,50,122,10306
R088-DF0218,Activated,Food Prep Sink,1,,FALSE,Indoor,FALSE,R088,High Rock Park,R065-ZN03,High Rock Park,R-02,R,"100,043,644",DRINKFTN,I,R065-ZN03-BLG1323,Food Prep Sink-High Rock Park-The High Rock Nature Center,502,50,122,10306
R088-DF0219,Activated,Food Prep Sink,1,,FALSE,Indoor,FALSE,R088,High Rock Park,R065-ZN03,High Rock Park,R-02,R,"100,043,476",DRINKFTN,I,R065-ZN03-BLG8979,Food Prep Sink-High Rock Park-Ranger Building,502,50,122,10306
R088-DF0221,Activated,Food Prep Sink,1,,FALSE,Indoor,FALSE,R088,High Rock Park,R065-ZN03,High Rock Park,R-02,R,"100,043,628",DRINKFTN,I,R065-ZN03-BLG1325,Food Prep Sink-High Rock Park-EDUCATION BUILDING,502,50,122,10314
R088-DF0238,Activated,Food Prep Sink,1,,FALSE,Indoor,FALSE,R088,High Rock Park,R065-ZN03,High Rock Park,R-02,R,"100,043,448",DRINKFTN,I,R088-ZN03-BLG3377,Food Prep Sink-High Rock Park-Altamont House,502,50,122,10306
R088-DF0252,Activated,Food Prep Sink,1,,FALSE,Indoor,FALSE,R088,High Rock Park,R065-ZN03,High Rock Park,R-02,R,"100,042,456",DRINKFTN,I,R065-ZN03-BLG1323,Food Prep Sink-High Rock Park-The High Rock Nature Center,502,50,122,10306
,Activated,Bottle Filler Fountain,,,FALSE,,TRUE,,,,,Q-14,Q,,DRINKFTN,,,,,,,
R088-DF0253,Activated,Water Cooler,1,,FALSE,Indoor,FALSE,R088,High Rock Park,R065-ZN03,High Rock Park,R-02,R,"100,042,439",DRINKFTN,I,R065-ZN03-BLG8979,Water Cooler-High Rock Park-High Rock Park Building,502,50,122,10306
R089-DF0002,NotYetActivated,A,1,TRUE,TRUE,Out in Open,TRUE,R089,Greencroft Playground,R089,,R-03,R,"100,037,695",DRINKFTN,I,R089,A-Greencroft Playground,503,51,122,10308
R089-DF0003,UnderConstruction,A,1,TRUE,FALSE,Near Ballfield,TRUE,R089,Greencroft Playground,R089,,R-03,R,"100,037,718",DRINKFTN,I,R089,A-Greencroft Playground,503,51,122,10308
R090-DF0014,Activated,C,1,FALSE,FALSE,In Playground,TRUE,R090,Lieutenant John H. Martinson Playground,R090,,R-03,R,"100,038,798",DRINKFTN,I,R090,C-Lieutenant John H. Martinson Playground,503,51,123,10312
R090-DF0015,Activated,C,1,FALSE,TRUE,Near Ballfield,TRUE,R090,Lieutenant John H. Martinson Playground,R090,,R-03,R,"100,038,836",DRINKFTN,I,R090,C-Lieutenant John H. Martinson Playground,503,51,123,10312
R090-DF0016,Activated,C,1,FALSE,FALSE,In Playground,TRUE,R090,Lieutenant John H. Martinson Playground,R090,,R-03,R,"100,038,861",DRINKFTN,I,R090,C-Lieutenant John H. Martinson Playground,503,51,123,10312
R105-DF0127,Broken,C,1,FALSE,FALSE,Near Ballfield,TRUE,R105,Prall Playground,R105,,R-01,R,"100,039,288",DRINKFTN,I,R105,C-Prall Playground,501,49,120,10310
R105-DF0128,Broken,A,1,TRUE,TRUE,Near Ballfield,TRUE,R105,Prall Playground,R105,,R-01,R,"100,039,214",DRINKFTN,I,R105,A-Prall Playground,501,49,120,10310
R105-DF0129,Broken,C,1,FALSE,FALSE,Near Ballfield,TRUE,R105,Prall Playground,R105,,R-01,R,"100,039,239",DRINKFTN,I,R105,C-Prall Playground,501,49,120,10310
R106-DF0134,Activated,D,1,FALSE,FALSE,Out in Open,TRUE,R106,Bloomingdale Park,R106-01,Bloomingdale Playground,R-03,R,"100,039,280",DRINKFTN,I,R106-01,D-Bloomingdale Park-Bloomingdale Playground,503,51,123,10309
R106-DF0135,Activated,D,1,TRUE,FALSE,Near Ballfield,TRUE,R106,Bloomingdale Park,R106-ZN03,Bloomingdale Park Zone 3,R-03,R,"100,039,204",DRINKFTN,I,R106-ZN03,D-Bloomingdale Park-Bloomingdale Park Zone 3,503,51,123,10309
R106-DF0136,NotYetActivated,D,1,TRUE,FALSE,Near Ballfield,TRUE,R106,Bloomingdale Park,R106-ZN03,Bloomingdale Park Zone 3,R-03,R,"100,039,199",DRINKFTN,I,R106-ZN03,D-Bloomingdale Park-Bloomingdale Park Zone 3,503,51,123,10309
R106-DF0137,NotYetActivated,D,1,FALSE,FALSE,Near Ballfield,TRUE,R106,Bloomingdale Park,R106-ZN03,Bloomingdale Park Zone 3,R-03,R,"100,039,200",DRINKFTN,I,R106-ZN03,D-Bloomingdale Park-Bloomingdale Park Zone 3,503,51,123,10309
R106-DF0138,NotYetActivated,D,1,TRUE,FALSE,Near Ballfield,TRUE,R106,Bloomingdale Park,R106-ZN03,Bloomingdale Park Zone 3,R-03,R,"100,039,195",DRINKFTN,I,R106-ZN03,D-Bloomingdale Park-Bloomingdale Park Zone 3,503,51,123,10309
R106-DF0139,NotYetActivated,D,1,TRUE,FALSE,Near Ballfield,TRUE,R106,Bloomingdale Park,R106-ZN03,Bloomingdale Park Zone 3,R-03,R,"100,039,197",DRINKFTN,I,R106-ZN03,D-Bloomingdale Park-Bloomingdale Park Zone 3,503,51,123,10309
R106-DF0140,Activated,D,1,TRUE,FALSE,Near Ballfield,TRUE,R106,Bloomingdale Park,R106-ZN03,Bloomingdale Park Zone 3,R-03,R,"100,039,225",DRINKFTN,I,R106-ZN03,D-Bloomingdale Park-Bloomingdale Park Zone 3,503,51,123,10309
R106-DF0141,Activated,D,1,FALSE,FALSE,In Playground,TRUE,R106,Bloomingdale Park,R106-01,Bloomingdale Playground,R-03,R,"100,039,262",DRINKFTN,I,R106-01,D-Bloomingdale Park-Bloomingdale Playground,503,51,123,10309
R106-DF0188,Activated,D,1,,FALSE,,TRUE,R106,Bloomingdale Park,R106-01,Bloomingdale Playground,R-03,R,"100,043,452",DRINKFTN,I,R106-01,D-Bloomingdale Park-Bloomingdale Playground,503,51,123,10309
R109-DF0123,Activated,A,1,TRUE,FALSE,Near Ballfield,TRUE,R109,CPL. Thompson Park,R109,,R-01,R,"100,039,129",DRINKFTN,I,R109,A-CPL. Thompson Park,501,49,120,10310
R109-DF0124,Activated,D,1,FALSE,FALSE,Near Ballfield,TRUE,R109,CPL. Thompson Park,R109,,R-01,R,"100,039,181",DRINKFTN,I,R109,D-CPL. Thompson Park,501,49,120,10310
R109-DF0250,Activated,Water Cooler,1,,TRUE,Indoor,FALSE,R109,CPL. Thompson Park,R109,,R-01,R,"100,043,710",DRINKFTN,I,R109-BLG1295,Water Cooler-CPL. Thompson Park-Comfort Station,501,49,120,10310
R109-DF0259,Activated,Indoor Drinking Fountain,1,,FALSE,Indoor,FALSE,R109,CPL. Thompson Park,R109,,R-01,R,"100,043,714",DRINKFTN,I,R109-BLG1295,Indoor Drinking Fountain-CPL. Thompson Park-Comfort Station,501,49,120,10310
R109-DF0260,Activated,Indoor Drinking Fountain,1,,TRUE,Indoor,FALSE,R109,CPL. Thompson Park,R109,,R-01,R,"100,043,713",DRINKFTN,I,R109-BLG1295,Indoor Drinking Fountain-CPL. Thompson Park-Comfort Station,501,49,120,10310
R110-DF0251,Activated,Water Cooler,1,,FALSE,Indoor,FALSE,R110,Tottenville Pool,R110,,R-03,R,"100,043,637",DRINKFTN,I,R110-BLG1367,Water Cooler-Tottenville Pool-JOLINE POOL,503,51,123,10307
R110-DF0261,Activated,Food Prep Sink,1,,FALSE,Indoor,FALSE,R110,Tottenville Pool,R110,,R-03,R,"100,043,640",DRINKFTN,I,R110-BLG1367,Food Prep Sink-Tottenville Pool-JOLINE POOL,503,51,123,10307
R110-DF0263,Activated,Food Prep Sink,1,,FALSE,Indoor,FALSE,R110,Tottenville Pool,R110,,R-03,R,"100,043,643",DRINKFTN,I,R110-BLG1367,Food Prep Sink-Tottenville Pool-JOLINE POOL,503,51,123,10307
R110-DF0264,Activated,Indoor Drinking Fountain,1,,FALSE,Indoor,FALSE,R110,Tottenville Pool,R110,,R-03,R,"100,043,622",DRINKFTN,I,R110-BLG1367,Indoor Drinking Fountain-Tottenville Pool-JOLINE POOL,503,51,123,10307
R110-DF0265,Activated,Indoor Drinking Fountain,1,,FALSE,Indoor,FALSE,R110,Tottenville Pool,R110,,R-03,R,"100,043,625",DRINKFTN,I,R110-BLG1367,Indoor Drinking Fountain-Tottenville Pool-JOLINE POOL,503,51,123,10307
,Activated,Bottle Filler Fountain,,,FALSE,,TRUE,,,,,Q-14,Q,,DRINKFTN,,,,,,,
R111-DF0100,Activated,CS Concrete,1,FALSE,FALSE,In Playground,TRUE,R111,Lt. Lia Playground,R111,,R-01,R,"100,039,190",DRINKFTN,I,R111,CS Concrete-Lt. Lia Playground,501,49,120,10301
R114-DF0112,NotYetActivated,C,1,FALSE,TRUE,Under Tree,TRUE,R114,Jennifer's Playground,R114,,R-01,R,"100,039,137",DRINKFTN,I,R114,C-Jennifer's Playground,501,49,121,10314
R114-DF0113,Activated,C,1,FALSE,FALSE,Under Tree,TRUE,R114,Jennifer's Playground,R114,,R-01,R,"100,039,178",DRINKFTN,I,R114,C-Jennifer's Playground,501,49,121,10314
R114-DF0114,Activated,C,1,TRUE,FALSE,Out in Open,TRUE,R114,Jennifer's Playground,R114,,R-01,R,"100,039,105",DRINKFTN,I,R114,C-Jennifer's Playground,501,49,121,10314
R114-DF0115,Activated,C,1,FALSE,FALSE,Out in Open,TRUE,R114,Jennifer's Playground,R114,,R-01,R,"100,039,132",DRINKFTN,I,R114,C-Jennifer's Playground,501,49,121,10314
R114-DF0223,Activated,Indoor Drinking Fountain,1,,TRUE,Indoor,FALSE,R114,Jennifer's Playground,R114,,R-01,R,"100,043,462",DRINKFTN,I,R114-BLG1300,Indoor Drinking Fountain-Jennifer's Playground-Graniteville Field House,501,49,121,10314
R117-DF0224,Activated,Food Prep Sink,1,,FALSE,Indoor,FALSE,R117,Alice Austen Park,R117,,R-01,R,"100,043,474",DRINKFTN,I,R117-BLG1275,Food Prep Sink-Alice Austen Park-Alice Austen House Museum,501,49,120,10305
R117-DF0225,Activated,Food Prep Sink,1,,FALSE,Indoor,FALSE,R117,Alice Austen Park,R117,,R-01,R,"100,043,453",DRINKFTN,I,R117-BLG1275,Food Prep Sink-Alice Austen Park-Alice Austen House Museum,501,49,120,10305
R119-DF0226,Activated,Bottle Filler Fountain,2,,FALSE,Indoor,FALSE,R119,Blue Heron Park,R119-ZN01,Blue Heron Park Zone 1,R-03,R,"100,043,435",DRINKFTN,I,R119-ZN01-BLG3519,Bottle Filler Fountain-Blue Heron Park-Nature Center,503,51,123,10312
R119-DF0227,Activated,Food Prep Sink,1,,FALSE,Indoor,FALSE,R119,Blue Heron Park,R119,,R-03,R,"100,043,599",DRINKFTN,I,R119-BLG9801,Food Prep Sink-Blue Heron Park-BROUGHAM COTTAGE,503,51,123,10312
R123-DF0104,Activated,D,1,FALSE,FALSE,Under Tree,TRUE,R123,Skyline Playground,R123,,R-01,R,"100,039,151",DRINKFTN,I,R123,D-Skyline Playground,501,49,120,10301
R125-DF0073,Activated,H,1,TRUE,FALSE,In Playground,TRUE,R125,Lopez Playground,R125,,R-01,R,"100,038,901",DRINKFTN,I,R125,H-Lopez Playground,501,49,120,10304
R125-DF0074,UnderConstruction,H,1,TRUE,TRUE,In Shade,TRUE,R125,Lopez Playground,R125,,R-01,R,"100,038,923",DRINKFTN,I,R125,H-Lopez Playground,501,49,120,10304
R129-DF0220,Activated,Food Prep Sink,1,,FALSE,Indoor,FALSE,R129,Blood Root Valley,R065-ZN04,Blood Root Valley,R-02,R,"100,043,715",DRINKFTN,I,R065-ZN04-BLG4938,Food Prep Sink-Blood Root Valley-411 ROCKLAND AVENUE,502,50,122,10314
R129-DF0228,Activated,Indoor Drinking Fountain,1,,FALSE,Indoor,FALSE,R129,Blood Root Valley,R129,,R-02,R,"100,043,455",DRINKFTN,I,R129-BLG1333,Indoor Fountain-Blood Root Valley-Greenbelt Recreation Center,502,50,121,10314
R129-DF0229,Activated,Indoor Drinking Fountain,1,,FALSE,Indoor,FALSE,R129,Blood Root Valley,R129,,R-02,R,"100,043,437",DRINKFTN,I,R129-BLG1333,Indoor Fountain-Blood Root Valley-Greenbelt Recreation Center,502,50,121,10314
R129-DF0230,Activated,Indoor Drinking Fountain,1,,FALSE,Indoor,FALSE,R129,Blood Root Valley,R129,,R-02,R,"100,043,468",DRINKFTN,I,R129-BLG1333,Indoor Drinking Fountain-Blood Root Valley-Greenbelt Recreation Center,502,50,121,10314
R129-DF0257,Activated,Food Prep Sink,1,,TRUE,Indoor,FALSE,R129,Blood Root Valley,R129,,R-02,R,"100,043,443",DRINKFTN,I,R129-BLG1333,Food Prep Sink-Blood Root Valley-Greenbelt Recreation Center,502,50,121,10314
R145-DF0013,Activated,E High Low,2,FALSE,FALSE,Out in Open,TRUE,R145,Seaside Wildlife Nature Park,R145,,R-03,R,"100,038,496",DRINKFTN,I,R145,E High Low-Seaside Wildlife Nature Park,503,51,122,10308
R149-DF0231,Activated,Indoor Drinking Fountain,1,,FALSE,Indoor,FALSE,R149,Ocean Breeze Park,R149,,R-02B,R,"100,043,457",DRINKFTN,I,R149-BLG0001,Indoor Drinking Fountain-Ocean Breeze Athletic Complex,502,50,122,10305
R149-DF0232,Activated,Indoor Drinking Fountain,1,,FALSE,Indoor,FALSE,R149,Ocean Breeze Park,R149,,R-02B,R,"100,043,439",DRINKFTN,I,R149-BLG0001,Indoor Drinking Fountain-Ocean Breeze Athletic Complex,502,50,122,10305
R149-DF0233,Activated,Indoor Drinking Fountain,1,,FALSE,Indoor,FALSE,R149,Ocean Breeze Park,R149,,R-02B,R,"100,043,471",DRINKFTN,I,R149-BLG0001,Indoor Drinking Fountain-Ocean Breeze Athletic Complex,502,50,122,10305
R149-DF0234,Activated,Indoor Drinking Fountain,1,,FALSE,Indoor,FALSE,R149,Ocean Breeze Park,R149,,R-02B,R,"100,043,445",DRINKFTN,I,R149-BLG0001,Indoor Drinking Fountain-Ocean Breeze Athletic Complex,502,50,122,10305
R149-DF0235,Activated,Indoor Drinking Fountain,1,,FALSE,Indoor,FALSE,R149,Ocean Breeze Park,R149,,R-02B,R,"100,043,477",DRINKFTN,I,R149-BLG0001,Indoor Drinking Fountain-Ocean Breeze Athletic Complex,502,50,122,10305
R149-DF0254,Activated,Food Prep Sink,1,,FALSE,Indoor,FALSE,R149,Ocean Breeze Park,R149,,R-02B,R,"100,042,443",DRINKFTN,I,R149-BLG0001,Food Prep Sink-Ocean Breeze Athletic Complex,502,50,122,10305
R156-DF0028,Activated,E,1,TRUE,TRUE,Out in Open,TRUE,R156,Sylvan Grove Cemetery,R156,,R-02,R,"100,038,818",DRINKFTN,I,R156,E-Sylvan Grove Cemetery,502,50,121,10314
R170-DF0066,NotYetActivated,Trough,1,FALSE,TRUE,Out in Open,TRUE,R170,Stapleton Esplanade,R170,,R-01,R,"100,038,974",DRINKFTN,I,R170,Trough-Stapleton Esplanade,501,49,120,10304
R172-DF0236,Activated,Slop Sink,1,,FALSE,Indoor,FALSE,R172,Brookfield Park,R172-ZN01,Brookfield Park Zone 1,R-03,R,"100,043,461",DRINKFTN,I,R172-BLG3984,Slop Sink-Brookfield Park-Brookfield Park-M&O Building,503,51,121,10308
,Activated,Bottle Filler Fountain,,,FALSE,,TRUE,,,,,Q-14,Q,,DRINKFTN,,,,,,,
R172-DF0237,Activated,Water Cooler,1,,FALSE,Indoor,FALSE,R172,Brookfield Park,R172-ZN01,Brookfield Park Zone 1,R-03,R,"100,043,441",DRINKFTN,I,R172-BLG3984,Water Cooler-Brookfield Park-Brookfield Park-M&O Building,503,51,121,10308
X001A-DF0365,Activated,C,1,FALSE,FALSE,"Under Tree, In Playground",TRUE,X001A,Aqueduct Walk,X001-01,Aqueduct Lands Plgd,X-05,X,"100,039,285",DRINKFTN,I,X001-01,C-Aqueduct Walk-Aqueduct Lands Plgd,205,14,46,10453
X001A-DF0366,Activated,C,1,TRUE,FALSE,"Under Tree, Just Outside Playground",TRUE,X001A,Aqueduct Walk,X001-01,Aqueduct Lands Plgd,X-05,X,"100,039,222",DRINKFTN,I,X001-01,C-Aqueduct Walk-Aqueduct Lands Plgd,205,14,46,10453
X001A-DF0367,Activated,D,1,FALSE,FALSE,"Under Tree, In Playground",TRUE,X001A,Aqueduct Walk,X001A-01,Morton Plgd,X-05,X,"100,039,273",DRINKFTN,I,X001A-01,D-Aqueduct Walk-Morton Plgd,205,14,46,10453
X001A-DF0501,Activated,Trough,1,,FALSE,,TRUE,X001A,Aqueduct Walk,X001-ZN02,Aqueduct Walk Zone 2,X-05,X,"100,043,459",DRINKFTN,I,X001-ZN02,Trough-Aqueduct Walk-Aqueduct Walk Zone 2,205,14,46,10453
X002-DF0001,Activated,C,1,,FALSE,Under Tree,TRUE,X002,Bronx Park,X002-ZN01,Bronx Park Zone 1,X-06,X,"100,037,629",DRINKFTN,I,X002-ZN01,C-Bronx Park-Bronx Park Zone 1,227,15,49,10462
X002-DF0069,Activated,A,1,FALSE,TRUE,Near Ballfield,TRUE,X002,Bronx Park,X002-ZN02,Bronx Park Zone 2,X-06,X,"100,037,920",DRINKFTN,I,X002-ZN02,A-Bronx Park-Bronx Park Zone 2,227,15,49,10467
X002-DF0070,Activated,A,1,FALSE,FALSE,Out in Open,TRUE,X002,Bronx Park,X002-ZN02,Bronx Park Zone 2,X-06,X,"100,037,961",DRINKFTN,I,X002-ZN02,A-Bronx Park-Bronx Park Zone 2,227,15,49,10467
X002-DF0071,Activated,CS Metal,1,FALSE,FALSE,In Playground,TRUE,X002,Bronx Park,X002-05A,Waring Plgd,X-06,X,"100,037,984",DRINKFTN,I,X002-05A,CS Metal-Bronx Park-Waring Plgd,227,15,49,10467
X002-DF0072,Activated,A,1,TRUE,FALSE,Under Tree,TRUE,X002,Bronx Park,X002-05A,Waring Plgd,X-06,X,"100,037,906",DRINKFTN,I,X002-05A,A-Bronx Park-Waring Plgd,227,15,49,10467
X002-DF0073,Activated,A,1,FALSE,FALSE,In Playground,TRUE,X002,Bronx Park,X002-08,French Charley Plgd,X-06,X,"100,037,979",DRINKFTN,I,X002-08,A-Bronx Park-French Charley Plgd,227,11,52,10467
X002-DF0074,Activated,A,1,FALSE,FALSE,Near Ballfield,TRUE,X002,Bronx Park,X002-ZN04,Allerton Fields In Bronx Park,X-06,X,"100,037,975",DRINKFTN,I,X002-ZN04,A-Bronx Park-Allerton Fields In Bronx Park,227,11,52,10467
X002-DF0241,Activated,A,1,FALSE,TRUE,In Playground,TRUE,X002,Bronx Park,X002-04,Ben Abrams Playground,X-06,X,"100,038,740",DRINKFTN,I,X002-04,A-Bronx Park-Ben Abrams Playground,227,15,49,10462
X002-DF0242,NotYetActivated,C,1,FALSE,FALSE,Near Ballfield,TRUE,X002,Bronx Park,X002-ZN01,Bronx Park Zone 1,X-06,X,"100,038,703",DRINKFTN,I,X002-ZN01,C-Bronx Park-Bronx Park Zone 1,227,15,49,10462
X002-DF0243,Activated,C,1,FALSE,FALSE,Near Ballfield,TRUE,X002,Bronx Park,X002-ZN01,Bronx Park Zone 1,X-06,X,"100,038,731",DRINKFTN,I,X002-ZN01,C-Bronx Park-Bronx Park Zone 1,227,15,49,10462
X002-DF0244,Activated,C,1,FALSE,FALSE,Near Ballfield,TRUE,X002,Bronx Park,X002-ZN01,Bronx Park Zone 1,X-06,X,"100,038,739",DRINKFTN,I,X002-ZN01,C-Bronx Park-Bronx Park Zone 1,227,15,49,10462
X002-DF0245,Activated,CS Metal,1,FALSE,FALSE,In Playground,TRUE,X002,Bronx Park,X002-05,Brady Plgd,X-06,X,"100,038,761",DRINKFTN,I,X002-05,CS Metal-Bronx Park-Brady Plgd,227,15,49,10462
X002-DF0353,Activated,C,1,FALSE,FALSE,"Out in Open, In Playground",TRUE,X002,Bronx Park,X002-07,River Park,X-06,X,"100,039,164",DRINKFTN,I,X002-07,C-Bronx Park-River Park,206,15,48,10462
X002-DF0354,Activated,C,1,FALSE,FALSE,"Out in Open, Just Outside Playground",TRUE,X002,Bronx Park,X002-07,River Park,X-06,X,"100,039,189",DRINKFTN,I,X002-07,C-Bronx Park-River Park,227,15,52,10462
X002-DF0508,Activated,Indoor Drinking Fountain,1,,FALSE,Indoor,FALSE,X002,Bronx Park,X002,,X-06,X,"100,043,449",DRINKFTN,I,X002-BLG0001,Indoor Drinking Fountain-Bronx Park-Ranaqua,227,15,49,10462
X002-DF0509,Activated,Food Prep Sink,1,,FALSE,Indoor,FALSE,X002,Bronx Park,X002,,X-06,X,"100,043,534",DRINKFTN,I,X002-BLG0001,Food Prep Sink-Bronx Park-Ranaqua,227,15,49,10462
X002-DF0510,Activated,Indoor Drinking Fountain,1,,FALSE,Indoor,FALSE,X002,Bronx Park,X002,,X-06,X,"100,043,514",DRINKFTN,I,X002-BLG0001,Indoor Drinking Fountain-Bronx Park-Ranaqua,227,15,49,10462
X002-DF0511,Activated,Indoor Drinking Fountain,1,,FALSE,Indoor,FALSE,X002,Bronx Park,X002,,X-06,X,"100,043,493",DRINKFTN,I,X002-BLG0001,Indoor Drinking Fountain-Bronx Park-Ranaqua,227,15,49,10462
X002-DF0512,Activated,Indoor Drinking Fountain,1,,FALSE,Indoor,FALSE,X002,Bronx Park,X002,,X-06,X,"100,043,523",DRINKFTN,I,X002-BLG0001,Indoor Drinking Fountain-Bronx Park-Ranaqua,227,15,49,10462
X002-DF0513,Activated,Food Prep Sink,1,,FALSE,Indoor,FALSE,X002,Bronx Park,X002,,X-06,X,"100,043,500",DRINKFTN,I,X002-BLG0001,Food Prep Sink-Bronx Park-Ranaqua,227,15,49,10462
X002-DF0514,Activated,Indoor Drinking Fountain,1,,FALSE,Indoor,FALSE,X002,Bronx Park,X002,,X-06,X,"100,043,530",DRINKFTN,I,X002-BLG0001,Indoor Drinking Fountain-Bronx Park-Ranaqua,227,15,49,10462
X002-DF0515,Activated,Slop Sink,1,,FALSE,Indoor,FALSE,X002,Bronx Park,X002,,X-06,X,"100,043,488",DRINKFTN,I,X002-BLG0001,Slop Sink-Bronx Park-Ranaqua,227,15,49,10462
X002-DF0516,Activated,Indoor Drinking Fountain,1,,FALSE,Indoor,FALSE,X002,Bronx Park,X002,,X-06,X,"100,043,518",DRINKFTN,I,X002-BLG0001,Indoor Drinking Fountain-Bronx Park-Ranaqua,227,15,49,10462
X002-DF0545,Activated,Indoor Drinking Fountain,1,,FALSE,Indoor,FALSE,X002,Bronx Park,X002,,X-11,X,"100,043,592",DRINKFTN,I,X002-BLG0916,Indoor Drinking Fountain-Bronx Park-GARAGE,227,15,49,10462
,Activated,Bottle Filler Fountain,,,FALSE,,TRUE,,,,,Q-14,Q,,DRINKFTN,,,,,,,
X004-DF0075,Activated,C,1,,FALSE,In Playground,TRUE,X004,Bronx River Parkway,X002-14,Rosewood Playground,X-09,X,"100,037,916",DRINKFTN,I,X002-14,C-Bronx River Parkway-Rosewood Playground,212,15,47,10467
X004-DF0076,Activated,CS Metal,1,,FALSE,In Playground,TRUE,X004,Bronx River Parkway,X002-14,Rosewood Playground,X-09,X,"100,037,943",DRINKFTN,I,X002-14,CS Metal-Bronx River Parkway-Rosewood Playground,212,15,47,10467
X004-DF0077,Activated,B,1,FALSE,FALSE,In Playground,TRUE,X004,Bronx River Parkway,X004-02,Olinville Playground,X-09,X,"100,037,904",DRINKFTN,I,X004-02,B-Bronx River Parkway-Olinville Playground,212,12,47,10467
X004-DF0078,Activated,D,1,FALSE,FALSE,In Playground,TRUE,X004,Bronx River Parkway,X004-02,Olinville Playground,X-09,X,"100,037,927",DRINKFTN,I,X004-02,D-Bronx River Parkway-Olinville Playground,212,12,47,10467
X004-DF0079,Activated,CS Metal,1,,FALSE,Just Outside Playground,TRUE,X004,Bronx River Parkway,X004-02,Olinville Playground,X-09,X,"100,037,976",DRINKFTN,I,X004-02,CS Metal-Bronx River Parkway-Olinville Playground,212,12,47,10467
X004-DF0080,Activated,D,1,FALSE,FALSE,In Playground,TRUE,X004,Bronx River Parkway,X004-01,227th Street Playground,X-09,X,"100,037,898",DRINKFTN,I,X004-01,D-Bronx River Parkway-227th Street Playground,212,12,47,10467
X004-DF0125,Activated,A,1,TRUE,FALSE,"In Shade, In Playground",TRUE,X004,Bronx River Parkway,X004-04,Metcalf Playground,X-09,X,"100,038,176",DRINKFTN,I,X004-04,A-Bronx River Parkway-Metcalf Playground,209,18,43,10472
X004-DF0150,Activated,C,1,FALSE,FALSE,"Near Ballfield, Out in Open",TRUE,X004,Bronx River Parkway,X118-ZN01,Soundview Park Zone 1,X-09,X,"100,038,152",DRINKFTN,I,X118-ZN01,C-Bronx River Parkway-Soundview Park Zone 1,209,18,43,10473
X004-DF0151,Activated,F High Low,2,TRUE,FALSE,"In Playground, Near Ballfield",TRUE,X004,Bronx River Parkway,X004-03,Parque De Los Ninos,X-09,X,"100,038,148",DRINKFTN,I,X004-03,F High Low-Bronx River Parkway-Parque De Los Ninos,209,18,43,10472
X004-DF0153,Activated,Other,1,TRUE,FALSE,Near Ballfield,TRUE,X004,Bronx River Parkway,X004-03,Parque De Los Ninos,X-09,X,"100,038,094",DRINKFTN,I,X004-03,Other-Bronx River Parkway-Parque De Los Ninos,209,18,43,10472
X004-DF0155,Activated,Other,1,TRUE,FALSE,"Under Tree, Near Ballfield",TRUE,X004,Bronx River Parkway,X004,,X-09,X,"100,038,125",DRINKFTN,I,X004,Other-Bronx River Parkway,209,18,43,10472
X004-DF0437,Activated,C,1,,FALSE,"Out in Open, Near Ballfield",TRUE,X004,Bronx River Parkway,X118-ZN01,Soundview Park Zone 1,X-09,X,"100,040,362",DRINKFTN,I,X118-ZN01,C-Bronx River Parkway-Soundview Park Zone 1,209,18,43,10473
X005-DF0058,Activated,E,1,TRUE,TRUE,Out in Open,TRUE,X005,Bryan Park,X005,,X-07,X,"100,037,769",DRINKFTN,I,X005,E-Bryan Park,207,15,52,10458
X008-DF0060,Activated,A,1,FALSE,FALSE,"Near Ballfield, Under Tree",TRUE,X008,Claremont Park,X008-ZN02,Claremont Zone 2,X-04,X,"100,037,900",DRINKFTN,I,X008-ZN02,A-Claremont Park-Claremont Zone 2,204,16,44,10457
X008-DF0187,Activated,A,1,TRUE,FALSE,"In Shade, Under Tree, In Playground",TRUE,X008,Claremont Park,X008-01,Claremont Park,X-04,X,"100,038,255",DRINKFTN,I,X008-01,A-Claremont Park-Claremont Park,204,16,44,10457
X008-DF0392,Activated,CS Metal,1,FALSE,FALSE,Out in Open,TRUE,X008,Claremont Park,X008-ZN01,Claremont Zone 1,X-04,X,"100,039,406",DRINKFTN,I,X008-ZN01,CS Metal-Claremont Park-Claremont Zone 1,204,16,44,10457
X008-DF0546,Activated,Indoor Drinking Fountain,1,,FALSE,Indoor,FALSE,X008,Claremont Park,X008,,X-04,X,"100,043,634",DRINKFTN,I,X008-ZN03-BLG0803,Indoor Drinking Fountain-Claremont Park-CLAREMONT POOL ENT.,204,16,44,10457
X008-DF0547,Activated,Indoor Drinking Fountain,1,,FALSE,Indoor,FALSE,X008,Claremont Park,X008,,X-04,X,"100,043,590",DRINKFTN,I,X008-ZN03-BLG0804,Indoor Drinking Fountain-Claremont Park-CLAREMOUNT POOL BR LOCKER,204,16,44,10457
X008-DF0553,Activated,Indoor Drinking Fountain,1,,FALSE,Indoor,FALSE,X008,Claremont Park,X008,,X-04,X,"100,043,596",DRINKFTN,I,X008-ZN03-BLG0802,Indoor Drinking Fountain-Claremont Park-CLAREMONT POOL BR LOCKER,204,16,44,10457
X009-DF0200,Activated,B,1,FALSE,FALSE,Under Tree,TRUE,X009,Monsignor Raul Del Valle Square,X009,,X-02,X,"100,038,301",DRINKFTN,I,X009,B-Monsignor Raul Del Valle Square,202,17,41,10459
X010A-DF0212,Activated,C,1,FALSE,FALSE,"In Playground, Under Tree",TRUE,X010A,Tremont Park,X010A-02,Tremont Plgd (2),X-06,X,"100,038,356",DRINKFTN,I,X010A-02,C-Tremont Park-Tremont Plgd (2),206,15,48,10457
X010A-DF0213,Activated,C,1,FALSE,TRUE,Under Tree,TRUE,X010A,Tremont Park,X010A-01,Tremont Plgd (1),X-06,X,"100,038,392",DRINKFTN,I,X010A-01,C-Tremont Park-Tremont Plgd (1),206,15,48,10457
X010A-DF0214,Activated,C,1,FALSE,FALSE,Out in Open,TRUE,X010A,Tremont Park,X010A-02,Tremont Plgd (2),X-06,X,"100,038,370",DRINKFTN,I,X010A-02,C-Tremont Park-Tremont Plgd (2),206,15,48,10457
X010-DF0319,UnderConstruction,E,1,TRUE,TRUE,"Out in Open, In Playground",TRUE,X010,Crotona Park,X010-10,Playground Of The Stars,X-03,X,"100,039,045",DRINKFTN,I,X010-10,E-Crotona Park-Playground Of The Stars,203,17,42,10456
X010-DF0320,NotYetActivated,CS Concrete,1,FALSE,FALSE,Just Outside Playground,TRUE,X010,Crotona Park,X010-ZN07,Crotona Zone 7,X-03,X,"100,039,067",DRINKFTN,I,X010-ZN07,CS Concrete-Crotona Park-Crotona Zone 7,203,17,42,10456
X010-DF0321,UnderConstruction,C,1,FALSE,FALSE,"Out in Open, Near Ballfield",TRUE,X010,Crotona Park,X010-ZN07,Crotona Zone 7,X-03,X,"100,038,997",DRINKFTN,I,X010-ZN07,C-Crotona Park-Crotona Zone 7,203,17,42,10456
X010-DF0322,UnderConstruction,E,1,TRUE,FALSE,Out in Open,TRUE,X010,Crotona Park,X010-ZN02,Crotona Zone 2,X-03,X,"100,039,025",DRINKFTN,I,X010-ZN02,E-Crotona Park-Crotona Zone 2,203,17,42,10457
X010-DF0323,Activated,C,1,FALSE,TRUE,Out in Open,TRUE,X010,Crotona Park,X010-07,Carter Plgd (7),X-03,X,"100,039,046",DRINKFTN,I,X010-07,C-Crotona Park-Carter Plgd (7),203,17,42,10457
X010-DF0324,UnderConstruction,A,1,FALSE,FALSE,"Under Tree, In Shade",TRUE,X010,Crotona Park,X010-07,Carter Plgd (7),X-03,X,"100,039,074",DRINKFTN,I,X010-07,A-Crotona Park-Carter Plgd (7),203,17,42,10457
X010-DF0325,UnderConstruction,E and Dog,2,TRUE,FALSE,Out in Open,TRUE,X010,Crotona Park,X010-ZN01,Crotona Park Lake,X-03,X,"100,039,021",DRINKFTN,I,X010-ZN01,E and Dog-Crotona Park-Crotona Park Lake,203,17,42,10457
X010-DF0327,UnderConstruction,E and Dog,2,TRUE,FALSE,"In Shade, Under Tree",TRUE,X010,Crotona Park,X010-ZN01,Crotona Park Lake,X-03,X,"100,039,086",DRINKFTN,I,X010-ZN01,E and Dog-Crotona Park-Crotona Park Lake,203,17,42,10457
X010-DF0328,UnderConstruction,Other,1,TRUE,FALSE,Out in Open,TRUE,X010,Crotona Park,X010-ZN03,Crotona Tennis House & Courts,X-03,X,"100,039,064",DRINKFTN,I,X010-ZN03,Other-Crotona Park-Crotona Tennis House & Courts,203,17,42,10457
X010-DF0329,Activated,A,1,FALSE,FALSE,"Out in Open, In Playground",TRUE,X010,Crotona Park,X010-05,Hill & Dale Playground,X-03,X,"100,038,993",DRINKFTN,I,X010-05,A-Crotona Park-Hill & Dale Playground,203,17,42,10457
X010-DF0330,Activated,A,1,TRUE,FALSE,Out in Open,TRUE,X010,Crotona Park,X010-ZN05,Crotona Zone 5,X-03,X,"100,039,042",DRINKFTN,I,X010-ZN05,A-Crotona Park-Crotona Zone 5,203,17,42,10457
X010-DF0332,Activated,Bottle Filler High Low,3,TRUE,FALSE,Out in Open,TRUE,X010,Crotona Park,X010-ZN03,Crotona Tennis House & Courts,X-03,X,"100,039,092",DRINKFTN,I,X010-ZN03,Bottle Filler High Low-Crotona Park-Crotona Tennis House & Courts,203,17,42,10457
X010-DF0334,Activated,A,1,FALSE,FALSE,"Under Tree, Just Outside Playground",TRUE,X010,Crotona Park,X010-01,Crotona Playground (1),X-03,X,"100,039,089",DRINKFTN,I,X010-01,A-Crotona Park-Crotona Playground (1),203,17,42,10457
X010-DF0335,Activated,C,1,FALSE,FALSE,"Out in Open, Near Ballfield",TRUE,X010,Crotona Park,X010-ZN10,Crotona Zone 10,X-03,X,"100,039,061",DRINKFTN,I,X010-ZN10,C-Crotona Park-Crotona Zone 10,203,17,42,10457
X010-DF0336,Broken,A,1,FALSE,TRUE,"Out in Open, In Playground",TRUE,X010,Crotona Park,X010-12,Bathgate Playground,X-03,X,"100,039,090",DRINKFTN,I,X010-12,A-Crotona Park-Bathgate Playground,203,17,42,10457
X010-DF0338,Broken,A,1,TRUE,FALSE,Out in Open,TRUE,X010,Crotona Park,X010,,X-03,X,"100,039,015",DRINKFTN,I,X010,A-Crotona Park,203,17,42,10457
X010-DF0339,Activated,A,1,FALSE,FALSE,Out in Open,TRUE,X010,Crotona Park,X010-ZN09,Crotona Zone 9,X-03,X,"100,039,024",DRINKFTN,I,X010-ZN09,A-Crotona Park-Crotona Zone 9,203,17,42,10457
X010-DF0340,Activated,C,1,TRUE,FALSE,"Out in Open, Near Ballfield, In Shade",TRUE,X010,Crotona Park,X010-ZN09,Crotona Zone 9,X-03,X,"100,039,010",DRINKFTN,I,X010-ZN09,C-Crotona Park-Crotona Zone 9,203,17,42,10457
X010-DF0434,Activated,A,1,FALSE,FALSE,In Playground,TRUE,X010,Crotona Park,X010-12,Bathgate Playground,X-03,X,"100,040,348",DRINKFTN,I,X010-12,A-Crotona Park-Bathgate Playground,203,17,42,10457
X010-DF0445,UnderConstruction,A,1,,FALSE,Out in Open,TRUE,X010,Crotona Park,X010-ZN02,Crotona Zone 2,X-03,X,"100,040,380",DRINKFTN,I,X010-ZN02,A-Crotona Park-Crotona Zone 2,203,17,42,10457
X010-DF0504,Activated,J,1,,TRUE,Out_in_Open,TRUE,X010,Crotona Park,X010,,X-03,X,"100,043,494",DRINKFTN,I,X010,J-Crotona Park,203,17,42,10457
X010-DF0505,Activated,J,1,,TRUE,Out_in_Open,TRUE,X010,Crotona Park,X010,,X-03,X,"100,043,524",DRINKFTN,I,X010,J-Crotona Park,203,17,42,10457
X010-DF0548,Activated,Slop Sink,1,,TRUE,Indoor,FALSE,X010,Crotona Park,X010-ZN03,Crotona Tennis House & Courts,X-03,X,"100,043,485",DRINKFTN,I,X010-ZN03-BLG0786,Slop Sink-Crotona Park-CROTONA TENNIS HOUSE,203,17,42,10457
X010-DF0549,Activated,Indoor Drinking Fountain,1,,FALSE,Indoor,FALSE,X010,Crotona Park,X010-ZN03,Crotona Tennis House & Courts,X-03,X,"100,043,529",DRINKFTN,I,X010-ZN03-BLG0786,Indoor Fountain-Crotona Park-TENNIS HOUSE,203,17,42,10457
X010-DF0550,Activated,Indoor Drinking Fountain,1,,FALSE,Indoor,FALSE,X010,Crotona Park,X010-ZN03,Crotona Tennis House & Courts,X-03,X,"100,043,489",DRINKFTN,I,X010-ZN03-BLG0786,Indoor Drinking Fountain-Crotona Park-TENNIS HOUSE,203,17,42,10457
X010-DF0551,Activated,Indoor Drinking Fountain,1,,FALSE,Indoor,FALSE,X010,Crotona Park,X010,,X-03,X,"100,043,519",DRINKFTN,I,X010-ZN09-BLG0785,Indoor Drinking Fountain-Crotona Park-Community Center,203,17,42,10457
X010-DF0552,Activated,Indoor Drinking Fountain,1,,FALSE,Indoor,FALSE,X010,Crotona Park,X010,,X-03,X,"100,043,499",DRINKFTN,I,X010-ZN09-BLG0785,Indoor Drinking Fountain-Crotona Park-Community Center,203,17,42,10457
X013-DF0259,Activated,G,1,FALSE,FALSE,"Out in Open, In Playground",TRUE,X013,Devoe Park,X013-01,Devoe Park,X-05,X,"100,038,890",DRINKFTN,I,X013-01,G-Devoe Park-Devoe Park,207,14,52,10468
X013-DF0260,Activated,C,1,FALSE,FALSE,In Playground,TRUE,X013,Devoe Park,X013-02,Devoe Park,X-05,X,"100,038,863",DRINKFTN,I,X013-02,C-Devoe Park-Devoe Park,207,14,52,10468
X013-DF0385,Activated,A,1,FALSE,FALSE,Under Tree,TRUE,X013,Devoe Park,X013,,X-05,X,"100,039,438",DRINKFTN,I,X013,A-Devoe Park,207,14,52,10468
X013-DF0386,Activated,C,1,FALSE,FALSE,Out in Open,TRUE,X013,Devoe Park,X013,,X-05,X,"100,039,463",DRINKFTN,I,X013,C-Devoe Park,207,14,52,10468
X013-DF0517,Activated,Indoor Drinking Fountain,1,,FALSE,Indoor,FALSE,X013,Devoe Park,X013-01,Devoe Park,X-05,X,"100,043,501",DRINKFTN,I,X013-BLG0855,Indoor Drinking Fountain-Devoe Park-Comfort Station,207,14,52,10468
X014-DF0270,Activated,C,1,TRUE,FALSE,In Playground,TRUE,X014,Horseshoe Playground,X014,,X-02,X,"100,038,879",DRINKFTN,I,X014,C-Horseshoe Playground,202,17,41,10459
X016-DF0027,UnderConstruction,E High Low,2,FALSE,FALSE,Out in Open,TRUE,X016,Owen F. Dolen Park,X016,,X-10,X,"100,037,692",DRINKFTN,I,X016,E High Low-Owen F. Dolen Park,210,13,45,10461
X016-DF0518,Activated,Indoor Drinking Fountain,1,,FALSE,Indoor,FALSE,X016,Owen F. Dolen Park,X016,,X-10,X,"100,043,533",DRINKFTN,I,X016-BLG0910,Indoor Fountain-Owen F. Dolen Park-Recreation Center,210,13,45,10461
X016-DF0519,Activated,Indoor Drinking Fountain,1,,FALSE,Indoor,FALSE,X016,Owen F. Dolen Park,X016,,X-10,X,"100,043,515",DRINKFTN,I,X016-BLG0910,Indoor Drinking Fountain-Owen F. Dolen Park-Recreation Center,210,13,45,10461
X016-DF0520,Activated,Indoor Drinking Fountain,1,,FALSE,Indoor,FALSE,X016,Owen F. Dolen Park,X016,,X-10,X,"100,043,492",DRINKFTN,I,X016-BLG0910,Indoor Drinking Fountain-Owen F. Dolen Park-Recreation Center,210,13,45,10461
X016-DF0521,Activated,Food Prep Sink,1,,FALSE,Indoor,FALSE,X016,Owen F. Dolen Park,X016,,X-10,X,"100,043,522",DRINKFTN,I,X016-BLG0910,Food Prep Sink-Owen F. Dolen Park-Recreation Center,210,13,45,10461
X017-DF0326,UnderConstruction,CS Metal,1,FALSE,FALSE,"In Playground, Under Tree",TRUE,X017,Richman (Echo) Park,X017-02,Richman (Echo) Park Upper,X-05,X,"100,039,078",DRINKFTN,I,X017-02,CS Metal-Richman (Echo) Park-Richman (Echo) Park Upper,205,15,46,10457
X019-DF0478,Activated,E High Low,2,,FALSE,,TRUE,X019,Ewen Park,X019,,X-08,X,"100,040,431",DRINKFTN,I,X019,E High Low-Ewen Park,208,11,50,10463
X020-DF0412,Activated,E,1,TRUE,FALSE,Under Tree,TRUE,X020,Fort Independence Playground,X020,,X-08,X,"100,039,675",DRINKFTN,I,X020,E-Fort Independence Playground,208,11,50,10468
X020-DF0413,Activated,E,1,FALSE,FALSE,Under Tree,TRUE,X020,Fort Independence Playground,X020,,X-08,X,"100,039,601",DRINKFTN,I,X020,E-Fort Independence Playground,208,11,50,10463
X021-DF0318,Activated,C,1,FALSE,FALSE,"Just Outside Playground, Out in Open",TRUE,X021,Drew Playground,X021,,X-03,X,"100,039,069",DRINKFTN,I,X021,C-Drew Playground,203,16,42,10456
X022-DF0337,Activated,A,1,TRUE,FALSE,Under Tree,TRUE,X022,Benjamin Gladstone Square,X022,,X-02,X,"100,039,019",DRINKFTN,I,X022,A-Benjamin Gladstone Square,202,17,41,10459
X026-DF0295,Activated,C,1,FALSE,FALSE,"Out in Open, Just Outside Playground",TRUE,X026,Hines Park,X026,,X-03,X,"100,039,029",DRINKFTN,I,X026,C-Hines Park,203,16,42,10456
X028-DF0430,Activated,E,1,TRUE,FALSE,"Out in Open, Just Outside Playground",TRUE,X028,Joyce Kilmer Park,X028,,X-04,X,"100,039,718",DRINKFTN,I,X028,E-Joyce Kilmer Park,204,8,44,10451
X028-DF0431,Activated,E,1,TRUE,FALSE,"Under Tree, In Shade",TRUE,X028,Joyce Kilmer Park,X028,,X-04,X,"100,039,728",DRINKFTN,I,X028,E-Joyce Kilmer Park,204,8,44,10451
X029-DF0216,Activated,Bottle Filler High Low,3,FALSE,FALSE,In Playground,TRUE,X029,Lyons Square Playground,X029,,X-02,X,"100,038,379",DRINKFTN,I,X029,Bottle Filler High Low-Lyons Square Playground,202,17,41,10459
X029-DF0217,Activated,F High Low and Dog,3,FALSE,FALSE,In Playground,TRUE,X029,Lyons Square Playground,X029,,X-02,X,"100,038,363",DRINKFTN,I,X029,F High Low and Dog-Lyons Square Playground,202,17,41,10459
X029-DF0481,Activated,CS Metal,1,,FALSE,,TRUE,X029,Lyons Square Playground,X029,,X-02,X,"100,043,498",DRINKFTN,I,X029,CS Metal-Lyons Square Playground,202,17,41,10459
X029-DF0482,Activated,CS Metal,1,,FALSE,,TRUE,X029,Lyons Square Playground,X029,,X-02,X,"100,043,528",DRINKFTN,I,X029,CS Metal-Lyons Square Playground,202,17,41,10459
X030-DF0391,Activated,A,1,FALSE,FALSE,"Under Tree, In Shade, Just Outside Playground",TRUE,X030,Macombs Dam Park,X030-ZN03,Macombs Dam Park Zone 3,X-04,X,"100,039,411",DRINKFTN,I,X030-ZN03,A-Macombs Dam Park-Macombs Dam Park Zone 3,204,8,44,10452
X030-DF0420,Activated,Trough,1,FALSE,FALSE,"Out in Open, Near Ballfield, Just Outside Playground",TRUE,X030,Macombs Dam Park,X030-ZN02,Macombs Dam Park Zone 2 Lower,X-04,X,"100,039,730",DRINKFTN,I,X030-ZN02,Trough-Macombs Dam Park-Zone 2 Lower,204,16,44,10451
X030-DF0422,Activated,Trough,1,FALSE,FALSE,"Out in Open, Near Ballfield",TRUE,X030,Macombs Dam Park,X030-ZN02,Macombs Dam Park Zone 2 Lower,X-04,X,"100,039,736",DRINKFTN,I,X030-ZN02,Trough-Macombs Dam Park-Zone 2 Lower,204,16,44,10451
X030-DF0423,Activated,Trough,1,FALSE,TRUE,"Under Tree, Near Ballfield, In Shade",TRUE,X030,Macombs Dam Park,X030-ZN02,Macombs Dam Park Zone 2 Lower,X-04,X,"100,039,717",DRINKFTN,I,X030-ZN02,Trough-Macombs Dam Park-Zone 2 Lower,204,16,44,10451
X030-DF0424,Broken,Trough,1,FALSE,FALSE,Out in Open,TRUE,X030,Macombs Dam Park,X030-ZN01,Macombs Dam Park Zone 1 Upper,X-04,X,"100,039,723",DRINKFTN,I,X030-ZN01,Trough-Macombs Dam Park-Macombs Dam Park Zone 1 Upper,204,8,44,10451
X030-DF0425,Activated,CS Metal,2,FALSE,FALSE,In Shade,TRUE,X030,Macombs Dam Park,X030-ZN01,Macombs Dam Park Zone 1 Upper,X-04,X,"100,039,704",DRINKFTN,I,X030-ZN01,CS Metal-Macombs Dam Park-Macombs Dam Park Zone 1 Upper,204,8,44,10451
X030-DF0426,Activated,Trough,1,FALSE,FALSE,Out in Open,TRUE,X030,Macombs Dam Park,X030-ZN01,Macombs Dam Park Zone 1 Upper,X-04,X,"100,039,735",DRINKFTN,I,X030-ZN01,Trough-Macombs Dam Park-Macombs Dam Park Zone 1 Upper,204,8,44,10451
X030-DF0427,Activated,Trough,1,FALSE,FALSE,Out in Open,TRUE,X030,Macombs Dam Park,X030-ZN01,Macombs Dam Park Zone 1 Upper,X-04,X,"100,039,715",DRINKFTN,I,X030-ZN01,Trough-Macombs Dam Park-Macombs Dam Park Zone 1 Upper,204,8,44,10451
X030-DF0428,Activated,A,1,TRUE,TRUE,"Under Tree, In Shade",TRUE,X030,Macombs Dam Park,X030-ZN03,Macombs Dam Park Zone 3,X-04,X,"100,039,714",DRINKFTN,I,X030-ZN03,A-Macombs Dam Park-Macombs Dam Park Zone 3,204,8,44,10452
X032-DF0290,Activated,G,1,TRUE,TRUE,"Under Tree, In Shade",TRUE,X032,Railroad Park,X032,,X-03,X,"100,039,006",DRINKFTN,I,X032,G-Railroad Park,203,17,42,10451
X033-DF0059,Activated,A,1,TRUE,FALSE,Near Ballfield,TRUE,X033,Mosholu Parkway,X033-10,Frisch Field,X-07,X,"100,037,708",DRINKFTN,I,X033-10,A-Mosholu Parkway-Frisch Field,207,11,52,10458
,Activated,Bottle Filler Fountain,,,FALSE,,TRUE,,,,,Q-14,Q,,DRINKFTN,,,,,,,
X033-DF0164,UnderConstruction,A,1,TRUE,FALSE,"Out in Open, In Playground",TRUE,X033,Mosholu Parkway,X033-01,Kossuth Plgd,X-07,X,"100,038,230",DRINKFTN,I,X033-01,A-Mosholu Parkway-Kossuth Plgd,207,11,52,10467
X033-DF0166,UnderConstruction,A,1,TRUE,FALSE,"Under Tree, In Shade, In Playground",TRUE,X033,Mosholu Parkway,X033-01,Kossuth Plgd,X-07,X,"100,038,239",DRINKFTN,I,X033-01,A-Mosholu Parkway-Kossuth Plgd,207,11,52,10467
X033-DF0169,Activated,D,1,TRUE,FALSE,"In Playground, Under Tree",TRUE,X033,Mosholu Parkway,X033-04,Knox-Gates Playground,X-07,X,"100,038,222",DRINKFTN,I,X033-04,D-Mosholu Parkway-Knox-Gates Playground,207,11,52,10467
X034-DF0061,Activated,C,1,,TRUE,"Out in Open, Near Ballfield",TRUE,X034,Mullaly Park,X034-ZN02,Mullaly Park Zone 2,X-04,X,"100,037,964",DRINKFTN,I,X034-ZN02,C-Mullaly Park-Mullaly Park Zone 2,204,16,44,10452
X034-DF0062,Activated,A,1,FALSE,FALSE,Out in Open,TRUE,X034,Mullaly Park,X034-ZN02,Mullaly Park Zone 2,X-04,X,"100,037,986",DRINKFTN,I,X034-ZN02,A-Mullaly Park-Mullaly Park Zone 2,204,16,44,10452
X034-DF0063,Activated,C,1,FALSE,FALSE,Near Ballfield,TRUE,X034,Mullaly Park,X034-ZN02,Mullaly Park Zone 2,X-04,X,"100,037,932",DRINKFTN,I,X034-ZN02,C-Mullaly Park-Mullaly Park Zone 2,204,16,44,10452
X034-DF0064,Activated,C,1,TRUE,FALSE,Near Ballfield,TRUE,X034,Mullaly Park,X034-ZN02,Mullaly Park Zone 2,X-04,X,"100,037,959",DRINKFTN,I,X034-ZN02,C-Mullaly Park-Mullaly Park Zone 2,204,16,44,10452
X034-DF0065,NotYetActivated,CS Concrete,1,FALSE,FALSE,Out in Open,TRUE,X034,Mullaly Park,X034-ZN01,Mullaly Park Zone 1,X-04,X,"100,037,983",DRINKFTN,I,X034-ZN01,CS Concrete-Mullaly Park-Mullaly Park Zone 1,204,16,44,10452
X034-DF0066,Activated,E,1,FALSE,FALSE,"Out in Open, In Playground",TRUE,X034,Mullaly Park,X034-ZN01,Mullaly Park Zone 1,X-04,X,"100,037,929",DRINKFTN,I,X034-ZN01,E-Mullaly Park-Mullaly Park Zone 1,204,16,44,10452
X034-DF0068,Activated,E,1,FALSE,FALSE,"Under Tree, Just Outside Playground",TRUE,X034,Mullaly Park,X034-ZN01,Mullaly Park Zone 1,X-04,X,"100,037,896",DRINKFTN,I,X034-ZN01,E-Mullaly Park-Mullaly Park Zone 1,204,16,44,10452
X034-DF0522,Activated,Indoor Drinking Fountain,1,,FALSE,Indoor,FALSE,X034,Mullaly Park,X034,,X-04,X,"100,043,630",DRINKFTN,I,X034-BLG0795,Indoor Drinking Fountain-Mullaly Park-POOL ENT.,204,16,44,10452
X034-DF0523,Activated,Indoor Drinking Fountain,1,,FALSE,Indoor,FALSE,X034,Mullaly Park,X034,,X-04,X,"100,043,641",DRINKFTN,I,X034-BLG0796,Indoor Drinking Fountain-Mullaly Park-LOCKER ROOM,204,16,44,10452
X034-DF0524,Activated,Indoor Drinking Fountain,1,,FALSE,Indoor,FALSE,X034,Mullaly Park,X034,,X-04,X,"100,043,512",DRINKFTN,I,X034-BLG0797,Indoor Fountain-Mullaly Park-Comfort Station,204,16,44,10452
X034-DF0525,Activated,Indoor Drinking Fountain,1,,FALSE,Indoor,FALSE,X034,Mullaly Park,X034-ZN01,Mullaly Park Zone 1,X-04,X,"100,043,491",DRINKFTN,I,X034-BLG0818,Indoor Drinking Fountain-Mullaly Park-Mullaly Community Center,204,16,44,10452
X034-DF0577,Activated,Indoor Drinking Fountain,1,,FALSE,Indoor,FALSE,X034,Mullaly Park,X034-ZN01,Mullaly Park Zone 1,X-04,X,"100,042,452",DRINKFTN,I,X034-BLG0818,Indoor Drinking Fountain-Mullaly Park-Mullaly Community Center,204,16,44,10452
X034-DF0584,Activated,CS Metal,1,,FALSE,"Wall Mounted, On Pool Deck",TRUE,X034,Mullaly Park,X034,,X-04,X,"100,043,502",DRINKFTN,I,X034,CS metal-Mullaly Park,204,16,44,10452
X038-DF0410,Activated,A,1,TRUE,TRUE,Out in Open,TRUE,X038,Washington's Walk,X038-02,Fort #4 Playground,X-08,X,"100,039,627",DRINKFTN,I,X038-02,A-Washington's Walk-Fort #4 Playground,208,14,50,10468
X038-DF0411,Activated,A,1,TRUE,FALSE,"Under Tree, In Shade",TRUE,X038,Washington's Walk,X038-01,Strong Street Plgd,X-08,X,"100,039,628",DRINKFTN,I,X038-01,A-Washington's Walk-Strong Street Plgd,208,14,50,10468
X039-DF0008,Activated,C,1,FALSE,FALSE,Near Ballfield,TRUE,X039,Pelham Bay Park,X039-ZN01,Aileen Ryan Rec. Complex,X-15,X,"100,037,649",DRINKFTN,I,X039-ZN01,C-Pelham Bay Park-Aileen Ryan Rec. Complex,228,13,45,10465
X039-DF0009,Activated,C,1,TRUE,FALSE,Near Ballfield,TRUE,X039,Pelham Bay Park,X039-ZN01,Aileen Ryan Rec. Complex,X-15,X,"100,037,594",DRINKFTN,I,X039-ZN01,C-Pelham Bay Park-Aileen Ryan Rec. Complex,228,13,45,10465
X039-DF0010,Activated,Bottle Filler High Low,3,FALSE,FALSE,Near Ballfield,TRUE,X039,Pelham Bay Park,X039-ZN01,Aileen Ryan Rec. Complex,X-15,X,"100,037,617",DRINKFTN,I,X039-ZN01,Bottle Filler High Low-Pelham Bay Park-Aileen Ryan Rec. Complex,228,13,45,10465
X039-DF0011,Activated,A,1,TRUE,FALSE,Near Ballfield,TRUE,X039,Pelham Bay Park,X039-ZN01,Aileen Ryan Rec. Complex,X-15,X,"100,037,645",DRINKFTN,I,X039-ZN01,A-Pelham Bay Park-Aileen Ryan Rec. Complex,228,13,45,10465
X039-DF0012,Activated,A,1,TRUE,FALSE,Near Ballfield,TRUE,X039,Pelham Bay Park,X039-ZN01,Aileen Ryan Rec. Complex,X-15,X,"100,037,691",DRINKFTN,I,X039-ZN01,A-Pelham Bay Park-Aileen Ryan Rec. Complex,228,13,45,10465
X039-DF0013,Activated,C,1,TRUE,FALSE,Near Ballfield,TRUE,X039,Pelham Bay Park,X039-ZN01,Aileen Ryan Rec. Complex,X-15,X,"100,037,661",DRINKFTN,I,X039-ZN01,C-Pelham Bay Park-Aileen Ryan Rec. Complex,228,13,45,10465
X039-DF0014,Activated,A,1,TRUE,FALSE,Near Ballfield,TRUE,X039,Pelham Bay Park,X039-ZN09,Rodman's Neck East,X-15,X,"100,037,684",DRINKFTN,I,X039-ZN09,A-Pelham Bay Park-Rodman's Neck East,228,13,45,10464
X039-DF0015,Activated,A,1,TRUE,FALSE,Near Ballfield,TRUE,X039,Pelham Bay Park,X039-ZN09,Rodman's Neck East,X-15,X,"100,037,618",DRINKFTN,I,X039-ZN09,A-Pelham Bay Park-Rodman's Neck East,228,13,45,10464
X039-DF0022,Activated,C,1,TRUE,FALSE,In Playground,TRUE,X039,Pelham Bay Park,X039-02,Sweetgum Plgd,X-15,X,"100,037,634",DRINKFTN,I,X039-02,C-Pelham Bay Park-Sweetgum Plgd,228,13,45,10465
X039-DF0023,Activated,F High Low,2,FALSE,FALSE,Near Ballfield,TRUE,X039,Pelham Bay Park,X039-ZN04,South Meadow,X-15,X,"100,037,681",DRINKFTN,I,X039-ZN04,F High Low-Pelham Bay Park-South Meadow,228,13,45,10465
X039-DF0024,Activated,Trough,1,FALSE,FALSE,Out in Open,TRUE,X039,Pelham Bay Park,X039-ZN02,Pelham South Park Headquarters,X-15,X,"100,037,604",DRINKFTN,I,X039-ZN02,Trough-Pelham Bay Park-Pelham South Park Headquarters,228,13,45,10465
X039-DF0025,Activated,E,1,FALSE,FALSE,In Playground,TRUE,X039,Pelham Bay Park,X039-01,Playground For All Children,X-15,X,"100,037,641",DRINKFTN,I,X039-01,E-Pelham Bay Park-Playground For All Children,228,13,45,10465
X039-DF0026,Activated,E,1,FALSE,FALSE,In Playground,TRUE,X039,Pelham Bay Park,X039-01,Playground For All Children,X-15,X,"100,037,668",DRINKFTN,I,X039-01,E-Pelham Bay Park-Playground For All Children,228,13,45,10465
X039-DF0081,Activated,A,1,TRUE,FALSE,Under Tree,TRUE,X039,Pelham Bay Park,X039-ZN18,Orchard Bch. Pavilion,X-15,X,"100,037,921",DRINKFTN,I,X039-ZN18,A-Pelham Bay Park-Orchard Bch. Pavilion,228,13,45,10464
X039-DF0083,Activated,Double A,2,TRUE,FALSE,Out in Open,TRUE,X039,Pelham Bay Park,X039-ZN19,Orchard Beach South,X-15,X,"100,037,894",DRINKFTN,I,X039-ZN19,Double A-Pelham Bay Park-Orchard Beach South,228,13,45,10464
X039-DF0084,Activated,A,1,TRUE,FALSE,Out in Open,TRUE,X039,Pelham Bay Park,X039-ZN19,Orchard Beach South,X-15,X,"100,037,966",DRINKFTN,I,X039-ZN19,A-Pelham Bay Park-Orchard Beach South,228,13,45,10464
X039-DF0085,Activated,A,1,TRUE,FALSE,Out in Open,TRUE,X039,Pelham Bay Park,X039-ZN19,Orchard Beach South,X-15,X,"100,037,899",DRINKFTN,I,X039-ZN19,A-Pelham Bay Park-Orchard Beach South,228,13,45,10464
X039-DF0087,Activated,C,1,FALSE,FALSE,Out in Open,TRUE,X039,Pelham Bay Park,X039-ZN18,Orchard Bch. Pavilion,X-15,X,"100,037,950",DRINKFTN,I,X039-ZN18,C-Pelham Bay Park-Orchard Bch. Pavilion,228,13,45,10464
X039-DF0088,Activated,C,1,FALSE,FALSE,Out in Open,TRUE,X039,Pelham Bay Park,X039-ZN18,Orchard Bch. Pavilion,X-15,X,"100,037,895",DRINKFTN,I,X039-ZN18,C-Pelham Bay Park-Orchard Bch. Pavilion,228,13,45,10464
X039-DF0089,Activated,C,1,FALSE,TRUE,Out in Open,TRUE,X039,Pelham Bay Park,X039-ZN18,Orchard Bch. Pavilion,X-15,X,"100,037,918",DRINKFTN,I,X039-ZN18,C-Pelham Bay Park-Orchard Bch. Pavilion,228,13,45,10464
X039-DF0090,Activated,C,1,FALSE,TRUE,Out in Open,TRUE,X039,Pelham Bay Park,X039-ZN18,Orchard Bch. Pavilion,X-15,X,"100,037,946",DRINKFTN,I,X039-ZN18,C-Pelham Bay Park-Orchard Bch. Pavilion,228,13,45,10464
X039-DF0091,Activated,A,1,TRUE,FALSE,Under Tree,TRUE,X039,Pelham Bay Park,X039-ZN19,Orchard Beach South,X-15,X,"100,037,992",DRINKFTN,I,X039-ZN19,A-Pelham Bay Park-Orchard Beach South,228,13,45,10464
X039-DF0092,Activated,Double A,2,TRUE,FALSE,Out in Open,TRUE,X039,Pelham Bay Park,X039-ZN19,Orchard Beach South,X-15,X,"100,037,913",DRINKFTN,I,X039-ZN19,Double A-Pelham Bay Park-Orchard Beach South,228,13,45,10464
X039-DF0093,Activated,Double A,2,TRUE,FALSE,Out in Open,TRUE,X039,Pelham Bay Park,X039-ZN16,Orchard Beach North,X-15,X,"100,037,962",DRINKFTN,I,X039-ZN16,Double A-Pelham Bay Park-Orchard Beach North,228,13,45,10464
X039-DF0094,Activated,Bottle Filler High Low,3,FALSE,FALSE,Out in Open,TRUE,X039,Pelham Bay Park,X039-ZN16,Orchard Beach North,X-15,X,"100,037,985",DRINKFTN,I,X039-ZN16,Bottle Filler High Low-Pelham Bay Park-Orchard Beach North,228,13,45,10464
X039-DF0095,Activated,A,1,TRUE,FALSE,Under Tree,TRUE,X039,Pelham Bay Park,X039-ZN16,Orchard Beach North,X-15,X,"100,037,919",DRINKFTN,I,X039-ZN16,A-Pelham Bay Park-Orchard Beach North,228,13,45,10464
X039-DF0096,Activated,A,1,TRUE,FALSE,Under Tree,TRUE,X039,Pelham Bay Park,X039-ZN16,Orchard Beach North,X-15,X,"100,037,948",DRINKFTN,I,X039-ZN16,A-Pelham Bay Park-Orchard Beach North,228,13,45,10464
X039-DF0097,Activated,A,1,TRUE,FALSE,Under Tree,TRUE,X039,Pelham Bay Park,X039-ZN16,Orchard Beach North,X-15,X,"100,037,971",DRINKFTN,I,X039-ZN16,A-Pelham Bay Park-Orchard Beach North,228,13,45,10464
X039-DF0098,Activated,A,1,TRUE,FALSE,Out in Open,TRUE,X039,Pelham Bay Park,X039-ZN16,Orchard Beach North,X-15,X,"100,037,915",DRINKFTN,I,X039-ZN16,A-Pelham Bay Park-Orchard Beach North,228,13,45,10464
X039-DF0099,Activated,A,1,TRUE,FALSE,Under Tree,TRUE,X039,Pelham Bay Park,X039-ZN16,Orchard Beach North,X-15,X,"100,037,941",DRINKFTN,I,X039-ZN16,A-Pelham Bay Park-Orchard Beach North,228,13,45,10464
X039-DF0100,Activated,A,1,TRUE,FALSE,Under Tree,TRUE,X039,Pelham Bay Park,X039-ZN16,Orchard Beach North,X-15,X,"100,037,968",DRINKFTN,I,X039-ZN16,A-Pelham Bay Park-Orchard Beach North,228,13,45,10464
X039-DF0101,Activated,A,1,TRUE,FALSE,Out in Open,TRUE,X039,Pelham Bay Park,X039-ZN16,Orchard Beach North,X-15,X,"100,037,911",DRINKFTN,I,X039-ZN16,A-Pelham Bay Park-Orchard Beach North,228,13,45,10464
X039-DF0102,Activated,Double A,2,TRUE,FALSE,Out in Open,TRUE,X039,Pelham Bay Park,X039-ZN16,Orchard Beach North,X-15,X,"100,037,935",DRINKFTN,I,X039-ZN16,Double A-Pelham Bay Park-Orchard Beach North,228,13,45,10464
X039-DF0103,Activated,Bottle Filler High Low,3,FALSE,FALSE,Under Tree,TRUE,X039,Pelham Bay Park,X039-ZN17,Twenty-Six Courts & Bath Courts,X-15,X,"100,037,982",DRINKFTN,I,X039-ZN17,Bottle Filler High Low-Pelham Bay Park-Twenty-Six Courts & Bath Courts,228,13,45,10464
X039-DF0104,Activated,C,1,FALSE,FALSE,Under Tree,TRUE,X039,Pelham Bay Park,X039-ZN17,Twenty-Six Courts & Bath Courts,X-15,X,"100,037,905",DRINKFTN,I,X039-ZN17,C-Pelham Bay Park-Twenty-Six Courts & Bath Courts,228,13,45,10464
X039-DF0105,Activated,D,1,FALSE,FALSE,Out in Open,TRUE,X039,Pelham Bay Park,X039-ZN17,Twenty-Six Courts & Bath Courts,X-15,X,"100,037,942",DRINKFTN,I,X039-ZN17,D-Pelham Bay Park-Twenty-Six Courts & Bath Courts,228,13,45,10464
X039-DF0106,Activated,A,1,FALSE,FALSE,Out in Open,TRUE,X039,Pelham Bay Park,X039-ZN17,Twenty-Six Courts & Bath Courts,X-15,X,"100,037,969",DRINKFTN,I,X039-ZN17,A-Pelham Bay Park-Twenty-Six Courts & Bath Courts,228,13,45,10464
X039-DF0107,Activated,A,1,FALSE,FALSE,Under Tree,TRUE,X039,Pelham Bay Park,X039-ZN17,Twenty-Six Courts & Bath Courts,X-15,X,"100,037,990",DRINKFTN,I,X039-ZN17,A-Pelham Bay Park-Twenty-Six Courts & Bath Courts,228,13,45,10464
X039-DF0108,Activated,C,1,FALSE,FALSE,Out in Open,TRUE,X039,Pelham Bay Park,X039-06K,Pelican Bay Plgd,X-15,X,"100,037,937",DRINKFTN,I,X039-06K,C-Pelham Bay Park-Pelican Bay Plgd,228,13,45,10464
X039-DF0446,Activated,Trough,1,FALSE,FALSE,Out in Open,TRUE,X039,Pelham Bay Park,X039-ZN02,Pelham South Park Headquarters,X-15,X,"100,040,419",DRINKFTN,I,X039-ZN02,Trough-Pelham Bay Park-Pelham South Park Headquarters,228,13,45,10465
X039-DF0456,Activated,C,1,TRUE,FALSE,Near Ballfield,TRUE,X039,Pelham Bay Park,X039-ZN01,Aileen Ryan Rec. Complex,X-15,X,"100,040,423",DRINKFTN,I,X039-ZN01,C-Pelham Bay Park-Aileen Ryan Rec. Complex,228,13,45,10465
X039-DF0498,Activated,Indoor Drinking Fountain,1,,TRUE,in Men's room,FALSE,X039,Pelham Bay Park,X039-ZN18,Orchard Bch. Pavilion,X-15,X,"100,043,627",DRINKFTN,I,X039-ZN18-BLG1435,Indoor Drinking Fountain-Pelham Bay Park-ORCHARD BEACH/HQ,228,13,45,10464
X039-DF0526,Activated,Indoor Drinking Fountain,1,,FALSE,Indoor,FALSE,X039,Pelham Bay Park,X039-ZN02,Pelham South Park Headquarters,X-15,X,"100,043,513",DRINKFTN,I,X039-ZN02-BLG1405,Indoor Drinking Fountain-Pelham Bay Park-Pelham Bay Nature Center,228,13,45,10465
X039-DF0527,Activated,Slop Sink,1,,FALSE,Indoor,FALSE,X039,Pelham Bay Park,X039-ZN15,Twin Island,X-15A,X,"100,043,520",DRINKFTN,I,X039-ZN15-BLG1445,Slop Sink-Pelham Bay Park-ORCHARD / RANGERS STA.,228,13,45,10464
X039-DF0528,Activated,Indoor Drinking Fountain,1,,FALSE,Indoor,FALSE,X039,Pelham Bay Park,X039-ZN18,Orchard Bch. Pavilion,X-15A,X,"100,043,503",DRINKFTN,I,X039-ZN18-BLG1437,Indoor Drinking Fountain-Pelham Bay Park-M & O Office,228,13,45,10464
X039-DF0530,Activated,Indoor Drinking Fountain,1,,FALSE,Attached to building,TRUE,X039,Pelham Bay Park,X039-ZN18,Orchard Bch. Pavilion,X-15A,X,"100,043,504",DRINKFTN,I,X039-ZN18,Indoor Drinking Fountain-Pelham Bay Park-Orchard Bch. Pavilion,228,13,45,10464
X039-DF0578,Activated,Indoor Drinking Fountain,1,,FALSE,Indoor,FALSE,X039,Pelham Bay Park,X039-ZN18,Orchard Bch. Pavilion,X-15A,X,"100,042,449",DRINKFTN,I,X039-ZN18-BLG1440,Indoor Drinking Fountain-Pelham Bay Park-ORCHARD BEACH,228,13,45,10464
X039-DF0588,Activated,Water Cooler,1,,FALSE,Indoor,FALSE,X039,Pelham Bay Park,X039-ZN18,Orchard Bch. Pavilion,X-15A,X,"100,043,636",DRINKFTN,I,X039-ZN18-BLG1435,Water Cooler-Pelham Bay Park-ORCHARD BEACH/HQ,228,13,45,10464
X039-DF0589,Activated,Indoor Drinking Fountain,2,,FALSE,Indoor,FALSE,X039,Pelham Bay Park,X039-ZN18,Orchard Bch. Pavilion,X-15A,X,"100,043,632",DRINKFTN,I,X039-ZN18-BLG1435,Indoor Drinking Fountain-Pelham Bay Park-ORCHARD BEACH/HQ,228,13,45,10464
X040-DF0175,Activated,C,1,TRUE,FALSE,Out in Open,TRUE,X040,Poe Park,X040,,X-07,X,"100,038,199",DRINKFTN,I,X040,C-Poe Park,207,15,52,10458
X040-DF0176,Activated,C,1,TRUE,FALSE,Out in Open,TRUE,X040,Poe Park,X040,,X-07,X,"100,038,212",DRINKFTN,I,X040,C-Poe Park,207,15,52,10458
X040-DF0531,Activated,Indoor Drinking Fountain,1,,FALSE,Indoor,FALSE,X040,Poe Park,X040,,X-07,X,"100,043,532",DRINKFTN,I,X040-BLG0854,Indoor Drinking Fountain-Poe Park-Poe Park Visitor Center,207,15,52,10458
X041-DF0308,Activated,D,1,TRUE,FALSE,"Out in Open, In Playground",TRUE,X041,Pulaski Park,X041,,X-01,X,"100,039,049",DRINKFTN,I,X041,D-Pulaski Park,201,8,40,10454
X041-DF0309,Activated,A,1,TRUE,FALSE,Out in Open,TRUE,X041,Pulaski Park,X041,,X-01,X,"100,039,071",DRINKFTN,I,X041,A-Pulaski Park,201,8,40,10454
X042-DF0218,Activated,A,1,FALSE,TRUE,"Under Tree, Out in Open",TRUE,X042,Rose Hill Park,X042,,X-06,X,"100,038,375",DRINKFTN,I,X042,A-Rose Hill Park,207,15,48,10458
X042-DF0532,Activated,Indoor Drinking Fountain,1,,FALSE,Indoor,FALSE,X042,Rose Hill Park,X042,,X-06,X,"100,043,497",DRINKFTN,I,X042-BLG0859,Indoor Drinking Fountain-Rose Hill Park-Comfort Station,207,15,48,10458
X044-DF0052,Activated,E High Low,2,TRUE,TRUE,"In Playground, Under Tree",TRUE,X044,St. James Park,X044-01,St James Park Playground,X-07,X,"100,037,765",DRINKFTN,I,X044-01,E High Low-St. James Park-St James Park Playground,207,14,52,10468
X044-DF0053,Activated,E High Low,2,TRUE,FALSE,Out in Open,TRUE,X044,St. James Park,X044,,X-07,X,"100,037,699",DRINKFTN,I,X044,E High Low-St. James Park,207,14,52,10468
X044-DF0054,Activated,Bottle Filler High Low,3,FALSE,TRUE,Out in Open,TRUE,X044,St. James Park,X044,,X-07,X,"100,037,723",DRINKFTN,I,X044,Bottle Filler High Low-St. James Park,207,14,52,10468
X044-DF0055,Activated,A,1,FALSE,TRUE,Out in Open,TRUE,X044,St. James Park,X044,,X-07,X,"100,037,750",DRINKFTN,I,X044,A-St. James Park,207,14,52,10468
X044-DF0533,Activated,Indoor Drinking Fountain,1,,FALSE,Indoor,FALSE,X044,St. James Park,X044,,X-07,X,"100,043,495",DRINKFTN,I,X044-BLG0846,Indoor Drinking Fountain-St. James Park-Recreation Center,207,14,52,10468
X044-DF0534,Activated,Indoor Drinking Fountain,1,,FALSE,Indoor,FALSE,X044,St. James Park,X044,,X-07,X,"100,043,525",DRINKFTN,I,X044-BLG0846,Indoor Drinking Fountain-St. James Park-Recreation Center,207,14,52,10468
X044-DF0535,Activated,Indoor Drinking Fountain,1,,FALSE,Indoor,FALSE,X044,St. James Park,X044,,X-07,X,"100,043,517",DRINKFTN,I,X044-BLG0847,Indoor Drinking Fountain-St. James Park-Comfort Station,207,14,52,10468
X044-DF0579,Activated,Food Prep Sink,1,,FALSE,Indoor,FALSE,X044,St. James Park,X044,,X-07,X,"100,042,476",DRINKFTN,I,X044-BLG0846,Food Prep Sink-St. James Park-Recreation Center,207,14,52,10468
X045-DF0007,Activated,A,1,FALSE,TRUE,"Under Tree, In Shade",TRUE,X045,St. Mary's Park,X045-ZN02,St Mary's Park Zone 2,X-01,X,"100,037,642",DRINKFTN,I,X045-ZN02,A-St. Mary's Park-St Mary's Park Zone 2,201,8,40,10454
X045-DF0172,Activated,CS Metal,1,FALSE,FALSE,"Out in Open, In Playground",TRUE,X045,St. Mary's Park,X045-03,St Mary's Playground West,X-01,X,"100,038,236",DRINKFTN,I,X045-03,CS Metal-St. Mary's Park-St Mary's Playground West,201,8,40,10454
X045-DF0174,UnderConstruction,A,1,TRUE,FALSE,"Out in Open, In Playground",TRUE,X045,St. Mary's Park,X045-01,St Mary's Playground East,X-01,X,"100,038,225",DRINKFTN,I,X045-01,A-St. Mary's Park-St Mary's Playground East,201,8,40,10454
X045-DF0177,UnderConstruction,A,1,FALSE,FALSE,"Out in Open, Near Ballfield",TRUE,X045,St. Mary's Park,X045-ZN01,St Mary's Park Zone 1,X-01,X,"100,038,207",DRINKFTN,I,X045-ZN01,A-St. Mary's Park-St Mary's Park Zone 1,201,8,40,10454
X045-DF0178,UnderConstruction,A,1,FALSE,FALSE,"Out in Open, Near Ballfield",TRUE,X045,St. Mary's Park,X045-ZN01,St Mary's Park Zone 1,X-01,X,"100,038,202",DRINKFTN,I,X045-ZN01,A-St. Mary's Park-St Mary's Park Zone 1,201,8,40,10454
X045-DF0435,UnderConstruction,C,1,,FALSE,Out in Open,TRUE,X045,St. Mary's Park,X045-01,St Mary's Playground East,X-01,X,"100,040,368",DRINKFTN,I,X045-01,C-St. Mary's Park-St Mary's Playground East,201,8,40,10454
X045-DF0536,Activated,Indoor Drinking Fountain,1,,FALSE,Indoor,FALSE,X045,St. Mary's Park,X045-ZN02,St Mary's Park Zone 2,X-01,X,"100,043,511",DRINKFTN,I,X045-ZN02-BLG0748,Indoor Drinking Fountain-St. Mary's Park-Recreation Center,201,8,40,10454
X045-DF0537,Activated,Indoor Drinking Fountain,1,,FALSE,Indoor,FALSE,X045,St. Mary's Park,X045-ZN02,St Mary's Park Zone 2,X-01,X,"100,043,490",DRINKFTN,I,X045-ZN02-BLG0748,Indoor Drinking Fountain-St. Mary's Park-Recreation Center,201,8,40,10454
X045-DF0538,Activated,Indoor Drinking Fountain,1,,FALSE,Indoor,FALSE,X045,St. Mary's Park,X045-ZN02,St Mary's Park Zone 2,X-01,X,"100,043,496",DRINKFTN,I,X045-ZN02-BLG0748,Indoor Drinking Fountain-St. Mary's Park-Recreation Center,201,8,40,10454
X045-DF0539,Activated,Indoor Drinking Fountain,1,,FALSE,Indoor,FALSE,X045,St. Mary's Park,X045-ZN02,St Mary's Park Zone 2,X-01,X,"100,043,526",DRINKFTN,I,X045-ZN02-BLG0748,Indoor Drinking Fountain-St. Mary's Park-Recreation Center,201,8,40,10454
X045-DF0540,Activated,Indoor Drinking Fountain,1,,FALSE,Indoor,FALSE,X045,St. Mary's Park,X045-ZN02,St Mary's Park Zone 2,X-01,X,"100,043,527",DRINKFTN,I,X045-ZN02-BLG0748,Indoor Drinking Fountain-St. Mary's Park-Recreation Center,201,8,40,10454
X045-DF0541,Activated,Indoor Drinking Fountain,1,,FALSE,Indoor,FALSE,X045,St. Mary's Park,X045-ZN02,St Mary's Park Zone 2,X-01,X,"100,043,508",DRINKFTN,I,X045-ZN02-BLG0748,Indoor Drinking Fountain-St. Mary's Park-Recreation Center,201,8,40,10454
X045-DF0580,Activated,Food Prep Sink,1,,FALSE,Indoor,FALSE,X045,St. Mary's Park,X045-ZN02,St Mary's Park Zone 2,X-01,X,"100,042,459",DRINKFTN,I,X045-ZN02-BLG0748,Food Prep Sink-St. Mary's Park-Recreation Center,201,8,40,10454
X046-DF0005,Activated,B,1,FALSE,FALSE,In Playground,TRUE,X046,Seton Falls Park,X046-ZN01,Seton Falls Park Zone 1,X-12,X,"100,037,652",DRINKFTN,I,X046-ZN01,B-Seton Falls Park-Seton Falls Park Zone 1,212,12,47,10466
X047-DF0401,Activated,A,1,FALSE,FALSE,Out in Open,TRUE,X047,Franz Sigel Park,X047-ZN01,Franz Sigel Park Zone 1,X-04,X,"100,039,526",DRINKFTN,I,X047-ZN01,A-Franz Sigel Park-Franz Sigel Park Zone 1,204,8,44,10451
X047-DF0402,Activated,A,1,FALSE,FALSE,Out in Open,TRUE,X047,Franz Sigel Park,X047-ZN01,Franz Sigel Park Zone 1,X-04,X,"100,039,548",DRINKFTN,I,X047-ZN01,A-Franz Sigel Park-Franz Sigel Park Zone 1,204,8,44,10451
X047-DF0403,Broken,A,1,FALSE,FALSE,Out in Open,TRUE,X047,Franz Sigel Park,X047-ZN01,Franz Sigel Park Zone 1,X-04,X,"100,039,574",DRINKFTN,I,X047-ZN01,A-Franz Sigel Park-Franz Sigel Park Zone 1,204,8,44,10451
X047-DF0404,Broken,A,1,FALSE,FALSE,"Out in Open, In Shade",TRUE,X047,Franz Sigel Park,X047-ZN02,Franz Sigel Park Zone 2,X-04,X,"100,039,500",DRINKFTN,I,X047-ZN02,A-Franz Sigel Park-Franz Sigel Park Zone 2,204,8,44,10451
X053-DF0279,Activated,E,1,TRUE,TRUE,Out in Open,TRUE,X053,O'Neill Triangle,X053,,X-03,X,"100,038,987",DRINKFTN,I,X053,E-O'Neill Triangle,203,17,42,10451
X062-DF0296,Activated,C,1,FALSE,FALSE,"Under Tree, In Shade",TRUE,X062,Beatty Plaza,X062,,X-03,X,"100,039,050",DRINKFTN,I,X062,C-Beatty Plaza,203,16,42,10456
X068-DF0387,Activated,B,1,FALSE,FALSE,Under Tree,TRUE,X068,D'Auria-Murphy Triangle,X068,,X-06,X,"100,039,419",DRINKFTN,I,X068,B-D'Auria-Murphy Triangle,206,15,48,10458
X080-DF0111,Activated,B,1,TRUE,FALSE,"Under Tree, In Shade",TRUE,X080,Henry Hudson Park,X080,,X-08,X,"100,038,091",DRINKFTN,I,X080,B-Henry Hudson Park,208,11,50,10463
X080-DF0112,Activated,D,1,TRUE,FALSE,"Out in Open, In Shade",TRUE,X080,Henry Hudson Park,X080-01,Paul's Playground,X-08,X,"100,038,007",DRINKFTN,I,X080-01,D-Henry Hudson Park-Paul's Playground,208,11,50,10463
X080-DF0447,Activated,D,1,TRUE,FALSE,"Out in Open, In Shade",TRUE,X080,Henry Hudson Park,X080-03,Henry Hudson Playground (West),X-08,X,"100,040,449",DRINKFTN,I,X080-03,D-Henry Hudson Park-Henry Hudson Playground (West),208,11,50,10463
X080-DF0448,Activated,A,1,,FALSE,Near Ballfield,TRUE,X080,Henry Hudson Park,X080,,X-08,X,"100,040,459",DRINKFTN,I,X080,A-Henry Hudson Park,208,11,50,10463
X080-DF0449,Activated,B,1,TRUE,FALSE,"Under Tree, In Shade",TRUE,X080,Henry Hudson Park,X080,,X-08,X,"100,040,447",DRINKFTN,I,X080,B-Henry Hudson Park,208,11,50,10463
X080-DF0450,Activated,A,1,,TRUE,Near Ballfield,TRUE,X080,Henry Hudson Park,X080,,X-08,X,"100,040,420",DRINKFTN,I,X080,A-Henry Hudson Park,208,11,50,10463
X081-DF0188,Activated,C,1,FALSE,FALSE,Out in Open,TRUE,X081,Mount Eden Malls,X081,,X-04,X,"100,038,264",DRINKFTN,I,X081,C-Mount Eden Malls,204,16,44,10457
X085-DF0360,Activated,D,1,TRUE,TRUE,"Under Tree, In Playground",TRUE,X085,Slattery Playground,X085,,X-05,X,"100,039,237",DRINKFTN,I,X085,D-Slattery Playground,205,15,46,10458
X085-DF0361,Activated,D,1,TRUE,TRUE,"Under Tree, In Playground",TRUE,X085,Slattery Playground,X085,,X-05,X,"100,039,261",DRINKFTN,I,X085,D-Slattery Playground,205,15,46,10458
X086-DF0284,Activated,D,1,FALSE,FALSE,Out in Open,TRUE,X086,Charlton Garden,X086,,X-03,X,"100,038,989",DRINKFTN,I,X086,D-Charlton Garden,203,16,42,10456
X087-DF0122,Activated,C,1,TRUE,FALSE,Under Tree,TRUE,X087,Zimmerman Playground,X087,,X-11,X,"100,038,180",DRINKFTN,I,X087,C-Zimmerman Playground,211,15,49,10467
X088-DF0142,Activated,F and Dog,2,TRUE,FALSE,In Playground,TRUE,X088,Pugsley Creek Park,X088-ZN02,Pugsley Creek Park Zone 2,X-09,X,"100,038,182",DRINKFTN,I,X088-ZN02,F and Dog-Pugsley Creek Park-Pugsley Creek Park Zone 2,209,18,43,10473
X092-DF0221,Activated,A,1,TRUE,FALSE,"Under Tree, In Playground",TRUE,X092,Van Cortlandt Park,X092-ZN15,Van Cortlandt South,X-13,X,"100,038,427",DRINKFTN,I,X092-ZN15,A-Van Cortlandt Park-Van Cortlandt South,226,11,50,10471
X092-DF0222,Activated,CS Metal,1,TRUE,FALSE,"In Playground, Under Tree",TRUE,X092,Van Cortlandt Park,X092-05,Van Cortlandt Classic Plgd,X-13,X,"100,038,431",DRINKFTN,I,X092-05,CS Metal-Van Cortlandt Park-Van Cortlandt Classic Plgd,226,11,50,10471
X092-DF0223,Activated,A,1,TRUE,FALSE,"In Playground, In Shade",TRUE,X092,Van Cortlandt Park,X092-06,Woodlawn Plgd,X-13,X,"100,038,643",DRINKFTN,I,X092-06,A-Van Cortlandt Park-Woodlawn Plgd,226,11,47,10470
X092-DF0224,Activated,D,1,TRUE,FALSE,"Out in Open, Near Ballfield",TRUE,X092,Van Cortlandt Park,X092-ZN10,Healy Field & Gaelic Field,X-13,X,"100,038,669",DRINKFTN,I,X092-ZN10,D-Van Cortlandt Park-Healy Field & Gaelic Field,226,11,47,10470
X092-DF0225,UnderConstruction,D,1,TRUE,FALSE,Out in Open,TRUE,X092,Van Cortlandt Park,X092-ZN11,Indian Memorial To Indian Field,X-13,X,"100,038,607",DRINKFTN,I,X092-ZN11,D-Van Cortlandt Park-Indian Memorial To Indian Field,226,11,47,10470
X092-DF0226,Activated,J,1,TRUE,FALSE,Near Ballfield,TRUE,X092,Van Cortlandt Park,X092-ZN02,Van Cortlandt Stadium,X-13,X,"100,038,640",DRINKFTN,I,X092-ZN02,J-Van Cortlandt Park-Van Cortlandt Stadium,226,11,50,10471
X092-DF0227,UnderConstruction,A,1,TRUE,FALSE,Near Ballfield,TRUE,X092,Van Cortlandt Park,X092-ZN11,Indian Memorial To Indian Field,X-13,X,"100,038,666",DRINKFTN,I,X092-ZN11,A-Van Cortlandt Park-Indian Memorial To Indian Field,226,11,47,10470
X092-DF0228,Activated,E,1,TRUE,FALSE,"Out in Open, Just Outside Playground",TRUE,X092,Van Cortlandt Park,X092-ZN01,SW Corner,X-13,X,"100,038,657",DRINKFTN,I,X092-ZN01,E-Van Cortlandt Park-SW Corner,226,11,50,10471
X092-DF0229,Activated,G,1,TRUE,FALSE,"Under Tree, In Playground",TRUE,X092,Van Cortlandt Park,X092-09,Southwest Plgd,X-13,X,"100,038,629",DRINKFTN,I,X092-09,G-Van Cortlandt Park-Southwest Plgd,226,11,50,10471
X092-DF0230,Activated,Bottle Filler High Low,3,FALSE,FALSE,Out in Open,TRUE,X092,Van Cortlandt Park,X092-ZN02,Van Cortlandt Stadium,X-13,X,"100,038,679",DRINKFTN,I,X092-ZN02,Bottle Filler High Low-Van Cortlandt Park-Van Cortlandt Stadium,226,11,50,10471
X092-DF0231,Activated,Trough,1,FALSE,FALSE,Out in Open,TRUE,X092,Van Cortlandt Park,X092-ZN03,Van Cortlandt Pool,X-13,X,"100,038,601",DRINKFTN,I,X092-ZN03,Trough-Van Cortlandt Park HQ Comfort Station,226,11,50,10471
X092-DF0232,Activated,A,1,TRUE,FALSE,Out in Open,TRUE,X092,Van Cortlandt Park,X092-ZN04,"V. C. Mansion, Tennis Courts, Mem. Grove",X-13,X,"100,038,630",DRINKFTN,I,X092-ZN04,"A-Van Cortlandt Park-V. C. Mansion, Tennis Courts, Mem. Grove",226,11,50,10471
X092-DF0233,Activated,D,1,TRUE,FALSE,Under Tree,TRUE,X092,Van Cortlandt Park,X092-ZN04,"V. C. Mansion, Tennis Courts, Mem. Grove",X-13,X,"100,038,655",DRINKFTN,I,X092-ZN04,"D-Van Cortlandt Park-V. C. Mansion, Tennis Courts, Mem. Grove",226,11,50,10471
X092-DF0234,Activated,A,1,TRUE,FALSE,Out in Open,TRUE,X092,Van Cortlandt Park,X092-ZN04,"V. C. Mansion, Tennis Courts, Mem. Grove",X-13,X,"100,038,627",DRINKFTN,I,X092-ZN04,"A-Van Cortlandt Park-V. C. Mansion, Tennis Courts, Mem. Grove",226,11,50,10471
X092-DF0235,Activated,F High Low,2,TRUE,FALSE,Out in Open,TRUE,X092,Van Cortlandt Park,X092-ZN05,Parade Ground South,X-13,X,"100,038,671",DRINKFTN,I,X092-ZN05,F High Low-Van Cortlandt Park-Parade Ground South,226,11,50,10471
X092-DF0236,Activated,C,1,FALSE,FALSE,Out in Open,TRUE,X092,Van Cortlandt Park,X092-ZN06,Parade Ground North,X-13,X,"100,038,624",DRINKFTN,I,X092-ZN06,C-Van Cortlandt Park-Parade Ground North,226,11,50,10471
X092-DF0237,Activated,C,1,FALSE,FALSE,Out in Open,TRUE,X092,Van Cortlandt Park,X092-ZN06,Parade Ground North,X-13,X,"100,038,650",DRINKFTN,I,X092-ZN06,C-Van Cortlandt Park-Parade Ground North,226,11,50,10471
X092-DF0238,Activated,C,1,FALSE,FALSE,Out in Open,TRUE,X092,Van Cortlandt Park,X092-ZN06,Parade Ground North,X-13,X,"100,038,598",DRINKFTN,I,X092-ZN06,C-Van Cortlandt Park-Parade Ground North,226,11,50,10471
X092-DF0239,Activated,C,1,FALSE,FALSE,Out in Open,TRUE,X092,Van Cortlandt Park,X092-ZN06,Parade Ground North,X-13,X,"100,038,625",DRINKFTN,I,X092-ZN06,C-Van Cortlandt Park-Parade Ground North,226,11,50,10471
X092-DF0255,Activated,E,1,TRUE,FALSE,"Under Tree, In Shade",TRUE,X092,Van Cortlandt Park,X092-26,Sachkerah Woods Playground,X-13,X,"100,038,782",DRINKFTN,I,X092-26,E-Van Cortlandt Park-Sachkerah Woods Playground,226,11,50,10471
X092-DF0256,Activated,D,1,FALSE,FALSE,"Out in Open, Under Tree",TRUE,X092,Van Cortlandt Park,X092-ZN12,Allen Shandler Rec Area,X-13,X,"100,038,728",DRINKFTN,I,X092-ZN12,D-Van Cortlandt Park-Allen Shandler Rec Area,226,11,50,10471
X092-DF0257,Activated,C,1,FALSE,FALSE,"Near Ballfield, Out in Open",TRUE,X092,Van Cortlandt Park,X092-ZN12,Allen Shandler Rec Area,X-13,X,"100,038,698",DRINKFTN,I,X092-ZN12,C-Van Cortlandt Park-Allen Shandler Rec Area,226,11,50,10471
X092-DF0265,Activated,A,1,TRUE,FALSE,"Near Ballfield, Under Tree",TRUE,X092,Van Cortlandt Park,X092-ZN08,Kelly Fields,X-13,X,"100,038,855",DRINKFTN,I,X092-ZN08,A-Van Cortlandt Park-Kelly Fields,226,11,50,10471
X092-DF0266,Activated,A,1,TRUE,FALSE,"Near Ballfield, Out in Open",TRUE,X092,Van Cortlandt Park,X092-ZN08,Kelly Fields,X-13,X,"100,038,820",DRINKFTN,I,X092-ZN08,A-Van Cortlandt Park-Kelly Fields,226,11,50,10471
X092-DF0436,Activated,C,1,,FALSE,In Shade,TRUE,X092,Van Cortlandt Park,X092-05,Van Cortlandt Classic Plgd,X-13,X,"100,040,342",DRINKFTN,I,X092-05,C-Van Cortlandt Park-Van Cortlandt Classic Plgd,226,11,50,10471
X092-DF0451,Activated,C,1,,FALSE,Near Ballfield,TRUE,X092,Van Cortlandt Park,X092-ZN12,Allen Shandler Rec Area,X-13,X,"100,040,473",DRINKFTN,I,X092-ZN12,C-Van Cortlandt Park-Allen Shandler Rec Area,226,11,50,10471
X092-DF0452,UnderConstruction,A,1,TRUE,FALSE,Near Ballfield,TRUE,X092,Van Cortlandt Park,X092-ZN11,Indian Memorial To Indian Field,X-13,X,"100,040,501",DRINKFTN,I,X092-ZN11,A-Van Cortlandt Park-Indian Memorial To Indian Field,226,11,47,10470
X092-DF0453,Activated,A,1,,FALSE,In Shade,TRUE,X092,Van Cortlandt Park,X092-ZN07,Stables Area,X-13,X,"100,040,391",DRINKFTN,I,X092-ZN07,A-Van Cortlandt Park-Stables Area,226,11,50,10471
X092-DF0454,Activated,C,1,,FALSE,"Out in Open, Near Ballfield",TRUE,X092,Van Cortlandt Park,X092-ZN18,Vault Hill,X-13,X,"100,040,415",DRINKFTN,I,X092-ZN18,C-Van Cortlandt Park-Vault Hill,226,11,50,10471
X092-DF0455,Activated,Pedestal High Low and Dog,3,FALSE,FALSE,Out in Open,TRUE,X092,Van Cortlandt Park,X092-ZN06,Parade Ground North,X-13,X,"100,040,417",DRINKFTN,I,X092-ZN06,Pedestal High Low and Dog-Van Cortlandt Park-Parade Ground North,226,11,50,10471
X092-DF0479,Activated,A,1,,FALSE,,TRUE,X092,Van Cortlandt Park,X092-ZN12,Allen Shandler Rec Area,X-13,X,"100,040,493",DRINKFTN,I,X092-ZN12,A-Van Cortlandt Park-Allen Shandler Rec Area,226,11,50,10471
X092-DF0480,Activated,D,1,,FALSE,,TRUE,X092,Van Cortlandt Park,X092-ZN12,Allen Shandler Rec Area,X-13,X,"100,040,494",DRINKFTN,I,X092-ZN12,D-Van Cortlandt Park-Allen Shandler Rec Area,226,11,50,10471
X092-DF0483,NotYetActivated,G,1,,FALSE,,TRUE,X092,Van Cortlandt Park,X092,,X-13,X,"100,043,506",DRINKFTN,I,X092,G-Van Cortlandt Park,226,11,50,10471
X092-DF0484,NotYetActivated,CS Metal,1,,TRUE,,TRUE,X092,Van Cortlandt Park,X092,,X-13,X,"100,043,505",DRINKFTN,I,X092-ZN03,CS Metal-Van Cortlandt Park-Van Cortlandt Pool,226,11,50,10471
X092-DF0485,NotYetActivated,Other,1,,FALSE,,TRUE,X092,Van Cortlandt Park,X092,,X-13,X,"100,043,486",DRINKFTN,I,X092,Other-Van Cortlandt Park,226,11,50,10471
X092-DF0499,Activated,C,1,,FALSE,,TRUE,X092,Van Cortlandt Park,X092-ZN05,Parade Ground South,X-13,X,"100,043,516",DRINKFTN,I,X092-ZN05,C-Van Cortlandt Park-Parade Ground South,226,11,50,10471
X092-DF0506,NotYetActivated,CS Metal,1,,TRUE,Out_in_Open,TRUE,X092,Van Cortlandt Park,X092,,X-13,X,"100,043,510",DRINKFTN,I,X092,CS Metal-Van Cortlandt Park,226,11,50,10471
X092-DF0543,Activated,Indoor Drinking Fountain,1,,TRUE,Indoor,FALSE,X092,Van Cortlandt Park,X092,,X-13,X,"100,043,668",DRINKFTN,I,X092-ZN03-BLG0965,Indoor Drinking Fountain-Van Cortlandt Park-Pool Building,226,11,50,10471
X092-DF0544,Activated,Indoor Drinking Fountain,1,,TRUE,Indoor,FALSE,X092,Van Cortlandt Park,X092,,X-13,X,"100,043,618",DRINKFTN,I,X092-ZN03-BLG0969,Indoor Drinking Fountain-Van Cortlandt Park-MENS LOCKER,226,11,50,10471
X092-DF0554,Activated,Water Cooler,1,,FALSE,Indoor,FALSE,X092,Van Cortlandt Park,X092-ZN04,"V. C. Mansion, Tennis Courts, Mem. Grove",X-13,X,"100,043,521",DRINKFTN,I,X092-ZN04-BLG0963,Water Cooler-Van Cortlandt Park-Van Cortlandt Nature Center,226,11,50,10471
X092-DF0556,Activated,Indoor Drinking Fountain,1,,FALSE,Indoor,FALSE,X092,Van Cortlandt Park,X092-ZN07,Stables Area,X-13,X,"100,043,487",DRINKFTN,I,X092-ZN07-BLG0952,Indoor Drinking Fountain-Van Cortlandt Park-VC GARAGE,226,11,50,10471
X092-DF0557,Activated,Bottle Filler Fountain,2,,FALSE,Indoor,FALSE,X092,Van Cortlandt Park,X092-ZN21,NE Forest,X-13,X,"100,043,621",DRINKFTN,I,X092-ZN21-BLG0958,Bottle Filler Fountain-Van Cortlandt Park-NE Forest-Building,226,11,47,10470
X092-DF0587,Activated,Slop Sink,1,,FALSE,Indoor,FALSE,X092,Van Cortlandt Park,X092-ZN07,Stables Area,X-13,X,"100,043,509",DRINKFTN,I,X092-ZN07-BLG0952,Slop Sink-Van Cortlandt Park-VC GARAGE,226,11,50,10471
X093-DF0246,Activated,F High Low,2,TRUE,FALSE,Under Tree,TRUE,X093,Van Nest Park,X093,,X-11,X,"100,038,707",DRINKFTN,I,X093,F High Low-Van Nest Park,211,13,49,10462
X094-DF0378,Broken,C,1,TRUE,FALSE,Out in Open,TRUE,X094,Bridge Park,X094,,X-05,X,"100,039,402",DRINKFTN,I,X094,C-Bridge Park,205,16,46,10453
X094-DF0379,Broken,C,1,FALSE,FALSE,Out in Open,TRUE,X094,Bridge Park,X094,,X-05,X,"100,039,424",DRINKFTN,I,X094,C-Bridge Park,205,16,46,10453
X094-DF0380,Broken,C,1,FALSE,FALSE,Out in Open,TRUE,X094,Bridge Park,X094,,X-05,X,"100,039,446",DRINKFTN,I,X094,C-Bridge Park,204,16,44,10452
X095-DF0559,Activated,Indoor Drinking Fountain,1,,FALSE,Indoor,FALSE,X095,Williamsbridge Square,X095,,X-14,X,"100,043,666",DRINKFTN,I,X095-BLG5487,Indoor Drinking Fountain-Null,212,12,47,10467
X102-DF0389,Activated,E High Low,2,FALSE,TRUE,"Under Tree, Out in Open, In Playground",TRUE,X102,Ciccarone Park,X102,,X-06,X,"100,039,401",DRINKFTN,I,X102,E High Low-Ciccarone Park,206,15,48,10458
X102-DF0390,Activated,E,1,FALSE,TRUE,"Out in Open, In Playground",TRUE,X102,Ciccarone Park,X102,,X-06,X,"100,039,437",DRINKFTN,I,X102,E-Ciccarone Park,206,15,48,10458
X103-DF0179,Activated,B,1,TRUE,FALSE,"Out in Open, In Playground",TRUE,X103,People's Park,X103,,X-01,X,"100,038,240",DRINKFTN,I,X103,B-People's Park,201,8,40,10454
X103-DF0180,Activated,C,1,TRUE,FALSE,"Out in Open, Near Ballfield",TRUE,X103,People's Park,X103,,X-01,X,"100,038,215",DRINKFTN,I,X103,C-People's Park,201,8,40,10454
X118-DF0148,Activated,A,1,FALSE,FALSE,Near Ballfield,TRUE,X118,Soundview Park,X118-ZN04,Soundview Park Zone 4,X-09,X,"100,038,189",DRINKFTN,I,X118-ZN04,A-Soundview Park-Soundview Park Zone 4,209,18,43,10473
X104-DF0119,Activated,E High Low,2,TRUE,FALSE,In Playground,TRUE,X104,Williamsbridge Oval,X104-01,Plgd w/ Mini Pool & Courts,X-07,X,"100,038,175",DRINKFTN,I,X104-01,E High Low-Williamsbridge Oval-Plgd w/ Mini Pool & Courts,207,11,52,10467
X104-DF0120,Activated,Pedestal High Low and Dog,3,FALSE,FALSE,Out in Open,TRUE,X104,Williamsbridge Oval,X104,,X-07,X,"100,038,117",DRINKFTN,I,X104,Pedestal High Low and Dog-Williamsbridge Oval,207,11,52,10467
X104-DF0121,Activated,C,1,FALSE,FALSE,Out in Open,TRUE,X104,Williamsbridge Oval,X104,,X-07,X,"100,038,144",DRINKFTN,I,X104,C-Williamsbridge Oval,207,11,52,10467
X104-DF0124,Activated,C,1,FALSE,FALSE,"Under Tree, In Playground",TRUE,X104,Williamsbridge Oval,X104-03,Williamsbridge Oval,X-07,X,"100,038,128",DRINKFTN,I,X104-03,C-Williamsbridge Oval-Williamsbridge Oval,207,11,52,10467
X104-DF0133,Activated,C,1,FALSE,FALSE,"Just Outside Playground, Under Tree",TRUE,X104,Williamsbridge Oval,X104,,X-07,X,"100,038,162",DRINKFTN,I,X104,C-Williamsbridge Oval,207,11,52,10467
X104-DF0134,Activated,C,1,FALSE,FALSE,"Just Outside Playground, Under Tree",TRUE,X104,Williamsbridge Oval,X104,,X-07,X,"100,038,185",DRINKFTN,I,X104,C-Williamsbridge Oval,207,11,52,10467
X104-DF0136,Activated,A,1,TRUE,TRUE,"Just Outside Playground, Under Tree",TRUE,X104,Williamsbridge Oval,X104,,X-07,X,"100,038,149",DRINKFTN,I,X104,A-Williamsbridge Oval,207,11,52,10467
X104-DF0138,Activated,E High Low,2,TRUE,TRUE,"In Playground, Out in Open",TRUE,X104,Williamsbridge Oval,X104-02,Williamsbridge Oval,X-07,X,"100,038,116",DRINKFTN,I,X104-02,E High Low-Williamsbridge Oval-Williamsbridge Oval,207,11,52,10467
X104-DF0560,Activated,Indoor Drinking Fountain,1,,FALSE,Indoor,FALSE,X104,Williamsbridge Oval,X104,,X-07,X,"100,043,531",DRINKFTN,I,X104-BLG0854,Indoor Drinking Fountain-Williamsbridge Oval-Recreation Center,207,11,52,10467
X104-DF0561,Activated,Indoor Drinking Fountain,1,,FALSE,Indoor,FALSE,X104,Williamsbridge Oval,X104,,X-07,X,"100,043,507",DRINKFTN,I,X104-BLG0854,Indoor Drinking Fountain-Williamsbridge Oval-Recreation Center,207,11,52,10467
X104-DF0562,Activated,Indoor Drinking Fountain,1,,FALSE,Indoor,FALSE,X104,Williamsbridge Oval,X104,,X-07,X,"100,043,555",DRINKFTN,I,X104-BLG0854,Indoor Drinking Fountain-Williamsbridge Oval-Recreation Center,207,11,52,10467
X107-DF0016,Activated,C,1,TRUE,FALSE,Under Tree,TRUE,X107,Hawkins Park,X107,,X-15,X,"100,037,647",DRINKFTN,I,X107,C-Hawkins Park,210,13,45,10464
X108-DF0463,Activated,D,1,,FALSE,,TRUE,X108,Belmont Playground,X108,,X-06,X,"100,040,469",DRINKFTN,I,X108,D-Belmont Playground,206,15,48,10457
X108-DF0464,Activated,C,1,,FALSE,,TRUE,X108,Belmont Playground,X108,,X-06,X,"100,040,503",DRINKFTN,I,X108,C-Belmont Playground,206,15,48,10457
X108-DF0465,Activated,D,1,,FALSE,,TRUE,X108,Belmont Playground,X108,,X-06,X,"100,040,411",DRINKFTN,I,X108,D-Belmont Playground,206,15,48,10457
X108-DF0466,Activated,C,1,,FALSE,,TRUE,X108,Belmont Playground,X108,,X-06,X,"100,040,405",DRINKFTN,I,X108,C-Belmont Playground,206,15,48,10457
X111-DF0381,Activated,D,1,FALSE,FALSE,"Under Tree, In Playground",TRUE,X111,Cedar Playground,X111,,X-05,X,"100,039,398",DRINKFTN,I,X111,D-Cedar Playground,205,16,46,10453
X111-DF0382,Activated,E High Low,2,FALSE,FALSE,Under Tree,TRUE,X111,Cedar Playground,X111,,X-05,X,"100,039,456",DRINKFTN,I,X111,E High Low-Cedar Playground,205,16,46,10453
X111-DF0462,Activated,B,1,FALSE,FALSE,Under Tree,TRUE,X111,Cedar Playground,X111,,X-05,X,"100,040,439",DRINKFTN,I,X111,B-Cedar Playground,205,16,46,10453
X112-DF0287,Activated,CS Metal,1,FALSE,FALSE,Just Outside Playground,TRUE,X112,Hilton White Playground,X112,,X-03,X,"100,038,986",DRINKFTN,I,X112,CS Metal-Hilton White Playground,203,17,42,10456
X113-DF0345,Activated,Bottle Filler High Low,3,FALSE,FALSE,In Shade,TRUE,X113,Hunts Point Playground,X113,,X-02,X,"100,039,122",DRINKFTN,I,X113,Bottle Filler High Low-Hunts Point Playground,202,17,41,10474
X113-DF0486,Activated,CS Metal,1,,FALSE,,TRUE,X113,Hunts Point Playground,X113,,X-02,X,"100,043,561",DRINKFTN,I,X113,CS Metal-Hunts Point Playground,202,17,41,10474
X113-DF0487,Activated,CS Metal,1,,FALSE,,TRUE,X113,Hunts Point Playground,X113,,X-02,X,"100,043,559",DRINKFTN,I,X113,CS Metal-Hunts Point Playground,202,17,41,10474
X113-DF0583,Activated,E High Low,2,,FALSE,Near Entrance,TRUE,X113,Hunts Point Playground,X113,,X-02,X,"100,043,541",DRINKFTN,I,X113,E High Low-Hunts Point Playground,202,17,41,10474
X114-DF0397,Activated,A,1,,FALSE,"Out in Open, In Playground",TRUE,X114,Goble Playground,X114,,X-04,X,"100,039,450",DRINKFTN,I,X114,A-Goble Playground,204,14,44,10452
X115-DF0208,Activated,C,1,FALSE,FALSE,"Under Tree, In Shade, In Playground",TRUE,X115,Mott Playground,X115,,X-04,X,"100,038,369",DRINKFTN,I,X115,C-Mott Playground,204,16,44,10456
X116-DF0211,Activated,A,1,TRUE,TRUE,In Playground,TRUE,X116,Rev J Polite Playground,X116,,X-02,X,"100,038,357",DRINKFTN,I,X116,A-Rev J Polite Playground,202,17,41,10459
X116-DF0215,Activated,D,1,FALSE,FALSE,Near Ballfield,TRUE,X116,Rev J Polite Playground,X116,,X-02,X,"100,038,384",DRINKFTN,I,X116,D-Rev J Polite Playground,202,17,41,10459
X118-DF0146,Activated,Trough High Low,2,FALSE,FALSE,Near Ballfield,TRUE,X118,Soundview Park,X118-ZN04,Soundview Park Zone 4,X-09,X,"100,038,123",DRINKFTN,I,X118-ZN04,Trough High Low-Soundview Park-Soundview Park Zone 4,209,18,43,10473
X118-DF0147,Activated,C,1,FALSE,TRUE,"In Shade, Near Ballfield",TRUE,X118,Soundview Park,X118-ZN04,Soundview Park Zone 4,X-09,X,"100,038,170",DRINKFTN,I,X118-ZN04,C-Soundview Park-Soundview Park Zone 4,209,18,43,10473
X118-DF0149,Activated,A,1,FALSE,FALSE,Just Outside Playground,TRUE,X118,Soundview Park,X118-01,Soundview Park,X-09,X,"100,038,154",DRINKFTN,I,X118-01,A-Soundview Park-Soundview Park,209,18,43,10473
X118-DF0414,Activated,Trough High Low,2,FALSE,FALSE,Near Ballfield,TRUE,X118,Soundview Park,X118-ZN03,Soundview Park Zone 3,X-09,X,"100,039,629",DRINKFTN,I,X118-ZN03,Trough High Low-Soundview Park-Soundview Park Zone 3,209,18,43,10473
X118-DF0415,Activated,Trough High Low,2,FALSE,FALSE,Near Ballfield,TRUE,X118,Soundview Park,X118-ZN03,Soundview Park Zone 3,X-09,X,"100,039,654",DRINKFTN,I,X118-ZN03,Trough High Low-Soundview Park-Soundview Park Zone 3,209,18,43,10473
X118-DF0416,Activated,Trough High Low,2,FALSE,FALSE,Just Outside Playground,TRUE,X118,Soundview Park,X118-02,Soundview Park,X-09,X,"100,039,626",DRINKFTN,I,X118-02,Trough High Low-Soundview Park-Soundview Park,209,18,43,10473
X118-DF0417,Activated,Trough High Low,2,FALSE,TRUE,In Playground,TRUE,X118,Soundview Park,X118-02,Soundview Park,X-09,X,"100,039,651",DRINKFTN,I,X118-02,Trough High Low-Soundview Park-Soundview Park,209,18,43,10473
X118-DF0418,Activated,A,1,FALSE,FALSE,Near Ballfield,TRUE,X118,Soundview Park,X118-ZN04,Soundview Park Zone 4,X-09,X,"100,039,648",DRINKFTN,I,X118-ZN04,A-Soundview Park-Soundview Park Zone 4,209,18,43,10473
X118-DF0419,Activated,A,1,FALSE,FALSE,Near Ballfield,TRUE,X118,Soundview Park,X118-ZN04,Soundview Park Zone 4,X-09,X,"100,039,671",DRINKFTN,I,X118-ZN04,A-Soundview Park-Soundview Park Zone 4,209,18,43,10473
X118-DF0500,Activated,Trough,1,,FALSE,,TRUE,X118,Soundview Park,X118-02,Soundview Park,X-09,X,"100,043,539",DRINKFTN,I,X118-02,Trough-Soundview Park-Soundview Park,209,18,43,10473
X118-DF0572,Activated,Indoor Drinking Fountain,1,,FALSE,Indoor,FALSE,X118,Soundview Park,X118-ZN04,Soundview Park Zone 4,X-09,X,"100,043,549",DRINKFTN,I,X118-ZN04-BLG0001,Indoor Drinking Fountain-Soundview Park-Soundview Field House,209,18,43,10473
X119-DF0305,Activated,A,1,TRUE,FALSE,"Out in Open, In Playground",TRUE,X119,Alexander's Alley,X119,,X-01,X,"100,039,070",DRINKFTN,I,X119,A-Alexander's Alley,201,8,40,10454
X120-DF0459,Activated,E,1,FALSE,FALSE,Under Tree,TRUE,X120,Highbridge Park,X120,,X-04,X,"100,040,416",DRINKFTN,I,X120,E-Highbridge Park,204,16,44,10452
X121-DF0201,Activated,CS Metal,1,FALSE,FALSE,"In Playground, Out in Open",TRUE,X121,Bufano Park,X121,,X-10,X,"100,038,298",DRINKFTN,I,X121,CS Metal-Bufano Park,210,13,45,10461
X122-DF0194,Activated,F High Low,2,,FALSE,Out in Open,TRUE,X122,Colucci Playground,X122,,X-10,X,"100,038,287",DRINKFTN,I,X122,F High Low-Colucci Playground,210,13,45,10461
X122-DF0195,Activated,A,1,FALSE,FALSE,"Under Tree, In Playground",TRUE,X122,Colucci Playground,X122,,X-10,X,"100,038,277",DRINKFTN,I,X122,A-Colucci Playground,210,13,45,10461
X122-DF0196,Activated,A,1,FALSE,TRUE,"Under Tree, Near Ballfield",TRUE,X122,Colucci Playground,X122,,X-10,X,"100,038,257",DRINKFTN,I,X122,A-Colucci Playground,210,13,45,10461
X123-DF0127,Activated,CS Metal,1,FALSE,TRUE,"In Playground, In Shade, Near Ballfield",TRUE,X123,Noble Playground,X123,,X-09,X,"100,038,151",DRINKFTN,I,X123,CS Metal-Noble Playground,209,18,43,10460
X123-DF0128,Activated,A,1,TRUE,FALSE,"In Playground, Under Tree",TRUE,X123,Noble Playground,X123,,X-09,X,"100,038,096",DRINKFTN,I,X123,A-Noble Playground,209,18,43,10460
X123-DF0129,Activated,A,1,TRUE,TRUE,"Under Tree, In Playground, Near Ballfield",TRUE,X123,Noble Playground,X123,,X-09,X,"100,038,119",DRINKFTN,I,X123,A-Noble Playground,209,18,43,10460
X123-DF0130,Activated,C,1,FALSE,FALSE,Near Ballfield,TRUE,X123,Noble Playground,X123,,X-09,X,"100,038,147",DRINKFTN,I,X123,C-Noble Playground,209,18,43,10460
X124-DF0165,Activated,B,1,TRUE,TRUE,"In Playground, Under Tree",TRUE,X124,Watson Gleason Playground,X124,,X-09,X,"100,038,224",DRINKFTN,I,X124,B-Watson Gleason Playground,209,18,43,10472
X124-DF0167,Activated,C,1,FALSE,FALSE,"Near Ballfield, In Playground",TRUE,X124,Watson Gleason Playground,X124,,X-09,X,"100,038,234",DRINKFTN,I,X124,C-Watson Gleason Playground,209,18,43,10472
X124-DF0168,Activated,A,1,FALSE,FALSE,"Under Tree, Near Ballfield, In Playground",TRUE,X124,Watson Gleason Playground,X124,,X-09,X,"100,038,227",DRINKFTN,I,X124,A-Watson Gleason Playground,209,18,43,10472
X126-DF0028,Activated,C,1,FALSE,FALSE,Out in Open,TRUE,X126,Ferry Point Park,X126-ZN01,Ferry Point Park Zone 1,X-10,X,"100,037,624",DRINKFTN,I,X126-ZN01,C-Ferry Point Park-Ferry Point Park Zone 1,210,13,45,10465
X126-DF0029,Activated,A,1,FALSE,FALSE,"Out in Open, Near Ballfield",TRUE,X126,Ferry Point Park,X126-ZN02,Ferry Point Park Zone 2,X-10,X,"100,037,623",DRINKFTN,I,X126-ZN02,A-Ferry Point Park-Ferry Point Park Zone 2,210,13,45,10465
X126-DF0030,Activated,C,1,FALSE,FALSE,Out in Open,TRUE,X126,Ferry Point Park,X126-ZN02,Ferry Point Park Zone 2,X-10,X,"100,037,607",DRINKFTN,I,X126-ZN02,C-Ferry Point Park-Ferry Point Park Zone 2,210,13,45,10465
X126-DF0197,Activated,D,1,FALSE,FALSE,"Near Ballfield, Out in Open",TRUE,X126,Ferry Point Park,X126-ZN04,Ferry Point Park Zone 4,X-10,X,"100,038,268",DRINKFTN,I,X126-ZN04,D-Ferry Point Park-Ferry Point Park Zone 4,210,13,45,10465
X126-DF0198,Activated,D,1,FALSE,FALSE,"Near Ballfield, Out in Open",TRUE,X126,Ferry Point Park,X126-ZN04,Ferry Point Park Zone 4,X-10,X,"100,038,300",DRINKFTN,I,X126-ZN04,D-Ferry Point Park-Ferry Point Park Zone 4,210,13,45,10465
X126-DF0438,Activated,CS Metal,2,,FALSE,Just Outside Playground,TRUE,X126,Ferry Point Park,X126-ZN04,Ferry Point Park Zone 4,X-10,X,"100,040,337",DRINKFTN,I,X126-ZN04,CS Metal-Ferry Point Park-Ferry Point Park Zone 4,210,13,45,10465
X168-DF0192,Activated,D,1,FALSE,FALSE,"Out in Open, In Playground",TRUE,X168,Nelson Playground,X168,,X-04,X,"100,038,285",DRINKFTN,I,X168,D-Nelson Playground,204,8,44,10452
X126-DF0488,Activated,CS Metal,1,,FALSE,,TRUE,X126,Ferry Point Park,X126-ZN02,Ferry Point Park Zone 2,X-10,X,"100,043,535",DRINKFTN,I,X126-ZN02,CS Metal-Ferry Point Park-Ferry Point Park Zone 2,210,13,45,10465
X126-DF0489,Activated,CS Metal,1,,TRUE,,TRUE,X126,Ferry Point Park,X126-ZN02,Ferry Point Park Zone 2,X-10,X,"100,042,345",DRINKFTN,I,X126-ZN02,CS Metal-Ferry Point Park-Ferry Point Park Zone 2,210,13,45,10465
X131-DF0457,Activated,CS Metal,1,FALSE,TRUE,In Playground,TRUE,X131,Lozada Playground,X131,,X-01,X,"100,040,394",DRINKFTN,I,X131,CS Metal-Lozada Playground,201,8,40,10454
X131-DF0458,Activated,C,1,FALSE,FALSE,Out in Open,TRUE,X131,Lozada Playground,X131,,X-01,X,"100,040,418",DRINKFTN,I,X131,C-Lozada Playground,201,8,40,10454
X136-DF0152,Activated,CS Metal,1,FALSE,TRUE,"In Shade, Just Outside Playground",TRUE,X136,Harris Park,X136-01,Harris Playground,X-07,X,"100,038,103",DRINKFTN,I,X136-01,CS Metal-Harris Park-Harris Playground,207,11,52,10468
X136-DF0154,Activated,D,1,FALSE,FALSE,"Near Ballfield, Out in Open",TRUE,X136,Harris Park,X136,,X-07,X,"100,038,126",DRINKFTN,I,X136,D-Harris Park,207,11,52,10468
X136-DF0156,Activated,D,1,FALSE,FALSE,"Near Ballfield, Out in Open",TRUE,X136,Harris Park,X136,,X-07,X,"100,038,109",DRINKFTN,I,X136,D-Harris Park,207,11,52,10468
X136-DF0157,Activated,D,1,FALSE,FALSE,"Near Ballfield, Out in Open",TRUE,X136,Harris Park,X136,,X-07,X,"100,038,132",DRINKFTN,I,X136,D-Harris Park,207,11,52,10468
X136-DF0158,Activated,D,1,FALSE,FALSE,"Near Ballfield, Out in Open",TRUE,X136,Harris Park,X136,,X-07,X,"100,038,190",DRINKFTN,I,X136,D-Harris Park,207,11,52,10468
X136-DF0159,Activated,D,1,FALSE,FALSE,"Near Ballfield, Out in Open",TRUE,X136,Harris Park,X136,,X-07,X,"100,038,197",DRINKFTN,I,X136,D-Harris Park,207,11,52,10468
X136-DF0160,Activated,D,1,FALSE,FALSE,"Out in Open, Near Ballfield",TRUE,X136,Harris Park,X136,,X-07,X,"100,038,241",DRINKFTN,I,X136,D-Harris Park,207,11,52,10468
X137-DF0186,Activated,E,1,TRUE,FALSE,Out in Open,TRUE,X137,Jerome Park,X137,,X-07,X,"100,038,246",DRINKFTN,I,X137,E-Jerome Park,208,11,50,10468
X141-DF0045,Activated,A,1,FALSE,FALSE,"Under Tree, In Shade, In Playground",TRUE,X141,Rienzi Playground,X141,,X-12,X,"100,037,716",DRINKFTN,I,X141,A-Rienzi Playground,212,12,47,10466
X141-DF0046,Activated,Pedestal,1,FALSE,FALSE,"In Playground, Out in Open",TRUE,X141,Rienzi Playground,X141,,X-12,X,"100,037,743",DRINKFTN,I,X141,Pedestal-Rienzi Playground,212,12,47,10466
X146-DF0302,Activated,C,1,TRUE,FALSE,"Out in Open, In Playground",TRUE,X146,Flynn Playground,X146,,X-01,X,"100,039,036",DRINKFTN,I,X146,C-Flynn Playground,201,17,40,10451
X146-DF0303,Activated,A,1,TRUE,FALSE,"Out in Open, In Playground",TRUE,X146,Flynn Playground,X146,,X-01,X,"100,039,048",DRINKFTN,I,X146,A-Flynn Playground-Comfort Station,201,17,40,10451
X147A-DF0067,Activated,D,1,TRUE,FALSE,Out in Open,TRUE,X147A,Starlight Park,X147A-ZN01,Starlight Park Zone 1,X-14,X,"100,037,956",DRINKFTN,I,X147A-ZN01,D-Starlight Park-Starlight Park Zone 1,209,17,43,10459
X147A-DF0503,Activated,Other,1,,FALSE,,TRUE,X147A,Starlight Park,X147A-ZN01,Starlight Park Zone 1,X-14,X,"100,043,536",DRINKFTN,I,X147A-ZN01,Other-Starlight Park-Starlight Park Zone 1,209,17,43,10459
X148C5-DF0371,Activated,A,1,TRUE,FALSE,"Under Tree, In Playground",TRUE,X148C5,Jennie Jerome Playground,X148C5,,X-05,X,"100,039,271",DRINKFTN,I,X148C5,A-Jennie Jerome Playground,205,14,46,10453
X148C7-DF0396,,A,1,FALSE,TRUE,Out in Open,TRUE,X148C7,Jerome Playground South,X148C7,,X-04,X,"100,039,482",DRINKFTN,I,X148C7,A-Jerome Playground South,204,14,44,10452
X148D1-DF0370,Activated,C,1,FALSE,FALSE,"Under Tree, In Playground",TRUE,X148D1,Morris Mesa,X148D1,,X-05,X,"100,039,267",DRINKFTN,I,X148D1,C-Morris Mesa,205,15,46,10457
X148L1-DF0469,UnderConstruction,A,1,,FALSE,,TRUE,X148L1,Virginia Park,X148L1,,X-09,X,"100,040,436",DRINKFTN,I,X148L1,A-Virginia Park,209,18,43,10462
X148L1-DF0470,UnderConstruction,A,1,,FALSE,,TRUE,X148L1,Virginia Park,X148L1,,X-09,X,"100,040,464",DRINKFTN,I,X148L1,A-Virginia Park,209,18,43,10472
X148L-DF0468,Activated,A,1,,TRUE,,TRUE,X148L,Virginia Playground,X148L,,X-09,X,"100,040,406",DRINKFTN,I,X148L,A-Virginia Playground,209,18,43,10462
X148M1-DF0135,Activated,A,1,TRUE,FALSE,"Under Tree, In Playground",TRUE,X148M1,Havemeyer Playground,X148M1,,X-09,X,"100,038,120",DRINKFTN,I,X148M1,A-Havemeyer Playground,209,18,43,10462
X150E-DF0171,Activated,D,1,FALSE,FALSE,"Near Ballfield, Out in Open",TRUE,X150E,Fordham Landing Playground,X150E,,X-07,X,"100,038,235",DRINKFTN,I,X150E,D-Fordham Landing Playground,207,14,52,10468
X150I-DF0476,Activated,A,1,,FALSE,,TRUE,X150I,Cooney Grauer Field,X150I,,X-08,X,"100,040,433",DRINKFTN,I,X150I,A-Cooney Grauer Field,208,14,50,10463
X150J-DF0408,Activated,A,1,TRUE,FALSE,"Under Tree, In Shade",TRUE,X150J,Bailey Playground,X150J-01,Playground,X-08,X,"100,039,656",DRINKFTN,I,X150J-01,A-Bailey Playground-Playground,208,11,50,10463
X150J-DF0409,Activated,A,1,TRUE,FALSE,Out in Open,TRUE,X150J,Bailey Playground,X150J-01,Playground,X-08,X,"100,039,599",DRINKFTN,I,X150J-01,A-Bailey Playground-Playground,208,11,50,10463
X151-DF0137,Activated,E,1,TRUE,TRUE,In Playground,TRUE,X151,P.O. Serrano Playground,X151,,X-09,X,"100,038,171",DRINKFTN,I,X151,E-P.O. Serrano Playground,209,18,43,10473
X151-DF0139,Activated,CS Metal,1,FALSE,FALSE,"In Playground, In Shade",TRUE,X151,P.O. Serrano Playground,X151,,X-09,X,"100,038,142",DRINKFTN,I,X151,CS Metal-P.O. Serrano Playground,209,18,43,10473
X151-DF0140,Activated,C,1,FALSE,FALSE,"Near Ballfield, In Playground",TRUE,X151,P.O. Serrano Playground,X151,,X-09,X,"100,038,168",DRINKFTN,I,X151,C-P.O. Serrano Playground,209,18,43,10473
X151-DF0173,Activated,C,1,FALSE,FALSE,Near Ballfield,TRUE,X151,P.O. Serrano Playground,X151,,X-09,X,"100,038,228",DRINKFTN,I,X151,C-P.O. Serrano Playground,209,18,43,10473
X152-DF0473,Activated,A,1,,FALSE,,TRUE,X152,Vinmont Veteran Park,X152,,X-08,X,"100,040,437",DRINKFTN,I,X152,A-Vinmont Veteran Park,208,11,50,10471
X152-DF0474,Activated,A,1,,FALSE,,TRUE,X152,Vinmont Veteran Park,X152,,X-08,X,"100,040,404",DRINKFTN,I,X152,A-Vinmont Veteran Park,208,11,50,10471
X152-DF0475,Activated,D,1,,FALSE,,TRUE,X152,Vinmont Veteran Park,X152,,X-08,X,"100,040,497",DRINKFTN,I,X152,D-Vinmont Veteran Park,208,11,50,10471
X153-DF0189,Activated,A,1,TRUE,TRUE,"Under Tree, In Shade, In Playground",TRUE,X153,Merriam Playground,X153-01,Merriam Plgd (Upper),X-04,X,"100,038,288",DRINKFTN,I,X153-01,A-Merriam Playground-Merriam Plgd (Upper),204,16,44,10452
X153-DF0190,Activated,C,1,FALSE,FALSE,"Under Tree, In Shade, In Playground",TRUE,X153,Merriam Playground,X153-02,Merriam Plgd (Lower),X-04,X,"100,038,253",DRINKFTN,I,X153-02,C-Merriam Playground-Merriam Plgd (Lower),204,16,44,10452
X153-DF0191,Activated,A,1,FALSE,FALSE,"Under Tree, In Shade, In Playground",TRUE,X153,Merriam Playground,X153-02,Merriam Plgd (Lower),X-04,X,"100,038,290",DRINKFTN,I,X153-02,A-Merriam Playground-Merriam Plgd (Lower),204,16,44,10452
X153-DF0439,Activated,E,1,,FALSE,In Shade,TRUE,X153,Merriam Playground,X153-01,Merriam Plgd (Upper),X-04,X,"100,040,338",DRINKFTN,I,X153-01,E-Merriam Playground-Merriam Plgd (Upper),204,16,44,10452
X154-DF0299,Activated,D,1,TRUE,TRUE,"Out in Open, In Playground",TRUE,X154,Melrose Playground,X154,,X-01,X,"100,039,030",DRINKFTN,I,X154,D-Melrose Playground,201,17,40,10451
X155-DF0306,UnderConstruction,C,1,TRUE,FALSE,"Out in Open, Just Outside Playground",TRUE,X155,Patterson Playground,X155,,X-01,X,"100,039,000",DRINKFTN,I,X155,C-Patterson Playground,201,8,40,10451
X156-DF0253,Activated,CS Metal,1,FALSE,TRUE,In Playground,TRUE,X156,Eastchester Playground,X156,,X-11,X,"100,038,789",DRINKFTN,I,X156,CS Metal-Eastchester Playground,211,12,49,10469
X157-DF0251,Activated,CS Metal,1,FALSE,FALSE,Under Tree,TRUE,X157,Mazzei Playground,X157,,X-11,X,"100,038,706",DRINKFTN,I,X157,CS Metal-Mazzei Playground,211,13,49,10469
X157-DF0349,Activated,A,1,TRUE,FALSE,"Out in Open, Just Outside Playground",TRUE,X157,Mazzei Playground,X157,,X-11,X,"100,039,161",DRINKFTN,I,X157,A-Mazzei Playground,211,13,49,10469
X158-DF0372,Activated,C,1,FALSE,FALSE,In Playground,TRUE,X158,Sedgwick Playground,X158,,X-05,X,"100,039,364",DRINKFTN,I,X158,C-Sedgwick Playground,205,16,46,10453
X159-DF0123,Activated,A,1,TRUE,FALSE,"In Playground, Under Tree",TRUE,X159,Playground 174,X159,,X-09,X,"100,038,105",DRINKFTN,I,X159,A-Playground 174,209,18,43,10472
X159-DF0182,Activated,A,1,TRUE,FALSE,"Under Tree, In Playground",TRUE,X159,Playground 174,X159,,X-09,X,"100,038,203",DRINKFTN,I,X159,A-Playground 174,209,18,43,10472
X160-DF0132,Activated,C,1,FALSE,FALSE,In Playground,TRUE,X160,Caserta Playground,X160,,X-09,X,"100,038,114",DRINKFTN,I,X160,C-Caserta Playground,209,18,43,10462
X161-DF0021,Activated,C,1,FALSE,FALSE,"In Playground, In Shade",TRUE,X161,Gun Hill Playground,X161,,X-12,X,"100,037,610",DRINKFTN,I,X161,C-Gun Hill Playground,212,12,47,10467
X162-DF0240,Activated,CS Metal,1,FALSE,FALSE,Under Tree,TRUE,X162,Parkside Playground,X162,,X-11,X,"100,038,635",DRINKFTN,I,X162,CS Metal-Parkside Playground,211,15,49,10467
X163-DF0249,Activated,A,1,FALSE,FALSE,In Playground,TRUE,X163,Loreto Playground,X163,,X-11,X,"100,038,733",DRINKFTN,I,X163,A-Loreto Playground,211,13,49,10461
X163-DF0250,Activated,E High Low,2,TRUE,FALSE,In Playground,TRUE,X163,Loreto Playground,X163,,X-11,X,"100,038,784",DRINKFTN,I,X163,E High Low-Loreto Playground,211,13,49,10461
X163-DF0271,Activated,A,1,FALSE,FALSE,Under Tree,TRUE,X163,Loreto Playground,X163,,X-11,X,"100,038,850",DRINKFTN,I,X163,A-Loreto Playground,211,13,49,10461
X163-DF0272,Activated,E High Low,2,TRUE,FALSE,Under Tree,TRUE,X163,Loreto Playground,X163,,X-11,X,"100,038,842",DRINKFTN,I,X163,E High Low-Loreto Playground,211,13,49,10461
X164-DF0202,Activated,A,1,TRUE,FALSE,In Playground,TRUE,X164,Dawson Playground,X164,,X-02,X,"100,038,336",DRINKFTN,I,X164,A-Dawson Playground,202,17,41,10459
X165-DF0006,Activated,D,1,TRUE,FALSE,In Playground,TRUE,X165,Edenwald Playground,X165,,X-12,X,"100,037,615",DRINKFTN,I,X165,D-Edenwald Playground,212,12,47,10466
X166-DF0280,Activated,A,1,TRUE,FALSE,"Out in Open, Near Ballfield",TRUE,X166,Behagen Playground,X166,,X-03,X,"100,038,988",DRINKFTN,I,X166,A-Behagen Playground,203,16,42,10456
X166-DF0281,Activated,D,1,TRUE,FALSE,"Under Tree, Just Outside Playground",TRUE,X166,Behagen Playground,X166,,X-03,X,"100,038,912",DRINKFTN,I,X166,D-Behagen Playground,203,16,42,10456
X166-DF0282,Activated,C,1,FALSE,FALSE,"Out in Open, Near Ballfield",TRUE,X166,Behagen Playground,X166,,X-03,X,"100,038,937",DRINKFTN,I,X166,C-Behagen Playground,203,16,42,10456
X166-DF0283,Activated,C,1,FALSE,FALSE,"Near Ballfield, Out in Open",TRUE,X166,Behagen Playground,X166,,X-03,X,"100,038,959",DRINKFTN,I,X166,C-Behagen Playground,203,16,42,10456
X166-DF0440,Activated,C,1,TRUE,FALSE,Near Ballfield,TRUE,X166,Behagen Playground,X166,,X-03,X,"100,040,363",DRINKFTN,I,X166,C-Behagen Playground,203,16,42,10456
X168-DF0193,Activated,Bottle Filler High Low,3,FALSE,FALSE,Under Tree,TRUE,X168,Nelson Playground,X168,,X-04,X,"100,038,281",DRINKFTN,I,X168,Bottle Filler High Low-Nelson Playground,204,8,44,10452
X169-DF0490,Activated,CS Metal,1,,FALSE,,TRUE,X169,Agnes Haywood Playground,X169,,X-12,X,"100,043,545",DRINKFTN,I,X169,CS Metal-Agnes Haywood Playground,212,12,47,10467
X169-DF0491,Activated,Bottle Filler High Low,3,,FALSE,,TRUE,X169,Agnes Haywood Playground,X169,,X-12,X,"100,043,573",DRINKFTN,I,X169,Bottle Filler High Low-Agnes Haywood Playground,212,12,47,10467
X170-DF0031,Activated,D,1,FALSE,FALSE,"In Playground, Under Tree",TRUE,X170,The Pearly Gates,X170,,X-10,X,"100,037,714",DRINKFTN,I,X170,D-The Pearly Gates,210,13,45,10461
X170-DF0471,Activated,D,1,,FALSE,,TRUE,X170,The Pearly Gates,X170,,X-10,X,"100,040,496",DRINKFTN,I,X170,D-The Pearly Gates,210,13,45,10461
X171-DF0109,Activated,CS Metal,1,FALSE,FALSE,,TRUE,X171,Spuyten Duyvil Playground,X171,,X-08,X,"100,037,925",DRINKFTN,I,X171,CS Metal-Spuyten Duyvil Playground,208,11,50,10463
X171-DF0565,Activated,Indoor Drinking Fountain,1,,FALSE,Indoor,FALSE,X171,Spuyten Duyvil Playground,X171,,X-08,X,"100,043,543",DRINKFTN,I,X171-BLG0865,Indoor Fountain-Spuyten Duyvil Playground-Comfort Station,208,11,50,10463
X171-DF0590,Activated,CS Concrete,1,,FALSE,,TRUE,X171,Spuyten Duyvil Playground,X171,,X-08,X,"100,043,547",DRINKFTN,I,X171,CS Concrete-Spuyten Duyvil Playground,208,11,50,10463
X172-DF0252,Activated,CS Metal,1,FALSE,FALSE,In Playground,TRUE,X172,Allerton Playground,X172,,X-11,X,"100,038,715",DRINKFTN,I,X172,CS Metal-Allerton Playground,211,13,49,10469
X174-DF0219,Activated,E High Low,2,FALSE,TRUE,"In Playground, Under Tree",TRUE,X174,Webster Playground,X174,,X-06,X,"100,038,344",DRINKFTN,I,X174,E High Low-Webster Playground,206,15,48,10458
X174-DF0355,Activated,E,1,FALSE,FALSE,"Under Tree, In Shade",TRUE,X174,Webster Playground,X174,,X-06,X,"100,039,185",DRINKFTN,I,X174,E-Webster Playground,206,15,48,10458
X175-DF0170,Activated,C,1,FALSE,TRUE,"In Playground, Under Tree",TRUE,X175,Riverbend Playground,X175,,X-07,X,"100,038,194",DRINKFTN,I,X175,C-Riverbend Playground,207,14,52,10463
X176-DF0126,Activated,A,1,TRUE,FALSE,In Playground,TRUE,X176,Taylor Playground,X176,,X-09,X,"100,038,095",DRINKFTN,I,X176,A-Taylor Playground,209,18,43,10460
X177-DF0131,Activated,C,1,FALSE,FALSE,"In Playground, In Shade, Under Tree",TRUE,X177,Castle Hill Playground,X177,,X-09,X,"100,038,093",DRINKFTN,I,X177,C-Castle Hill Playground,209,18,43,10462
X178-DF0247,Activated,C,1,FALSE,FALSE,In Playground,TRUE,X178,Matthews Muliner Playground,X178,,X-11,X,"100,038,713",DRINKFTN,I,X178,C-Matthews Muliner Playground,211,13,49,10462
X178-DF0248,Activated,C,1,FALSE,FALSE,Under Tree,TRUE,X178,Matthews Muliner Playground,X178,,X-11,X,"100,038,786",DRINKFTN,I,X178,C-Matthews Muliner Playground,211,13,49,10462
X179-DF0342,Activated,F High Low,2,TRUE,FALSE,In Playground,TRUE,X179,Playground 52 LII,X179,,X-02,X,"100,039,073",DRINKFTN,I,X179,F High Low-Playground 52 LII,202,17,41,10455
X179-DF0343,Activated,Bottle Filler,1,FALSE,FALSE,Just Outside Playground,TRUE,X179,Playground 52 LII,X179,,X-02,X,"100,039,123",DRINKFTN,I,X179,Bottle Filler-Playground 52 LII,202,17,41,10455
X179-DF0344,Activated,CS Metal,1,FALSE,FALSE,In Shade,TRUE,X179,Playground 52 LII,X179,,X-02,X,"100,039,149",DRINKFTN,I,X179,CS Metal-Playground 52 LII,202,17,41,10455
X180-DF0492,Activated,F High Low,2,,FALSE,,TRUE,X180,Whalen Playground,X180,,X-07,X,"100,043,550",DRINKFTN,I,X180,F High Low-Whalen Playground,207,11,52,10467
X182-DF0181,Activated,E High Low,2,FALSE,FALSE,"Out in Open, In Playground",TRUE,X182,Millbrook Playground,X182,,X-01,X,"100,038,209",DRINKFTN,I,X182,E High Low-Millbrook Playground,201,8,40,10454
X182-DF0493,Activated,Bottle Filler,1,,FALSE,,TRUE,X182,Millbrook Playground,X182,,X-01,X,"100,043,578",DRINKFTN,I,X182,Bottle Filler-Millbrook Playground,201,8,40,10454
X182-DF0502,Activated,Bottle Filler High Low,3,,FALSE,,TRUE,X182,Millbrook Playground,X182,,X-01,X,"100,043,560",DRINKFTN,I,X182,Bottle Filler High Low-Millbrook Playground,201,8,40,10454
X183-DF0032,Activated,C,1,TRUE,FALSE,"Out in Open, In Playground",TRUE,X183,Bruckner Playground,X183,,X-10,X,"100,037,710",DRINKFTN,I,X183,C-Bruckner Playground,210,13,45,10465
X183-DF0199,Activated,A,1,FALSE,FALSE,"In Playground, Out in Open",TRUE,X183,Bruckner Playground,X183,,X-10,X,"100,038,299",DRINKFTN,I,X183,A-Bruckner Playground,210,13,45,10465
X185-DF0285,Activated,C,1,FALSE,FALSE,"Out in Open, Near Ballfield",TRUE,X185,Dunbar Playground,X185,,X-03,X,"100,038,934",DRINKFTN,I,X185,C-Dunbar Playground,203,16,42,10456
X185-DF0286,Activated,C,1,FALSE,FALSE,"Out in Open, Near Ballfield",TRUE,X185,Dunbar Playground,X185,,X-03,X,"100,038,956",DRINKFTN,I,X185,C-Dunbar Playground,203,16,42,10456
X186-DF0110,Activated,A,1,,FALSE,"In Shade, Under Tree",TRUE,X186,Riverdale Playground,X186,,X-08,X,"100,037,924",DRINKFTN,I,X186,A-Riverdale Playground,208,11,50,10463
X186-DF0477,Activated,A,1,,FALSE,,TRUE,X186,Riverdale Playground,X186,,X-08,X,"100,040,461",DRINKFTN,I,X186,A-Riverdale Playground,208,11,50,10463
X187-DF0056,Activated,D,1,FALSE,FALSE,"Out in Open, In Playground",TRUE,X187,Givan Square,X187-01,Angelo Campanaro Plgd,X-12,X,"100,037,791",DRINKFTN,I,X187-01,D-Givan Square-Angelo Campanaro Plgd,211,12,49,10469
X201-DF0115,Activated,A,1,TRUE,FALSE,"Out in Open, Under Tree",TRUE,X201,Seton Park,X201,,X-08,X,"100,038,111",DRINKFTN,I,X201,A-Seton Park,208,11,50,10471
X187-DF0057,Activated,D,1,TRUE,FALSE,"Under Tree, In Shade, In Playground",TRUE,X187,Givan Square,X187-01,Angelo Campanaro Plgd,X-12,X,"100,037,713",DRINKFTN,I,X187-01,D-Givan Square-Angelo Campanaro Plgd,211,12,49,10469
X188-DF0002,Activated,CS Metal,1,FALSE,FALSE,"In Shade, In Playground",TRUE,X188,Wakefield Playground,X188,,X-12,X,"100,037,631",DRINKFTN,I,X188,CS Metal-Wakefield Playground,212,11,47,10470
X188-DF0003,Activated,A,1,TRUE,FALSE,"Under Tree, In Shade, Near Ballfield",TRUE,X188,Wakefield Playground,X188,,X-12,X,"100,037,619",DRINKFTN,I,X188,A-Wakefield Playground,212,11,47,10470
X188-DF0004,Activated,A,1,TRUE,FALSE,Out in Open,TRUE,X188,Wakefield Playground,X188,,X-12,X,"100,037,605",DRINKFTN,I,X188,A-Wakefield Playground,212,11,47,10470
X190-DF0341,Activated,C,1,TRUE,FALSE,In Playground,TRUE,X190,Tiffany Playground,X190,,X-02,X,"100,039,033",DRINKFTN,I,X190,C-Tiffany Playground,202,17,41,10459
X191A-DF0033,Activated,C,1,TRUE,FALSE,Out in Open,TRUE,X191A,Bicentennial Veterans Memorial Park,X191A,,X-10,X,"100,037,734",DRINKFTN,I,X191A,C-Bicentennial Veterans Memorial Park,210,13,45,10465
X191A-DF0034,Activated,A,1,TRUE,FALSE,"Near Ballfield, Out in Open",TRUE,X191A,Bicentennial Veterans Memorial Park,X191A,,X-10,X,"100,037,762",DRINKFTN,I,X191A,A-Bicentennial Veterans Memorial Park,210,13,45,10465
X191A-DF0035,Activated,A,1,FALSE,FALSE,"Under Tree, Out in Open",TRUE,X191A,Bicentennial Veterans Memorial Park,X191A,,X-10,X,"100,037,730",DRINKFTN,I,X191A,A-Bicentennial Veterans Memorial Park,210,13,45,10465
X193-DF0049,Activated,C,1,FALSE,FALSE,"Under Tree, In Shade",TRUE,X193,Stars & Stripes Playground,X193,,X-12,X,"100,037,775",DRINKFTN,I,X193,C-Stars & Stripes Playground,212,12,47,10466
X193-DF0050,Activated,C,1,TRUE,FALSE,"Under Tree, In Shade",TRUE,X193,Stars & Stripes Playground,X193,,X-12,X,"100,037,698",DRINKFTN,I,X193,C-Stars & Stripes Playground,212,12,47,10466
X193-DF0051,Activated,C,1,FALSE,FALSE,"In Shade, In Playground",TRUE,X193,Stars & Stripes Playground,X193,,X-12,X,"100,037,721",DRINKFTN,I,X193,C-Stars & Stripes Playground,212,12,47,10466
X194-DF0301,Activated,A,1,TRUE,TRUE,"Under Tree, Out in Open, In Playground",TRUE,X194,Captain Rivera Playground,X194,,X-01,X,"100,039,075",DRINKFTN,I,X194,A-Captain Rivera Playground,201,17,40,10455
X195A-DF0161,Activated,B,1,FALSE,FALSE,"In Playground, Under Tree",TRUE,X195A,Colgate Close,X195A,,X-09,X,"100,038,217",DRINKFTN,I,X195A,B-Colgate Close,209,17,43,10472
X195A-DF0162,Activated,C,1,FALSE,FALSE,"In Playground, Under Tree",TRUE,X195A,Colgate Close,X195A,,X-09,X,"100,038,210",DRINKFTN,I,X195A,C-Colgate Close,209,17,43,10472
X195A-DF0163,Activated,C,1,FALSE,FALSE,"Under Tree, Near Ballfield",TRUE,X195A,Colgate Close,X195A,,X-09,X,"100,038,205",DRINKFTN,I,X195A,C-Colgate Close,209,17,43,10472
X196-DF0037,Activated,A,1,,FALSE,"Just Outside Playground, In Shade",TRUE,X196,Haffen Park,X196,,X-12,X,"100,037,729",DRINKFTN,I,X196,A-Haffen Park,212,12,47,10469
X196-DF0038,Activated,A,1,TRUE,FALSE,"In Playground, Under Tree, In Shade",TRUE,X196,Haffen Park,X196-02,Haffen Park Playground,X-12,X,"100,037,755",DRINKFTN,I,X196-02,A-Haffen Park-Haffen Park Playground,212,12,47,10469
X196-DF0039,Activated,A,1,TRUE,FALSE,"Under Tree, In Shade, In Playground",TRUE,X196,Haffen Park,X196-02,Haffen Park Playground,X-12,X,"100,037,696",DRINKFTN,I,X196-02,A-Haffen Park-Haffen Park Playground,212,12,47,10469
X196-DF0040,Activated,A,1,TRUE,FALSE,"Under Tree, In Shade",TRUE,X196,Haffen Park,X196,,X-12,X,"100,037,720",DRINKFTN,I,X196,A-Haffen Park,212,12,47,10469
X196-DF0041,Activated,A,1,FALSE,FALSE,"Near Ballfield, In Shade",TRUE,X196,Haffen Park,X196,,X-12,X,"100,037,760",DRINKFTN,I,X196,A-Haffen Park,212,12,47,10469
X196-DF0042,Activated,A,1,FALSE,FALSE,"Near Ballfield, In Shade",TRUE,X196,Haffen Park,X196,,X-12,X,"100,037,783",DRINKFTN,I,X196,A-Haffen Park,212,12,47,10469
X196-DF0043,Activated,C,1,TRUE,FALSE,"Under Tree, In Shade",TRUE,X196,Haffen Park,X196,,X-12,X,"100,037,706",DRINKFTN,I,X196,C-Haffen Park,212,12,47,10469
X196-DF0563,Activated,Food Prep Sink,1,,FALSE,Indoor,FALSE,X196,Haffen Park,X196,,X-12,X,"100,043,667",DRINKFTN,I,X196-BLG7403,Food Prep Sink-Haffen Park-Pool,212,12,47,10469
X196-DF0564,Activated,Water Cooler,1,,TRUE,Indoor,FALSE,X196,Haffen Park,X196,,X-12,X,"100,043,665",DRINKFTN,I,X196-BLG7404,Water Cooler-Haffen Park,212,12,47,10469
X196-DF0573,Activated,Indoor Drinking Fountain,1,,TRUE,Indoor,FALSE,X196,Haffen Park,X196,,X-12,X,"100,043,537",DRINKFTN,I,X196-BLG0937,Indoor Drinking Fountain-Haffen Park-Haffen Park Field House,212,12,47,10469
X196-DF0574,Activated,Food Prep Sink,1,,FALSE,Indoor,FALSE,X196,Haffen Park,X196,,X-12,X,"100,043,557",DRINKFTN,I,X196-BLG0938,Food Prep Sink-Haffen Park-Comfort Station,212,12,47,10469
X200-DF0183,Activated,D,1,FALSE,FALSE,"Out in Open, In Playground",TRUE,X200,Clark Playground,X200,,X-01,X,"100,038,233",DRINKFTN,I,X200,D-Clark Playground,201,8,40,10454
X200-DF0304,Activated,D,1,TRUE,FALSE,"Out in Open, In Playground",TRUE,X200,Clark Playground,X200,,X-01,X,"100,039,081",DRINKFTN,I,X200,D-Clark Playground,201,8,40,10454
X201-DF0113,Activated,A,1,TRUE,FALSE,Out in Open,TRUE,X201,Seton Park,X201-01,Seton Park Playground,X-08,X,"100,038,181",DRINKFTN,I,X201-01,A-Seton Park-Seton Park Playground,208,11,50,10471
X201-DF0114,Activated,A,1,TRUE,FALSE,Out in Open,TRUE,X201,Seton Park,X201,,X-08,X,"100,038,141",DRINKFTN,I,X201,A-Seton Park,208,11,50,10471
,Activated,Bottle Filler Fountain,,,FALSE,,TRUE,,,,,Q-14,Q,,DRINKFTN,,,,,,,
X202-DF0405,Activated,A,1,TRUE,FALSE,Out in Open,TRUE,X202,Marble Hill Playground,X202,,X-08,X,"100,039,677",DRINKFTN,I,X202,A-Marble Hill Playground,208,11,50,10463
X202-DF0406,Activated,A,1,TRUE,FALSE,Out in Open,TRUE,X202,Marble Hill Playground,X202,,X-08,X,"100,039,603",DRINKFTN,I,X202,A-Marble Hill Playground,208,11,50,10463
X202-DF0407,Activated,D,1,TRUE,FALSE,Out in Open,TRUE,X202,Marble Hill Playground,X202,,X-08,X,"100,039,652",DRINKFTN,I,X202,D-Marble Hill Playground,208,10,50,10463
X203-DF0141,Activated,C,1,FALSE,FALSE,"In Shade, In Playground",TRUE,X203,Randall Playground,X203,,,,"100,038,112",DRINKFTN,I,X203,C-Randall Playground,209,18,43,10473
X204-DF0472,Activated,C,1,,FALSE,,TRUE,X204,Story Playground,X204,,,,"100,040,407",DRINKFTN,I,X204,C-Story Playground,209,18,43,10473
X205-DF0494,Activated,Bottle Filler High Low,3,,FALSE,,TRUE,X205,Black Rock Playground,X205,,,,"100,043,552",DRINKFTN,I,X205,Bottle Filler High Low-Yadira Arroyo Park,209,18,43,10472
X206-DF0291,Activated,C,1,FALSE,FALSE,"In Shade, Under Tree",TRUE,X206,Morgan Playground,X206,,,,"100,039,032",DRINKFTN,I,X206,C-Morgan Playground,203,16,42,10456
X206-DF0292,Activated,A,1,FALSE,FALSE,"Out in Open, In Playground",TRUE,X206,Morgan Playground,X206,,,,"100,039,053",DRINKFTN,I,X206,A-Morgan Playground,203,16,42,10456
X211-DF0269,Activated,C,1,FALSE,FALSE,In Playground,TRUE,X211,Stebbins Playground,X211,,,,"100,038,826",DRINKFTN,I,X211,C-Stebbins Playground,202,17,41,10459
X214-DF0020,Activated,CS Metal,1,,FALSE,In Playground,TRUE,X214,Magenta Playground,X214,,X-12,X,"100,037,667",DRINKFTN,I,X214,CS Metal-Magenta Playground,212,12,47,10467
X216-DF0273,Activated,A,1,TRUE,TRUE,"In Playground, Out in Open",TRUE,X216,Abigail Playground,X216,,X-01,X,"100,038,864",DRINKFTN,I,X216,A-Abigail Playground,201,17,40,10455
X216-DF0274,Activated,C,1,TRUE,FALSE,"Out in Open, In Playground",TRUE,X216,Abigail Playground,X216,,X-01,X,"100,038,846",DRINKFTN,I,X216,C-Abigail Playground,201,17,40,10455
X217-DF0184,Activated,C,1,TRUE,FALSE,"Out in Open, Near Ballfield",TRUE,X217,Willis Playground,X217,,X-01,X,"100,038,223",DRINKFTN,I,X217,C-Willis Playground,201,8,40,10454
X217-DF0460,Activated,CS Metal,1,FALSE,FALSE,Just Outside Playground,TRUE,X217,Willis Playground,X217,,X-01,X,"100,040,446",DRINKFTN,I,X217,CS Metal-Willis Playground,201,8,40,10454
X219-DF0209,Activated,A,1,TRUE,TRUE,"Under Tree, In Shade, In Playground",TRUE,X219,Arcilla Playground,X219,,X-04,X,"100,038,365",DRINKFTN,I,X219,A-Arcilla Playground,204,17,44,10456
X219-DF0210,Activated,A,1,FALSE,FALSE,Out in Open,TRUE,X219,Arcilla Playground,X219,,X-04,X,"100,038,390",DRINKFTN,I,X219,A-Arcilla Playground,204,17,44,10456
X221-DF0145,Activated,D,1,TRUE,TRUE,In Playground,TRUE,X221,Space Time Playground,X221,,X-09,X,"100,038,191",DRINKFTN,I,X221,D-Space Time Playground,209,18,43,10473
X222-DF0288,Activated,C,1,FALSE,TRUE,"Out in Open, Just Outside Playground",TRUE,X222,Gouverneur Playground,X222,,X-03,X,"100,039,052",DRINKFTN,I,X222,C-Gouverneur Playground,203,16,42,10456
X224-DF0358,Activated,D,1,FALSE,FALSE,Out in Open,TRUE,X224,MacLaughlin Playground,X224,,X-08,X,"100,039,260",DRINKFTN,I,X224,D-MacLaughlin Playground,208,11,50,10471
X224-DF0359,Activated,D,1,FALSE,FALSE,Under Tree,TRUE,X224,MacLaughlin Playground,X224,,X-08,X,"100,039,286",DRINKFTN,I,X224,D-MacLaughlin Playground,208,11,50,10471
X232-DF0254,Activated,C,1,FALSE,FALSE,Under Tree,TRUE,X232,Burns Playground,X232,,X-11,X,"100,038,779",DRINKFTN,I,X232,C-Burns Playground,211,13,49,10469
X233-DF0267,Activated,D,1,TRUE,FALSE,"Under Tree, In Playground",TRUE,X233,Fountain Of Youth Playground,X233,,X-01,X,"100,038,882",DRINKFTN,I,X233,D-Fountain Of Youth Playground,201,8,40,10455
X233-DF0268,Activated,D,1,TRUE,TRUE,"Out in Open, In Playground",TRUE,X233,Fountain Of Youth Playground,X233,,X-01,X,"100,038,805",DRINKFTN,I,X233,D-Fountain Of Youth Playground,201,8,40,10455
X235-DF0297,Activated,CS Metal,1,TRUE,FALSE,"Out in Open, In Playground",TRUE,X235,Grove Hill Playground,X235,,X-01,X,"100,039,002",DRINKFTN,I,X235,CS Metal-Grove Hill Playground,201,17,40,10456
X235-DF0298,Activated,CS Metal,1,FALSE,FALSE,"Out in Open, In Playground",TRUE,X235,Grove Hill Playground,X235,,X-01,X,"100,039,004",DRINKFTN,I,X235,CS Metal-Grove Hill Playground,201,17,40,10456
X235-DF0300,Activated,C,1,TRUE,FALSE,"Out in Open, In Playground",TRUE,X235,Grove Hill Playground,X235,,X-01,X,"100,039,051",DRINKFTN,I,X235,C-Grove Hill Playground,201,17,40,10456
X236-DF0566,Activated,Indoor Drinking Fountain,1,,FALSE,Indoor,FALSE,X236,Mapes Pool,X236,,X-06,X,"100,043,626",DRINKFTN,I,X236-BLG0835,Indoor Drinking Fountain-Mapes Pool,206,15,48,10460
X236-DF0567,Activated,Indoor Drinking Fountain,1,,FALSE,Indoor,FALSE,X236,Mapes Pool,X236,,X-06,X,"100,043,631",DRINKFTN,I,X236-BLG0835,Indoor Drinking Fountain-Mapes Pool,206,15,48,10460
X243-DF0293,Activated,Trough,1,FALSE,TRUE,"Out in Open, Just Outside Playground",TRUE,X243,Estella Diggs Park,X243,,X-03,X,"100,039,001",DRINKFTN,I,X243,Trough-Estella Diggs Park,203,16,42,10456
X243-DF0294,Activated,Trough,1,FALSE,FALSE,Out in Open,TRUE,X243,Estella Diggs Park,X243,,X-03,X,"100,039,054",DRINKFTN,I,X243,Trough-Estella Diggs Park,203,16,42,10456
X244-DF0047,Activated,F,1,FALSE,FALSE,"Out in Open, In Playground",TRUE,X244,Grand Playground,X244,,X-05,X,"100,037,779",DRINKFTN,I,X244,F-Grand Playground,205,14,46,10453
X244-DF0364,Activated,F High Low,2,FALSE,TRUE,"Out in Open, In Playground",TRUE,X244,Grand Playground,X244,,X-05,X,"100,039,235",DRINKFTN,I,X244,F High Low-Grand Playground,205,14,46,10453
X247-DF0261,Activated,F High Low,2,TRUE,TRUE,In Playground,TRUE,X247,Fox Playground,X247,,X-02,X,"100,038,856",DRINKFTN,I,X247,F High Low-Fox Playground,202,8,41,10455
X247-DF0262,Activated,F High Low,2,TRUE,TRUE,In Playground,TRUE,X247,Fox Playground,X247,,X-02,X,"100,038,834",DRINKFTN,I,X247,F High Low-Fox Playground,202,8,41,10455
X251-DF0036,Activated,A,1,FALSE,FALSE,"Under Tree, Near Ballfield",TRUE,X251,Co-op City Field,X251,,X-10,X,"100,037,776",DRINKFTN,I,X251,A-Co-op City Field,210,12,45,10475
X251-DF0441,Activated,A,1,FALSE,FALSE,Near Ballfield,TRUE,X251,Co-op City Field,X251,,X-10,X,"100,040,335",DRINKFTN,I,X251,A-Co-op City Field,210,12,45,10475
X251-DF0442,Activated,A,1,,TRUE,Near Ballfield,TRUE,X251,Co-op City Field,X251,,X-10,X,"100,040,353",DRINKFTN,I,X251,A-Co-op City Field,210,12,45,10475
X252-DF0277,Activated,C,1,FALSE,FALSE,"Just Outside Playground, Out in Open",TRUE,X252,Bathgate Playground,X252,,X-06,X,"100,038,918",DRINKFTN,I,X252,C-Bathgate Playground,206,15,48,10457
X252-DF0278,Activated,C,1,FALSE,TRUE,In Playground,TRUE,X252,Bathgate Playground,X252,,X-06,X,"100,038,942",DRINKFTN,I,X252,C-Bathgate Playground,206,15,48,10457
X253-DF0017,Activated,C,1,TRUE,FALSE,Under Tree,TRUE,X253,Ambrosini Field,X253,,X-15,X,"100,037,670",DRINKFTN,I,X253,C-Ambrosini Field,210,13,45,10464
X253-DF0018,Activated,A,1,TRUE,FALSE,Under Tree,TRUE,X253,Ambrosini Field,X253,,X-15,X,"100,037,614",DRINKFTN,I,X253,A-Ambrosini Field,210,13,45,10464
X253-DF0019,Activated,C,1,TRUE,FALSE,Near Ballfield,TRUE,X253,Ambrosini Field,X253,,X-15,X,"100,037,640",DRINKFTN,I,X253,C-Ambrosini Field,210,13,45,10464
X255-DF0203,Activated,CS Metal,1,FALSE,FALSE,In Shade,TRUE,X255,Bill Rainey Park,X255,,X-02,X,"100,038,325",DRINKFTN,I,X255,CS Metal-Bill Rainey Park,202,17,41,10459
X255-DF0204,Activated,D,1,FALSE,FALSE,Near Ballfield,TRUE,X255,Bill Rainey Park,X255,,X-02,X,"100,038,311",DRINKFTN,I,X255,D-Bill Rainey Park,202,17,41,10459
X255-DF0205,Activated,B,1,TRUE,FALSE,Near Ballfield,TRUE,X255,Bill Rainey Park,X255,,X-02,X,"100,038,318",DRINKFTN,I,X255,B-Bill Rainey Park,202,17,41,10459
X255-DF0206,Activated,D,1,FALSE,TRUE,Near Ballfield,TRUE,X255,Bill Rainey Park,X255,,X-02,X,"100,038,340",DRINKFTN,I,X255,D-Bill Rainey Park,202,17,41,10459
X255-DF0207,Activated,D,1,FALSE,TRUE,Near Ballfield,TRUE,X255,Bill Rainey Park,X255,,X-02,X,"100,038,321",DRINKFTN,I,X255,D-Bill Rainey Park,202,17,41,10459
X255-DF0461,Activated,B,1,TRUE,FALSE,Under Tree,TRUE,X255,Bill Rainey Park,X255,,X-02,X,"100,040,477",DRINKFTN,I,X255,B-Bill Rainey Park,202,17,41,10459
X255-DF0568,Activated,Indoor Drinking Fountain,1,,FALSE,Indoor,FALSE,X255,Bill Rainey Park,X255,,X-02,X,"100,043,542",DRINKFTN,I,X255-BLG0782,Indoor Drinking Fountain-Rainey Park-Comfort Station,202,17,41,10459
X257-DF0383,Activated,C,1,FALSE,FALSE,"Under Tree, In Playground",TRUE,X257,Mount Hope Playground,X257,,X-05,X,"100,039,478",DRINKFTN,I,X257,C-Mount Hope Playground,205,14,46,10453
X257-DF0384,Activated,C,1,FALSE,TRUE,Under Tree,TRUE,X257,Mount Hope Playground,X257,,X-05,X,"100,039,443",DRINKFTN,I,X257,C-Mount Hope Playground,205,14,46,10453
X258-DF0368,Activated,H,1,FALSE,FALSE,In Playground,TRUE,X258,Cleopatra Playground,X258,,X-05,X,"100,039,243",DRINKFTN,I,X258,H-Cleopatra Playground,205,15,46,10457
X258-DF0369,Activated,A,1,TRUE,TRUE,"Under Tree, In Playground",TRUE,X258,Cleopatra Playground,X258,,X-05,X,"100,039,268",DRINKFTN,I,X258,A-Cleopatra Playground,205,15,46,10457
X260-DF0310,Activated,C,1,FALSE,FALSE,In Playground,TRUE,X260,Julio Carballo Fields,X260,,X-02,X,"100,039,057",DRINKFTN,I,X260,C-Julio Carballo Fields,202,17,41,10474
X260-DF0312,Activated,C,1,FALSE,FALSE,Near Ballfield,TRUE,X260,Julio Carballo Fields,X260,,X-02,X,"100,039,065",DRINKFTN,I,X260,C-Julio Carballo Fields,202,17,41,10474
X260-DF0569,Activated,Bathroom Sink,1,,FALSE,Indoor,FALSE,X260,Julio Carballo Fields,X260,,X-02,X,"100,043,574",DRINKFTN,I,X260-BLG0775,Bathroom Sink-Julio Carballo Fields-Hunts Point Recreation Center,202,17,41,10474
X260-DF0570,Activated,Indoor Drinking Fountain,1,,FALSE,Indoor,FALSE,X260,Julio Carballo Fields,X260,,X-02,X,"100,043,556",DRINKFTN,I,X260-BLG0775,Indoor Drinking Fountain-Julio Carballo Fields-Hunts Point Recreation Center,202,17,41,10474
X260-DF0571,Activated,Indoor Drinking Fountain,1,,FALSE,Indoor,FALSE,X260,Julio Carballo Fields,X260,,X-02,X,"100,043,538",DRINKFTN,I,X260-BLG0775,Indoor Fountain-Julio Carballo Fields-Hunts Point Recreation Center,202,17,41,10474
X261-DF0395,Activated,D,1,FALSE,FALSE,Out in Open,TRUE,X261,West Bronx Recreation Center,X261,,X-04,X,"100,039,452",DRINKFTN,I,X261,D-West Bronx Recreation Center,204,16,44,10452
X261-DF0582,Activated,Indoor Drinking Fountain,1,,FALSE,Indoor,FALSE,X261,West Bronx Recreation Center,X261,,X-04,X,"100,042,479",DRINKFTN,I,X261-BLG0821,Indoor Drinking Fountain-West Bronx Recreation Center,204,16,44,10452
X262-DF0143,Activated,C,1,FALSE,FALSE,In Playground,TRUE,X262,Harding Park,X262,,X-09,X,"100,038,143",DRINKFTN,I,X262,C-Harding Park,209,18,43,10473
X262-DF0144,Activated,C,1,TRUE,FALSE,In Playground,TRUE,X262,Harding Park,X262,,X-09,X,"100,038,169",DRINKFTN,I,X262,C-Harding Park,209,18,43,10473
,Activated,Bottle Filler High Low,,,FALSE,,TRUE,,,,,Q-01,Q,,DRINKFTN,,,,,,,
X263-DF0275,UnderConstruction,D,1,FALSE,FALSE,"Near Ballfield, In Shade",TRUE,X263,Quarry Ballfields,X263,,X-06,X,"100,038,962",DRINKFTN,I,X263,D-Quarry Ballfields,206,15,48,10457
X263-DF0276,UnderConstruction,D,1,FALSE,FALSE,"Near Ballfield, Out in Open",TRUE,X263,Quarry Ballfields,X263,,X-06,X,"100,038,893",DRINKFTN,I,X263,D-Quarry Ballfields,206,15,48,10457
X265-DF0375,Activated,C,1,FALSE,FALSE,"Under Tree, In Playground",TRUE,X265,Galileo Playground,X265,,X-05,X,"100,039,383",DRINKFTN,I,X265,C-Galileo Playground,205,14,46,10453
X265-DF0376,Activated,C,1,FALSE,FALSE,"Under Tree, In Playground",TRUE,X265,Galileo Playground,X265,,X-05,X,"100,039,343",DRINKFTN,I,X265,C-Galileo Playground,205,14,46,10453
X266-DF0350,Activated,D,1,TRUE,TRUE,Out in Open,TRUE,X266,Vidalia Park,X266,,X-06,X,"100,039,110",DRINKFTN,I,X266,D-Vidalia Park,206,17,48,10460
X266-DF0351,Activated,D,1,FALSE,TRUE,"In Shade, Under Tree",TRUE,X266,Vidalia Park,X266,,X-06,X,"100,039,138",DRINKFTN,I,X266,D-Vidalia Park,206,17,48,10460
X266-DF0352,Activated,D,1,FALSE,TRUE,"Under Tree, In Playground",TRUE,X266,Vidalia Park,X266,,X-06,X,"100,039,162",DRINKFTN,I,X266,D-Vidalia Park,206,17,48,10460
X266-DF0467,Activated,D,1,,TRUE,,TRUE,X266,Vidalia Park,X266,,X-06,X,"100,040,498",DRINKFTN,I,X266,D-Vidalia Park,206,17,48,10460
X267-DF0311,Activated,E,1,TRUE,FALSE,Out in Open,TRUE,X267,Eae J Mitchell Park,X267,,X-03,X,"100,039,003",DRINKFTN,I,X267,E-Eae J Mitchell Park,203,17,42,10460
X271-DF0432,Activated,C,1,FALSE,TRUE,"Under Tree, In Shade",TRUE,X271,Grant Park,X271,,X-04,X,"100,039,690",DRINKFTN,I,X271,C-Grant Park,204,16,44,10456
X271-DF0433,Activated,C,1,FALSE,FALSE,"Under Tree, In Shade",TRUE,X271,Grant Park,X271,,X-04,X,"100,039,692",DRINKFTN,I,X271,C-Grant Park,204,16,44,10456
X272-DF0495,Activated,Bottle Filler High Low,3,,FALSE,,TRUE,X272,Ranaqua Playground,X272,,X-01,X,"100,043,564",DRINKFTN,I,X272,Bottle Filler High Low-Ranaqua Playground,201,8,40,10454
X273-DF0313,Activated,C,1,FALSE,FALSE,"Out in Open, Just Outside Playground",TRUE,X273,Rock Garden Park,X273,,X-03,X,"100,038,995",DRINKFTN,I,X273,C-Rock Garden Park,203,17,42,10460
X273-DF0314,Activated,C,1,FALSE,FALSE,"Out in Open, Just Outside Playground",TRUE,X273,Rock Garden Park,X273,,X-03,X,"100,039,068",DRINKFTN,I,X273,C-Rock Garden Park,203,17,42,10460
X280-DF0388,Activated,G,1,FALSE,TRUE,"Under Tree, Out in Open",TRUE,X280,Washington Park,X280,,X-06,X,"100,039,442",DRINKFTN,I,X280,G-Washington Park,206,15,48,10458
X281-DF0357,Activated,D,1,FALSE,FALSE,"Under Tree, In Playground",TRUE,X281,Stop & Go Playground,X281,,X-06,X,"100,039,109",DRINKFTN,I,X281,D-Stop & Go Playground,206,15,48,10457
X282-DF0317,Activated,Bottle Filler High Low,3,TRUE,FALSE,"In Playground, Out in Open",TRUE,X282,Seabury Playground,X282,,X-03,X,"100,039,047",DRINKFTN,I,X282,Bottle Filler High Low-Seabury Playground,203,17,42,10460
X283-DF0377,Activated,C,1,FALSE,FALSE,"In Playground, Under Tree",TRUE,X283,Beanstalk Playground,X283,,X-05,X,"100,039,474",DRINKFTN,I,X283,C-Beanstalk Playground,205,14,46,10453
X284-DF0346,Activated,C,1,FALSE,FALSE,In Playground,TRUE,X284,Printers Park,X284,,X-02,X,"100,039,099",DRINKFTN,I,X284,C-Printers Park,202,17,41,10459
X284-DF0347,Activated,C,1,FALSE,FALSE,In Playground,TRUE,X284,Printers Park,X284,,X-02,X,"100,039,168",DRINKFTN,I,X284,C-Printers Park,202,17,41,10459
X286-DF0289,Activated,C,1,FALSE,TRUE,Out in Open,TRUE,X286,Rev Lena Irons Unity Park,X286,,X-03,X,"100,039,076",DRINKFTN,I,X286,C-Rev Lena Irons Unity Park,203,16,42,10456
X287-DF0393,Activated,Bottle Filler High Low,3,FALSE,FALSE,"In Playground, In Shade",TRUE,X287,Ogden Plimpton Playground,X287,,X-04,X,"100,039,448",DRINKFTN,I,X287,Bottle Filler High Low-Ogden Plimpton Playground,204,16,44,10452
X292-DF0044,Activated,C,1,FALSE,FALSE,"Out in Open, In Playground",TRUE,X292,Morris Garden,X292,,X-05,X,"100,037,774",DRINKFTN,I,X292,C-Morris Garden,205,14,46,10453
X295-DF0373,Activated,C,1,FALSE,FALSE,"Under Tree, In Playground",TRUE,X295,Half-Nelson Playground,X295,,X-05,X,"100,039,387",DRINKFTN,I,X295,C-Half-Nelson Playground,205,14,46,10453
X295-DF0374,Activated,C,1,FALSE,TRUE,Under Tree,TRUE,X295,Half-Nelson Playground,X295,,X-05,X,"100,039,331",DRINKFTN,I,X295,C-Half-Nelson Playground,205,14,46,10453
X299-DF0496,Activated,Bottle Filler High Low,3,,FALSE,,TRUE,X299,Little Claremont Playground,X299,,X-03,X,"100,043,568",DRINKFTN,I,X299,Bottle Filler High Low-Little Claremont Playground,203,16,42,10457
X299-DF0497,Activated,Bottle Filler High Low,3,,FALSE,,TRUE,X299,Little Claremont Playground,X299,,X-03,X,"100,043,558",DRINKFTN,I,X299,Bottle Filler High Low-Little Claremont Playground,203,16,42,10457
X300-DF0048,Activated,C,1,FALSE,FALSE,"In Playground, Under Tree",TRUE,X300,Davidson Playground,X300,,X-05,X,"100,037,704",DRINKFTN,I,X300,C-Davidson Playground,205,14,46,10453
X302-DF0356,Activated,C,1,TRUE,FALSE,"Out in Open, In Playground",TRUE,X302,Thorpe Family Playground,X302,,X-06,X,"100,039,160",DRINKFTN,I,X302,C-Thorpe Family Playground,206,15,48,10458
X305-DF0331,Activated,A,1,FALSE,FALSE,Out in Open,TRUE,X305,Concrete Plant Park,X305,,X-02,X,"100,039,040",DRINKFTN,I,X305,A-Concrete Plant Park,202,17,41,10459
X305-DF0333,Activated,Bottle Filler High Low,3,FALSE,FALSE,Out in Open,TRUE,X305,Concrete Plant Park,X305,,X-02,X,"100,039,080",DRINKFTN,I,X305,Bottle Filler High Low-Concrete Plant Park,202,17,41,10459
X307-DF0315,Activated,C,1,FALSE,FALSE,In Shade,TRUE,X307,Barretto Point Park,X307,,X-02,X,"100,038,998",DRINKFTN,I,X307,C-Barretto Point Park,202,17,41,10474
X307-DF0316,Activated,Bottle Filler High Low,3,TRUE,FALSE,Just Outside Playground,TRUE,X307,Barretto Point Park,X307,,X-02,X,"100,039,026",DRINKFTN,I,X307,Bottle Filler High Low-Barretto Point Park,202,17,41,10474
X307-DF0575,Broken,Indoor Drinking Fountain,1,,TRUE,Indoor,FALSE,X307,Barretto Point Park,X307,,X-02,X,"100,043,589",DRINKFTN,I,X307-BLG0002,Indoor Drinking Fountain-Barretto Point Park-Floating Pool Barge,202,17,,
X307-DF0585,Broken,Food Prep Sink,1,,FALSE,Indoor,FALSE,X307,Barretto Point Park,X307,,X-02,X,"100,043,597",DRINKFTN,I,X307-BLG0002,Food Prep Sink-Barretto Point Park-Floating Pool Barge,202,17,,
X307-DF0586,NotYetActivated,Food Prep Sink,1,,FALSE,Indoor,TRUE,X307,Barretto Point Park,X307,,X-02,X,"100,043,553",DRINKFTN,I,X307,Food Prep Sink-Barretto Point Park,202,17,,
X334-DF0348,Activated,E High Low,2,FALSE,TRUE,"Out in Open, In Playground",TRUE,X334,Mohegan Triangle,X334,,X-06,X,"100,039,191",DRINKFTN,I,X334,E High Low-Mohegan Triangle,206,17,48,10460
X335-DF0185,Activated,J,1,FALSE,FALSE,Out in Open,TRUE,X335,Risse Street Park,X335,,X-07,X,"100,038,242",DRINKFTN,I,X335,J-Risse Street Park,207,11,52,10468
X336-DF0263,Activated,B,1,FALSE,FALSE,In Shade,TRUE,X336,Hunts Point Riverside Park,X336,,X-02,X,"100,038,886",DRINKFTN,I,X336,B-Hunts Point Riverside Park,202,17,41,10474
X336-DF0264,Activated,C,1,FALSE,FALSE,Out in Open,TRUE,X336,Hunts Point Riverside Park,X336,,X-02,X,"100,038,817",DRINKFTN,I,X336,C-Hunts Point Riverside Park,202,17,41,10474
X344-DF0421,Activated,Trough,1,FALSE,FALSE,"Under Tree, In Shade",TRUE,X344,Mill Pond Park,X344,,X-04,X,"100,039,710",DRINKFTN,I,X344,Trough-Mill Pond Park,204,8,44,10451
X344-DF0443,Activated,Trough,1,,FALSE,Out in Open,TRUE,X344,Mill Pond Park,X344,,X-04,X,"100,040,308",DRINKFTN,I,X344,Trough-Mill Pond Park,204,8,44,10451
X348-DF0398,Activated,D,1,FALSE,FALSE,Out in Open,TRUE,X348,River Avenue Parks,X348-02,River Avenue Parks,X-04,X,"100,039,479",DRINKFTN,I,X348-02,D-River Avenue Parks-River Avenue Parks,204,8,44,10451
X348-DF0399,Activated,D,1,FALSE,TRUE,"In Playground, Out in Open",TRUE,X348,River Avenue Parks,X348-01,River Avenue Parks,X-04,X,"100,039,395",DRINKFTN,I,X348-01,D-River Avenue Parks-River Avenue Parks,204,8,44,10451
X348-DF0400,Activated,D,1,FALSE,FALSE,"Out in Open, In Playground",TRUE,X348,River Avenue Parks,X348-01,River Avenue Parks,X-04,X,"100,039,499",DRINKFTN,I,X348-01,D-River Avenue Parks-River Avenue Parks,204,8,44,10451
X354-DF0307,Activated,D,1,TRUE,FALSE,Out in Open,TRUE,X354,P.S. 29 Ballfield,X354,,X-01,X,"100,039,028",DRINKFTN,I,X354,D-P.S. 29 Ballfield,201,17,40,10451
M005-DF0286,Activated,Pedestal Wall,1,FALSE,FALSE,Out in Open,TRUE,M005,The Battery,M005-ZN02,Battery Park Zone 2,M-01,M,"100,039,798",DRINKFTN,I,M005,Pedestal Wall-The Battery-Battery Park Zone 2,101,1,1,10004
X088-DF0444,NotYetActivated,Pedestal,1,TRUE,FALSE,Just Outside Playground,TRUE,XT01,,XT01,,X-09,X,"100,040,336",DRINKFTN,I,XT01,Pedestal-Shorehaven-Pugsley Creek Park,209,18,43,10473
B429-DF1145,Activated,Bottle Filler High Low,3,TRUE,FALSE,,TRUE,B429,Hope Ballfield,B429,,B-04,B,"100,043,554",DRINKFTN,I,B429,Bottle Filler High Low-Hope Ballfield,304,37,83,11237
B429-DF1155,Activated,Bottle Filler High Low,3,TRUE,FALSE,,TRUE,B429,Hope Ballfield,B429,,B-04,B,"100,043,577",DRINKFTN,I,B429,Bottle Filler High Low-Hope Ballfield,304,37,83,11237
M010-DF1113,Activated,E,1,FALSE,FALSE,"Under Tree, In Shade",TRUE,M010,Central Park,M010-ZN08,Central Park West,M-13,M,"100,043,566",DRINKFTN,I,M010-ZN08,E-Central Park-Central Park West,164,6,22,83
M010-DF1114,Activated,E and Dog,2,FALSE,FALSE,"Under Tree, In Shade",TRUE,M010,Central Park,M010-ZN08,Central Park West,M-13,M,"100,043,565",DRINKFTN,I,M010-ZN08,E and Dog-Central Park-Central Park West,164,6,22,83
M237-DF1115,Activated,CS Metal High Low,2,TRUE,FALSE,In Playground,TRUE,M237,Corporal John A. Seravalli Playground,M237,,M-02,M,"100,043,570",DRINKFTN,I,M237,CS Metal High Low-Corporal John A. Seravalli Playground,102,3,6,10014
Q220B-DF1030,Activated,F High Low,2,FALSE,FALSE,In Playground,TRUE,Q220B,Norelli-Hargreaves Playground,Q220B,,Q-12,Q,"100,043,551",DRINKFTN,I,Q220B,F High Low-Norelli-Hargreaves Playground,412,28,103,11435
B093-DF1147,Activated,F High Low,2,,FALSE,,TRUE,B093,Weeksville Playground,B093,,B-03,B,"100,043,576",DRINKFTN,I,B093,F High Low-Weeksville Playground,303,41,81,11233
B269-DF1148,Activated,CS Metal,1,,FALSE,,TRUE,B269,Jesse Owens Playground,B269,,B-03,B,"100,043,563",DRINKFTN,I,B269,CS Metal-Jesse Owens Playground,303,36,81,11221
B298-DF1149,Activated,CS Metal,1,,FALSE,Just Outside Playground,TRUE,B298,Stockton Playground,B298,,B-03,B,"100,043,777",DRINKFTN,I,B298,CS Metal-Stockton Playground,303,36,79,11206
Q218-DF1031,Activated,CS Metal High Low,1,FALSE,FALSE,"In Shade, Just Outside Playground",TRUE,Q218,Dutch Kills Playground,Q218,,Q-01,Q,"100,043,778",DRINKFTN,I,Q218,CS Concrete-Dutch Kills Playground,401,26,114,11106
B250-DF1150,Activated,Bottle Filler High Low,3,,FALSE,Out in Open,TRUE,B250,Nostrand Playground,B250,,B-17,B,"100,043,548",DRINKFTN,I,B250,Bottle Filler High Low-Nostrand Playground,317,45,67,11210
B106B-DF1151,Activated,E High Low,2,TRUE,FALSE,"Under Tree, In Shade, In Playground",TRUE,B106B,Lafayette Playground,B106B,,B-13,B,"100,043,562",DRINKFTN,I,B106B,E High Low-Lafayette Playground,313,47,60,11214
,Activated,Bottle Filler High Low,,,FALSE,,TRUE,,,,,Q-01,Q,,DRINKFTN,,,,,,,
B106B-DF1152,Activated,Bottle Filler High Low,3,TRUE,FALSE,"Under Tree, In Shade, In Playground",TRUE,B106B,Lafayette Playground,B106B,,B-13,B,"100,043,572",DRINKFTN,I,B106B,Bottle Filler High Low-Lafayette Playground,313,47,60,11214
Q226-DF1032,Activated,Bottle Filler High Low,3,FALSE,FALSE,In Playground,TRUE,Q226,Hallets Cove Playground,Q226-01,Hallets Cove Playground (area A),Q-01,Q,"100,043,540",DRINKFTN,I,Q226-01,Bottle Filler High Low-Hallets Cove Playground-Area A,401,22,114,11102
B324-DF1153,Activated,Bottle Filler High Low,3,FALSE,FALSE,"Out in Open, Just Outside Playground",TRUE,B324,Jacob Joffe Fields,B324,,B-18,B,"100,043,567",DRINKFTN,I,B324,Bottle Filler High Low-Jacob Joffe Fields,318,46,63,11234
B141-DF1154,Activated,Bottle Filler High Low,3,FALSE,FALSE,"Under Tree, In Playground",TRUE,B141,City Line Park,B141,,B-05,B,"100,043,546",DRINKFTN,I,B141,Bottle Filler High Low-City Line Park,305,37,75,11208
B118A-DF01156,Activated,Bottle Filler High Low,3,FALSE,FALSE,In Playground,TRUE,B118A,St. Mary's Park,B118A,,B-06,B,"100,043,575",DRINKFTN,I,B118A,Bottle Filler High Low-St. Mary's Park,306,39,76,11231
Q502-DF1033,Activated,Bottle Filler High Low,3,FALSE,FALSE,"Out in Open, Just Outside Playground",TRUE,Q502,Rory Staunton Field,Q502,,Q-03,Q,"100,043,569",DRINKFTN,I,Q502,Bottle Filler High Low-Rory Staunton Field,403,25,115,11372
B339-DF1157,Activated,CS Metal High Low,2,FALSE,FALSE,Out in Open,TRUE,B339,Newport Playground,B339,,B-16,B,"100,043,544",DRINKFTN,I,B339,CS Metal High Low-Newport Playground,316,42,73,11212
B339-DF1158,Activated,Bottle Filler High Low,2,FALSE,FALSE,Out in Open,TRUE,B339,Newport Playground,B339,,B-16,B,"100,043,571",DRINKFTN,I,B339,Bottle Filler High Low-Newport Playground,316,42,73,11212
B311-DF1000,Activated,CS Metal High Low,2,,FALSE,,TRUE,B311,Ten Eyck Playground,B311,,B-01,B,"100,043,042",DRINKFTN,I,B311,CS Metal High Low-Ten Eyck Playground,301,34,90,11206
X002-DF0591,Activated,F High Low and Dog,3,FALSE,FALSE,Near Dog Run,TRUE,X002,Bronx Park,X002-ZN01,Bronx Park Zone 1,X-06,X,"100,043,646",DRINKFTN,I,X002-ZN01,F High Low and Dog-Bronx Park-Bronx Park Zone 1,227,15,49,10462
X274-DF0592,Activated,F High Low,2,FALSE,FALSE,,TRUE,X274,Mount Hope Garden,X274,,X-05,X,"100,043,658",DRINKFTN,I,X274,F High Low-Mount Hope Garden,205,14,46,10453
X238-DF0594,Activated,Bottle Filler High Low,3,FALSE,FALSE,,TRUE,X238,Saw Mill Playground,X238,,X-01,X,"100,043,655",DRINKFTN,I,X238,Bottle Filler High Low-Saw Mill Playground,201,8,40,10454
B073-DF1159,Activated,Indoor Drinking Fountain,1,,FALSE,Indoor,FALSE,B073,Prospect Park,B073,,B-19,B,"100,043,657",DRINKFTN,I,B073-BLG1254,Indoor Drinking Fountain-Prospect Park-Boro Crews,355,39,78,11215
X291-DF0595,Activated,Bottle Filler High Low,3,FALSE,FALSE,,TRUE,X291,Walton Park,X291,,X-05,X,"100,043,649",DRINKFTN,I,X291,Bottle Filler High Low-Walton Park,205,14,46,10453
X353-DF0596,Activated,CS Metal High Low,2,TRUE,FALSE,,TRUE,X353,Yolanda García Park,X353,,X-01,X,"100,043,656",DRINKFTN,I,X353,CS Metal High Low-Yolanda Garcia Park,203,17,42,10451
X353-DF0597,UnderConstruction,F High Low,2,TRUE,FALSE,,TRUE,X353,Yolanda García Park,X353,,X-01,X,"100,043,647",DRINKFTN,I,X353,F High Low-Yolanda Garcia Park,203,17,42,10451
X238-DF0598,Activated,CS Metal High Low,2,FALSE,FALSE,,TRUE,X238,Saw Mill Playground,X238,,X-01,X,"100,043,653",DRINKFTN,I,X238,CS Metal High Low-Saw Mill Playground,201,8,40,10454
M065-DF1116,UnderConstruction,CS Metal High Low,2,FALSE,FALSE,,TRUE,M065,Luther Gulick Park,M065,,M-03,M,"100,043,660",DRINKFTN,I,M065,CS Metal High Low-Luther Gulick Park,103,1,7,10002
X148A2-DF0599,Activated,Bottle Filler High Low,3,FALSE,FALSE,,TRUE,X148A2,Plimpton Playground,X148A2,,X-04,X,"100,043,651",DRINKFTN,I,X148A2,Bottle Filler High Low-Plimpton Playground,204,16,44,10452
X148A2-DF0600,Activated,F High Low,2,FALSE,FALSE,,TRUE,X148A2,Plimpton Playground,X148A2,,X-04,X,"100,043,648",DRINKFTN,I,X148A2,F Filler High Low-Plimpton Playground,204,16,44,10452
X148A2-DF0601,Activated,F High Low,2,FALSE,FALSE,,TRUE,X148A2,Plimpton Playground,X148A2,,X-04,X,"100,043,654",DRINKFTN,I,X148A2,F Filler High Low-Plimpton Playground,204,16,44,10452
M029-DF1117,Activated,E High Low,2,FALSE,FALSE,"In Playground, Out in Open",TRUE,M029,Fort Tryon Park,M029-01,Jacob Javits Plgd,M-12,M,"100,043,652",DRINKFTN,I,M029-01,E High Low-Fort Tryon Park-Jacob Javits Plgd,112,10,34,10040
X106-DF0602,UnderConstruction,Bottle Filler High Low,3,,FALSE,,TRUE,X106,Garrison Playground,X106,,X-01,X,"100,043,659",DRINKFTN,I,X106,Bottle Filler High Low-Garrison Playground,201,17,40,10451
X271-DF0603,UnderConstruction,E High Low,2,FALSE,FALSE,,TRUE,X271,Grant Park,X271,,X-04,X,"100,043,650",DRINKFTN,I,X271,E High Low-Grant Park,204,16,44,10456
X039-DF0604,Activated,G,1,TRUE,FALSE,Under Tree,TRUE,X039,Pelham Bay Park,X039-ZN19,Orchard Beach South,X-15,X,"100,043,779",DRINKFTN,I,X039-ZN19,G-Pelham Bay Park-Orchard Beach South,228,13,45,10464
X039-DF0605,Activated,G,1,TRUE,FALSE,,TRUE,X039,Pelham Bay Park,X039-ZN19,Orchard Beach South,X-15,X,"100,043,780",DRINKFTN,I,X039-ZN19,G-Pelham Bay Park-Orchard Beach South,228,13,45,10464
,Activated,Bottle Filler,1,FALSE,,,TRUE,,,,,B-13,B,,DRINKFTN,,,,,,,
,Activated,Other,1,FALSE,,,TRUE,,,,,B-01,B,,DRINKFTN,,,,,,,
,Activated,Bottle Filler,,,,,TRUE,,,,,B-13,B,,DRINKFTN,,,,,,,
,Activated,F,1,FALSE,,,TRUE,,,,,B-06,B,,DRINKFTN,,,,,,,
,Activated,CS Metal High Low,1,FALSE,FALSE,,TRUE,,,,,Q-01,Q,,DRINKFTN,,,,,,,
X092-DF0606,UnderConstruction,,,,FALSE,In Playground,TRUE,X092,Van Cortlandt Park,X092-10,Van Cortlandt Tot Lot,X-13,X,,DRINKFTN,,,,226,11,50,10471
,Activated,Indoor Drinking Fountain,,,FALSE,,FALSE,,,,,,m,,DRINKFTN,,,,,,,
,Activated,Indoor Drinking Fountain,,,,,FALSE,,,,,,m,,DRINKFTN,,,,,,,